-- phpMyAdmin SQL Dump
-- version 5.2.1
-- https://www.phpmyadmin.net/
--
-- Host: 127.0.0.1
-- Generation Time: Sep 23, 2025 at 03:35 PM
-- Server version: 10.4.32-MariaDB
-- PHP Version: 8.0.30

SET SQL_MODE = "NO_AUTO_VALUE_ON_ZERO";
START TRANSACTION;
SET time_zone = "+00:00";


/*!40101 SET @OLD_CHARACTER_SET_CLIENT=@@CHARACTER_SET_CLIENT */;
/*!40101 SET @OLD_CHARACTER_SET_RESULTS=@@CHARACTER_SET_RESULTS */;
/*!40101 SET @OLD_COLLATION_CONNECTION=@@COLLATION_CONNECTION */;
/*!40101 SET NAMES utf8mb4 */;

--
-- Database: `inventory_system`
--

-- --------------------------------------------------------

--
-- Table structure for table `activity_log`
--

CREATE TABLE `activity_log` (
  `Log_ID` int(11) NOT NULL,
  `User_ID` int(11) DEFAULT NULL,
  `Activity_type` varchar(100) DEFAULT NULL,
  `Time` datetime DEFAULT NULL,
  `Terminal_ID` int(11) DEFAULT NULL
) ENGINE=InnoDB DEFAULT CHARSET=utf8mb4 COLLATE=utf8mb4_general_ci;

--
-- Dumping data for table `activity_log`
--

INSERT INTO `activity_log` (`Log_ID`, `User_ID`, `Activity_type`, `Time`, `Terminal_ID`) VALUES
(1, 3, 'LOGIN', '2025-09-05 11:46:41', NULL),
(2, 3, 'LOGIN', '2025-09-05 11:46:45', NULL),
(3, 3, 'LOGIN', '2025-09-05 11:47:13', NULL),
(4, 1, 'SESSION_TERMINATED', '2025-09-05 11:47:20', NULL),
(5, 1, 'SESSION_TERMINATED', '2025-09-05 11:47:35', NULL),
(6, 3, 'LOGOUT', '2025-09-05 11:51:42', NULL),
(7, 4, 'LOGIN', '2025-09-05 11:51:48', NULL),
(8, 4, 'LOGIN', '2025-09-05 11:51:52', NULL),
(9, 4, 'MANUAL_ADJUSTMENT_CREATED', '2025-09-05 11:52:29', NULL),
(10, 3, 'MANUAL_ADJUSTMENT_APPROVE', '2025-09-05 11:53:26', NULL),
(11, 1, 'SESSION_TERMINATED', '2025-09-05 11:54:00', NULL),
(12, 4, 'LOGIN', '2025-09-05 12:02:03', NULL),
(13, 4, 'LOGIN', '2025-09-05 12:02:35', NULL),
(14, 1, 'SESSION_TERMINATED', '2025-09-05 12:02:44', NULL),
(15, 4, 'LOGIN', '2025-09-05 12:03:01', NULL),
(16, 1, 'SESSION_TERMINATED', '2025-09-05 12:03:06', NULL),
(17, 1, 'SESSION_TERMINATED', '2025-09-05 12:03:12', NULL),
(18, 4, 'LOGIN', '2025-09-05 14:59:04', NULL),
(19, 1, 'SESSION_TERMINATED', '2025-09-05 14:59:17', NULL),
(20, 1, 'SESSION_TERMINATED', '2025-09-05 14:59:37', NULL),
(21, 4, 'LOGIN', '2025-09-05 15:03:39', NULL),
(22, 1, 'SESSION_TERMINATED', '2025-09-05 15:03:52', NULL),
(23, 4, 'LOGIN', '2025-09-05 15:43:14', NULL),
(24, 1, 'USER_CREATED', '2025-09-05 15:49:25', NULL),
(25, 8, 'LOGIN', '2025-09-05 15:49:47', NULL),
(26, 8, 'LOGIN', '2025-09-05 15:49:51', NULL),
(27, 1, 'USER_CREATED', '2025-09-05 15:56:27', NULL),
(28, 1, 'USER_DELETED', '2025-09-05 16:03:30', NULL),
(29, 1, 'USER_UPDATED', '2025-09-05 17:18:07', NULL),
(30, 6, 'LOGIN', '2025-09-05 17:18:18', NULL),
(31, 6, 'LOGIN', '2025-09-05 17:18:33', NULL),
(32, 1, 'USER_UPDATED', '2025-09-05 17:18:47', NULL),
(33, 6, 'LOGIN', '2025-09-05 17:18:57', NULL),
(34, 6, 'LOGIN', '2025-09-05 17:19:05', NULL),
(35, 6, 'LOGIN', '2025-09-05 17:21:24', NULL),
(36, 6, 'SALE_CREATED', '2025-09-05 17:21:54', 1),
(37, 3, 'LOGIN', '2025-09-05 17:43:58', NULL),
(38, 3, 'LOGIN', '2025-09-05 17:44:09', NULL),
(39, 1, 'LOGIN', '2025-09-06 18:16:52', NULL),
(40, 1, 'LOGOUT', '2025-09-06 18:40:51', NULL),
(41, 4, 'LOGIN', '2025-09-06 18:41:00', NULL),
(42, 4, 'LOGIN', '2025-09-06 18:41:15', NULL),
(43, 3, 'LOGIN', '2025-09-06 18:49:38', NULL),
(44, 1, 'LOGIN', '2025-09-06 18:51:06', NULL),
(45, 1, 'LOGIN', '2025-09-07 00:30:40', NULL),
(46, 4, 'LOGIN', '2025-09-07 00:31:54', NULL),
(47, 4, 'LOGIN', '2025-09-07 00:33:37', NULL),
(48, 4, 'LOGIN', '2025-09-07 00:34:59', NULL),
(49, 1, 'SESSION_TERMINATED', '2025-09-07 00:35:24', NULL),
(50, 1, 'LOGIN', '2025-09-07 00:39:04', NULL),
(51, 1, 'SALE_CREATED', '2025-09-07 00:40:09', 2),
(52, 1, 'SALE_CREATED', '2025-09-07 00:41:16', 2),
(53, 1, 'SALE_CREATED', '2025-09-07 00:44:01', 1),
(54, 1, 'SALE_CREATED', '2025-09-07 00:55:42', 2),
(55, 3, 'LOGIN', '2025-09-07 00:59:35', NULL),
(56, 3, 'LOGIN', '2025-09-07 00:59:39', NULL),
(57, 1, 'LOGIN', '2025-09-07 00:59:51', NULL),
(58, 1, 'LOGIN', '2025-09-07 01:06:48', NULL),
(59, 1, 'LOGIN', '2025-09-07 01:07:49', NULL),
(60, 1, 'SALE_CREATED', '2025-09-07 01:08:48', 2),
(61, 1, 'SALE_CREATED', '2025-09-07 01:52:21', 2),
(62, 1, 'LOGOUT', '2025-09-07 01:53:23', NULL),
(63, 4, 'LOGIN', '2025-09-07 01:53:36', NULL),
(64, 4, 'LOGIN', '2025-09-07 01:53:39', NULL),
(65, 1, 'SALE_CREATED', '2025-09-07 02:17:41', 2),
(66, 3, 'LOGIN', '2025-09-07 02:24:28', NULL),
(67, 3, 'LOGIN', '2025-09-07 02:24:32', NULL),
(68, 3, 'SALE_CREATED', '2025-09-07 02:24:53', 2),
(69, 4, 'LOGIN', '2025-09-07 02:27:36', NULL),
(70, 3, 'Stock In Approval', '2025-09-07 02:34:48', NULL),
(71, 3, 'Stock In Rejection', '2025-09-07 02:34:57', NULL),
(72, 4, 'Stock In Request', '2025-09-07 02:35:25', NULL),
(73, 3, 'Created Purchase Order', '2025-09-07 02:38:03', NULL),
(74, 1, 'LOGOUT', '2025-09-07 16:30:54', NULL),
(75, 3, 'LOGIN', '2025-09-07 16:31:10', NULL),
(76, 3, 'LOGIN', '2025-09-07 16:31:15', NULL),
(77, 1, 'LOGIN', '2025-09-07 17:27:37', NULL),
(78, 1, 'LOGIN', '2025-09-07 17:38:16', NULL),
(79, 1, 'SALE_CREATED', '2025-09-07 18:08:06', 2),
(80, 1, 'SALE_CREATED', '2025-09-07 18:15:58', 2),
(81, 1, 'SALE_CREATED', '2025-09-07 18:16:16', 1),
(82, 3, 'LOGOUT', '2025-09-07 18:21:53', NULL),
(83, 7, 'LOGIN', '2025-09-07 18:24:25', NULL),
(84, 7, 'LOGIN', '2025-09-07 18:24:32', NULL),
(85, 7, 'SALE_CREATED', '2025-09-07 18:24:44', 1),
(86, 7, 'LOGIN', '2025-09-07 18:26:35', NULL),
(87, 7, 'LOGIN', '2025-09-07 18:26:55', NULL),
(88, 7, 'LOGIN', '2025-09-07 18:27:08', NULL),
(89, 7, 'SALE_CREATED', '2025-09-07 18:30:44', 1),
(90, 1, 'Stock In Approval', '2025-09-07 18:32:07', NULL),
(91, 1, 'Created Purchase Order', '2025-09-07 18:33:10', NULL),
(92, 1, 'Created Purchase Order', '2025-09-07 18:34:36', NULL),
(93, 1, 'Created Purchase Order', '2025-09-07 18:59:37', NULL),
(94, 1, 'Created Purchase Order', '2025-09-07 19:08:05', NULL),
(95, 1, 'Created Purchase Order', '2025-09-07 20:35:57', NULL),
(96, 1, 'Created Purchase Order', '2025-09-07 20:45:11', NULL),
(97, 1, 'Created Purchase Order', '2025-09-07 20:55:22', NULL),
(98, 1, 'Created Purchase Order', '2025-09-07 20:59:06', NULL),
(99, 1, 'USER_UPDATED', '2025-09-07 21:10:19', NULL),
(100, 4, 'LOGIN', '2025-09-07 21:11:02', NULL),
(101, 1, 'USER_UPDATED', '2025-09-07 21:11:47', NULL),
(102, 4, 'LOGOUT', '2025-09-07 21:12:00', NULL),
(103, 4, 'LOGIN', '2025-09-07 21:12:11', NULL),
(104, 4, 'LOGIN', '2025-09-07 21:12:21', NULL),
(105, 4, 'LOGIN', '2025-09-07 21:29:01', NULL),
(106, 4, 'LOGIN', '2025-09-07 21:29:27', NULL),
(107, 4, 'LOGIN', '2025-09-07 21:30:00', NULL),
(108, 4, 'Stock In Request', '2025-09-07 21:44:43', NULL),
(109, 1, 'Stock In Approval', '2025-09-07 21:46:40', NULL),
(110, 4, 'LOGIN', '2025-09-07 21:58:30', NULL),
(111, 1, 'Stock In Approval', '2025-09-07 21:58:52', NULL),
(112, 1, 'Stock In Rejection', '2025-09-07 21:58:54', NULL),
(113, 1, 'Stock In Approval', '2025-09-07 21:59:16', NULL),
(114, 1, 'USER_UPDATED', '2025-09-07 22:06:16', NULL),
(115, 1, 'USER_UPDATED', '2025-09-07 22:07:18', NULL),
(116, 4, 'LOGIN', '2025-09-07 22:09:41', NULL),
(117, 1, 'USER_UPDATED', '2025-09-07 22:09:57', NULL),
(118, 1, 'USER_UPDATED', '2025-09-07 22:10:19', NULL),
(119, 1, 'USER_UPDATED', '2025-09-07 22:11:13', NULL),
(120, 4, 'LOGIN', '2025-09-07 22:11:36', NULL),
(121, 1, 'PASSWORD_RESET', '2025-09-07 22:12:37', NULL),
(122, 4, 'LOGIN', '2025-09-07 22:13:07', NULL),
(123, 1, 'SUPPLIER_CREATED', '2025-09-07 22:33:18', NULL),
(124, 1, 'SUPPLIER_CREATED', '2025-09-08 01:22:10', NULL),
(125, 1, 'LOGIN', '2025-09-08 01:25:11', NULL),
(126, 1, 'SUPPLIER_CREATED', '2025-09-08 01:26:22', NULL),
(127, 1, 'LOGIN', '2025-09-09 12:23:36', NULL),
(128, 7, 'LOGIN', '2025-09-09 12:25:12', NULL),
(129, 3, 'LOGIN', '2025-09-09 12:27:18', NULL),
(130, 1, 'SALE_CREATED', '2025-09-09 12:27:46', 2),
(131, 7, 'SALE_CREATED', '2025-09-09 12:28:03', 1),
(132, 3, 'SALE_CREATED', '2025-09-09 12:28:18', 3),
(133, 7, 'LOGOUT', '2025-09-09 12:29:09', NULL),
(134, 4, 'LOGIN', '2025-09-09 12:30:38', NULL),
(135, 4, 'LOGIN', '2025-09-09 12:30:47', NULL),
(136, 4, 'LOGIN', '2025-09-09 12:35:11', NULL),
(137, 4, 'LOGIN', '2025-09-09 12:35:23', NULL),
(138, 4, 'LOGIN', '2025-09-09 12:35:32', NULL),
(139, 4, 'LOGIN', '2025-09-09 12:36:38', NULL),
(140, 4, 'Stock In Request', '2025-09-09 12:51:14', NULL),
(141, 1, 'Stock In Approval', '2025-09-09 12:51:39', NULL),
(142, 3, 'LOGIN', '2025-09-09 14:43:09', NULL),
(143, 1, 'LOGIN', '2025-09-09 14:43:19', NULL),
(144, 6, 'LOGIN', '2025-09-09 14:43:58', NULL),
(145, 4, 'LOGIN', '2025-09-09 14:45:07', NULL),
(146, 3, 'LOGIN', '2025-09-09 14:46:42', NULL),
(147, 1, 'Adding Product', '2025-09-09 14:48:34', NULL),
(148, 1, 'MANUAL_ADJUSTMENT_CREATED', '2025-09-09 14:54:10', NULL),
(149, 4, 'LOGIN', '2025-09-09 14:54:36', NULL),
(150, 1, 'MANUAL_ADJUSTMENT_APPROVE', '2025-09-09 14:55:27', NULL),
(151, 1, 'Created Purchase Order', '2025-09-09 14:56:56', NULL),
(152, 4, 'Stock In Request', '2025-09-09 14:57:54', NULL),
(153, 3, 'Stock In Approval', '2025-09-09 14:58:23', NULL),
(154, 4, 'LOGIN', '2025-09-09 14:58:35', NULL),
(155, 4, 'LOGIN', '2025-09-09 14:59:16', NULL),
(156, 3, 'Stock In Approval', '2025-09-09 14:59:32', NULL),
(157, 6, 'LOGOUT', '2025-09-09 15:00:19', NULL),
(158, 6, 'LOGIN', '2025-09-09 15:01:42', NULL),
(159, 6, 'SALE_CREATED', '2025-09-09 15:01:57', 1),
(160, 6, 'SALE_CREATED', '2025-09-09 15:02:53', 1),
(161, 1, 'SESSION_TERMINATED', '2025-09-09 15:03:33', NULL),
(162, 1, 'USER_UPDATED', '2025-09-09 15:04:10', NULL),
(163, 1, 'USER_UPDATED', '2025-09-09 15:04:39', NULL),
(164, 6, 'LOGIN', '2025-09-09 15:04:45', NULL),
(165, 6, 'LOGOUT', '2025-09-09 15:04:47', NULL),
(166, 1, 'SALE_CREATED', '2025-09-09 15:06:04', 2),
(167, 1, 'SALE_CREATED', '2025-09-09 15:07:09', 3),
(168, 4, 'LOGIN', '2025-09-09 15:08:50', NULL),
(169, 1, 'LOGIN', '2025-09-09 15:09:51', NULL),
(170, 1, 'LOGIN', '2025-09-09 15:09:54', NULL),
(171, 3, 'LOGIN', '2025-09-09 16:18:09', NULL),
(172, 3, 'SALE_CREATED', '2025-09-09 16:18:24', 2),
(173, 4, 'LOGIN', '2025-09-09 16:24:23', NULL),
(174, 4, 'LOGIN', '2025-09-09 16:24:27', NULL),
(175, 1, 'SALE_CREATED', '2025-09-09 16:34:17', 3),
(176, 1, 'SALE_CREATED', '2025-09-09 16:35:10', 2),
(177, 1, 'SALE_CREATED', '2025-09-09 16:35:45', 3),
(178, 3, 'SALE_CREATED', '2025-09-09 16:36:32', 3),
(179, 4, 'LOGIN', '2025-09-09 16:37:15', NULL),
(180, 3, 'MANUAL_ADJUSTMENT_CREATED', '2025-09-09 16:44:53', NULL),
(181, 4, 'MANUAL_ADJUSTMENT_CREATED', '2025-09-09 16:45:21', NULL),
(182, 3, 'MANUAL_ADJUSTMENT_APPROVE', '2025-09-09 16:45:59', NULL),
(183, 3, 'MANUAL_ADJUSTMENT_REJECT', '2025-09-09 16:46:10', NULL),
(184, 4, 'MANUAL_ADJUSTMENT_CREATED', '2025-09-09 16:46:40', NULL),
(185, 3, 'MANUAL_ADJUSTMENT_REJECT', '2025-09-09 16:46:48', NULL),
(186, 4, 'LOGIN', '2025-09-09 16:48:31', NULL),
(187, 3, 'MANUAL_ADJUSTMENT_CREATED', '2025-09-09 16:48:52', NULL),
(188, 3, 'MANUAL_ADJUSTMENT_REJECT', '2025-09-09 16:49:15', NULL),
(189, 6, 'LOGIN', '2025-09-09 16:50:10', NULL),
(190, 6, 'LOGIN', '2025-09-09 16:50:14', NULL),
(191, 6, 'LOGOUT', '2025-09-09 16:54:51', NULL),
(192, 3, 'LOGOUT', '2025-09-09 16:57:29', NULL),
(193, 3, 'LOGIN', '2025-09-09 16:57:34', NULL),
(194, 3, 'LOGOUT', '2025-09-09 16:57:38', NULL),
(195, 3, 'LOGIN', '2025-09-09 16:57:49', NULL),
(196, 3, 'LOGOUT', '2025-09-09 16:57:52', NULL),
(197, 3, 'LOGIN', '2025-09-09 16:58:09', NULL),
(198, 1, 'Stock In Approval', '2025-09-09 17:05:25', NULL),
(199, 1, 'TERMINAL_STATUS_UPDATED', '2025-09-09 17:10:11', 3),
(200, 3, 'LOGOUT', '2025-09-09 17:10:17', NULL),
(201, 1, 'TERMINAL_STATUS_UPDATED', '2025-09-09 17:10:46', 3),
(202, 4, 'LOGIN', '2025-09-09 17:52:51', NULL),
(203, 4, 'LOGIN', '2025-09-09 17:52:55', NULL),
(204, 4, 'MANUAL_ADJUSTMENT_CREATED', '2025-09-09 17:53:10', NULL),
(205, 1, 'MANUAL_ADJUSTMENT_APPROVE', '2025-09-09 17:53:20', NULL),
(206, 1, 'LOGIN', '2025-09-09 17:58:15', NULL),
(207, 3, 'LOGIN', '2025-09-09 17:58:51', NULL),
(208, 3, 'LOGIN', '2025-09-09 17:58:55', NULL),
(209, 4, 'LOGIN', '2025-09-09 18:04:06', NULL),
(210, 4, 'LOGIN', '2025-09-09 18:04:11', NULL),
(211, 4, 'LOGIN', '2025-09-09 18:04:19', NULL),
(212, 4, 'LOGIN', '2025-09-09 18:04:26', NULL),
(213, 4, 'MANUAL_ADJUSTMENT_CREATED', '2025-09-09 18:04:40', NULL),
(214, 1, 'MANUAL_ADJUSTMENT_APPROVE', '2025-09-09 18:04:53', NULL),
(215, 4, 'MANUAL_ADJUSTMENT_CREATED', '2025-09-09 18:10:48', NULL),
(216, 4, 'MANUAL_ADJUSTMENT_CREATED', '2025-09-09 18:11:10', NULL),
(217, 4, 'MANUAL_ADJUSTMENT_CREATED', '2025-09-09 18:12:21', NULL),
(218, 1, 'MANUAL_ADJUSTMENT_REJECT', '2025-09-09 18:13:46', NULL),
(219, 1, 'MANUAL_ADJUSTMENT_APPROVE', '2025-09-09 18:13:56', NULL),
(220, 1, 'MANUAL_ADJUSTMENT_REJECT', '2025-09-09 18:14:50', NULL),
(221, 4, 'MANUAL_ADJUSTMENT_CREATED', '2025-09-09 18:19:01', NULL),
(222, 4, 'LOGIN', '2025-09-09 19:57:43', NULL),
(223, 3, 'LOGIN', '2025-09-09 19:59:23', NULL),
(224, 3, 'LOGIN', '2025-09-09 19:59:26', NULL),
(225, 3, 'SALE_CREATED', '2025-09-09 20:00:05', 3),
(226, 3, 'Created Purchase Order', '2025-09-09 20:02:07', NULL),
(227, 4, 'LOGIN', '2025-09-09 20:02:25', NULL),
(228, 4, 'LOGIN', '2025-09-09 20:02:30', NULL),
(229, 4, 'Stock In Request', '2025-09-09 20:02:39', NULL),
(230, 1, 'Stock In Approval', '2025-09-09 20:02:54', NULL),
(231, 3, 'LOGIN', '2025-09-09 20:14:41', NULL),
(232, 4, 'LOGIN', '2025-09-09 20:15:39', NULL),
(233, 1, 'LOGIN', '2025-09-09 20:15:48', NULL),
(234, 3, 'LOGIN', '2025-09-09 20:18:39', NULL),
(235, 3, 'MANUAL_ADJUSTMENT_APPROVE', '2025-09-09 20:19:09', NULL),
(236, 4, 'LOGIN', '2025-09-09 20:19:21', NULL),
(237, 4, 'LOGIN', '2025-09-09 20:20:02', NULL),
(238, 3, 'SALE_CREATED', '2025-09-09 20:21:37', 3),
(239, 1, 'SESSION_TERMINATED', '2025-09-09 20:26:36', NULL),
(240, 4, 'LOGIN', '2025-09-09 20:26:49', NULL),
(241, 1, 'SESSION_TERMINATED', '2025-09-09 20:26:55', NULL),
(242, 1, 'SESSION_TERMINATED', '2025-09-09 20:26:59', NULL),
(243, 1, 'SESSION_TERMINATED', '2025-09-09 20:27:02', NULL),
(244, 4, 'LOGIN', '2025-09-09 20:27:09', NULL),
(245, 1, 'SESSION_TERMINATED', '2025-09-09 20:27:15', NULL),
(246, 4, 'LOGIN', '2025-09-09 20:27:21', NULL),
(247, 1, 'TERMINAL_STATUS_UPDATED', '2025-09-09 20:28:16', 3),
(248, 3, 'LOGOUT', '2025-09-09 20:28:23', NULL),
(249, 3, 'LOGIN', '2025-09-09 20:28:24', NULL),
(250, 1, 'TERMINAL_STATUS_UPDATED', '2025-09-09 20:28:37', 3),
(251, 1, 'LOGIN', '2025-09-10 13:35:01', NULL),
(252, 3, 'LOGIN', '2025-09-10 13:35:10', NULL),
(253, 4, 'LOGIN', '2025-09-10 13:35:34', NULL),
(254, 3, 'SALE_CREATED', '2025-09-10 13:36:52', 2),
(255, 3, 'LOGIN', '2025-09-10 13:38:21', NULL),
(256, 4, 'LOGIN', '2025-09-10 13:38:28', NULL),
(257, 3, 'LOGOUT', '2025-09-10 14:26:26', NULL),
(258, 4, 'LOGIN', '2025-09-10 17:17:17', NULL),
(259, 3, 'LOGIN', '2025-09-10 17:17:20', NULL),
(260, 1, 'LOGIN', '2025-09-10 17:17:27', NULL),
(261, 1, 'LOGIN', '2025-09-10 17:21:56', NULL),
(262, 1, 'Created Purchase Order', '2025-09-10 17:25:06', NULL),
(263, 1, 'SALE_CREATED', '2025-09-10 17:28:50', 1),
(264, 1, 'TERMINAL_STATUS_UPDATED', '2025-09-10 17:31:25', 2),
(265, 3, 'LOGOUT', '2025-09-10 17:31:26', NULL),
(266, 3, 'LOGIN', '2025-09-10 17:31:32', NULL),
(267, 1, 'Created Purchase Order', '2025-09-10 17:45:33', NULL),
(268, 4, 'LOGIN', '2025-09-10 17:50:26', NULL),
(269, 1, 'LOGOUT', '2025-09-10 17:50:55', NULL),
(270, 6, 'LOGIN', '2025-09-10 17:51:29', NULL),
(271, 1, 'LOGIN', '2025-09-10 17:51:43', NULL),
(272, 1, 'LOGOUT', '2025-09-10 17:52:24', NULL),
(273, 1, 'LOGIN', '2025-09-10 17:52:35', NULL),
(274, 1, 'LOGOUT', '2025-09-10 17:52:41', NULL),
(275, 1, 'LOGIN', '2025-09-10 17:52:55', NULL),
(276, 1, 'TERMINAL_STATUS_UPDATED', '2025-09-10 17:53:14', 2),
(277, 4, 'MANUAL_ADJUSTMENT_CREATED', '2025-09-10 18:03:29', NULL),
(278, 3, 'MANUAL_ADJUSTMENT_APPROVE', '2025-09-10 18:03:57', NULL),
(279, 1, 'Adding Product', '2025-09-10 18:23:52', NULL),
(280, 1, 'Created Purchase Order', '2025-09-10 18:29:02', NULL),
(281, 4, 'Stock In Request', '2025-09-10 18:31:21', NULL),
(282, 1, 'Stock In Approval', '2025-09-10 18:32:07', NULL),
(283, 6, 'SALE_CREATED', '2025-09-10 18:34:04', 1),
(284, 4, 'MANUAL_ADJUSTMENT_CREATED', '2025-09-10 18:37:23', NULL),
(285, 1, 'MANUAL_ADJUSTMENT_APPROVE', '2025-09-10 18:37:39', NULL),
(286, 6, 'LOGIN', '2025-09-11 21:46:01', NULL),
(287, 6, 'SALE_CREATED', '2025-09-11 22:03:16', 1),
(288, 3, 'LOGIN', '2025-09-11 22:14:23', NULL),
(289, 7, 'LOGIN', '2025-09-11 22:15:11', NULL),
(290, 7, 'SALE_CREATED', '2025-09-11 22:15:32', 1),
(291, 7, 'SALE_CREATED', '2025-09-11 23:27:42', 1),
(292, 7, 'CUSTOMER_RETURN_CREATED', '2025-09-11 23:42:32', NULL),
(293, 3, 'CUSTOMER_RETURN_APPROVED', '2025-09-11 23:50:33', NULL),
(294, 1, 'LOGIN', '2025-09-12 00:12:37', NULL),
(295, 1, 'LOGIN', '2025-09-12 00:12:41', NULL),
(296, 7, 'CUSTOMER_RETURN_CREATED', '2025-09-12 00:14:52', NULL),
(297, 1, 'LOGOUT', '2025-09-12 00:15:01', NULL),
(298, 3, 'LOGIN', '2025-09-12 00:15:06', NULL),
(299, 3, 'LOGIN', '2025-09-12 00:15:10', NULL),
(300, 3, 'CUSTOMER_RETURN_APPROVED', '2025-09-12 00:29:22', NULL),
(301, 7, 'CUSTOMER_RETURN_CREATED', '2025-09-12 00:49:34', NULL),
(302, 3, 'CUSTOMER_RETURN_APPROVED', '2025-09-12 00:59:19', NULL),
(303, 7, 'CUSTOMER_RETURN_CREATED', '2025-09-12 01:01:12', NULL),
(304, 1, 'LOGIN', '2025-09-12 01:04:36', NULL),
(305, 3, 'CUSTOMER_RETURN_APPROVED', '2025-09-12 01:09:20', NULL),
(306, 7, 'LOGIN', '2025-09-12 01:53:18', NULL),
(307, 7, 'CUSTOMER_RETURN_CREATED', '2025-09-12 02:00:35', NULL),
(308, 3, 'CUSTOMER_RETURN_REJECTED', '2025-09-12 02:01:13', NULL),
(309, 7, 'LOGOUT', '2025-09-12 02:02:35', NULL),
(310, 6, 'LOGIN', '2025-09-12 02:02:43', NULL),
(311, 6, 'SALE_CREATED', '2025-09-12 02:02:57', 1),
(312, 6, 'LOGOUT', '2025-09-12 02:03:24', NULL),
(313, 8, 'LOGIN', '2025-09-12 02:03:30', NULL),
(314, 8, 'SALE_CREATED', '2025-09-12 02:03:53', 1),
(315, 8, 'CUSTOMER_RETURN_CREATED', '2025-09-12 02:04:42', NULL),
(316, 1, 'LOGIN', '2025-09-12 02:05:39', NULL),
(317, 3, 'CUSTOMER_RETURN_APPROVED', '2025-09-12 02:06:22', NULL),
(318, 3, 'LOGIN', '2025-09-12 02:21:49', NULL),
(319, 8, 'LOGIN', '2025-09-12 02:39:50', NULL),
(320, 8, 'CUSTOMER_RETURN_CREATED', '2025-09-12 02:50:06', NULL),
(321, 3, 'CUSTOMER_RETURN_APPROVED', '2025-09-12 02:52:32', NULL),
(322, 8, 'CUSTOMER_RETURN_CREATED', '2025-09-12 03:17:01', NULL),
(323, 8, 'CUSTOMER_RETURN_CREATED', '2025-09-12 03:20:26', NULL),
(324, 8, 'CUSTOMER_RETURN_CREATED', '2025-09-12 03:28:35', NULL),
(325, 8, 'LOGIN', '2025-09-12 03:29:05', NULL),
(326, 3, 'CUSTOMER_RETURN_APPROVED', '2025-09-12 03:29:19', NULL),
(327, 8, 'SALE_CREATED', '2025-09-12 03:32:16', 1),
(328, 8, 'SALE_CREATED', '2025-09-12 03:41:11', 1),
(329, 8, 'CUSTOMER_RETURN_CREATED', '2025-09-12 03:42:44', NULL),
(330, 3, 'CUSTOMER_RETURN_APPROVED', '2025-09-12 03:43:28', NULL),
(331, 8, 'SALE_CREATED', '2025-09-12 03:44:49', 1),
(332, 8, 'LOGIN', '2025-09-12 03:49:21', NULL),
(333, 8, 'SALE_CREATED', '2025-09-12 04:00:47', 1),
(334, 8, 'CUSTOMER_RETURN_CREATED', '2025-09-12 04:01:32', NULL),
(335, 3, 'CUSTOMER_RETURN_APPROVED', '2025-09-12 04:02:16', NULL),
(336, 8, 'SALE_CREATED', '2025-09-12 04:03:29', 1),
(337, 8, 'CUSTOMER_RETURN_CREATED', '2025-09-12 04:03:52', NULL),
(338, 3, 'CUSTOMER_RETURN_APPROVED', '2025-09-12 04:04:11', NULL),
(339, 8, 'SALE_CREATED', '2025-09-12 04:05:21', 1),
(340, 8, 'CUSTOMER_RETURN_CREATED', '2025-09-12 04:05:59', NULL),
(341, 3, 'CUSTOMER_RETURN_APPROVED', '2025-09-12 04:06:18', NULL),
(342, 8, 'LOGIN', '2025-09-12 04:32:09', NULL),
(343, 8, 'LOGOUT', '2025-09-12 04:34:28', NULL),
(344, 6, 'LOGIN', '2025-09-12 04:34:35', NULL),
(345, 6, 'CUSTOMER_RETURN_CREATED', '2025-09-12 04:35:32', NULL),
(346, 3, 'CUSTOMER_RETURN_APPROVED', '2025-09-12 04:35:53', NULL),
(347, 3, 'LOGIN', '2025-09-12 15:59:36', NULL),
(348, 6, 'LOGIN', '2025-09-12 16:40:48', NULL),
(349, 6, 'SALE_CREATED', '2025-09-12 16:42:18', 1),
(350, 6, 'SALE_CREATED', '2025-09-12 16:43:10', 1),
(351, 6, 'CUSTOMER_RETURN_CREATED', '2025-09-12 16:43:40', NULL),
(352, 3, 'LOGIN', '2025-09-12 16:44:03', NULL),
(353, 3, 'CUSTOMER_RETURN_APPROVED', '2025-09-12 16:48:05', NULL),
(354, 6, 'LOGIN', '2025-09-12 17:17:09', NULL),
(355, 3, 'LOGIN', '2025-09-12 17:18:02', NULL),
(356, 6, 'SALE_CREATED', '2025-09-12 17:46:42', 1),
(357, 6, 'CUSTOMER_RETURN_CREATED', '2025-09-12 17:47:26', NULL),
(358, 3, 'CUSTOMER_RETURN_APPROVED', '2025-09-12 17:50:55', NULL),
(359, 6, 'SALE_CREATED', '2025-09-12 17:55:44', 1),
(360, 6, 'CUSTOMER_RETURN_CREATED', '2025-09-12 17:57:10', NULL),
(361, 6, 'SALE_CREATED', '2025-09-12 18:11:32', 1),
(362, 6, 'CUSTOMER_RETURN_CREATED', '2025-09-12 18:12:07', NULL),
(363, 6, 'LOGIN', '2025-09-12 18:12:59', NULL),
(364, 6, 'SALE_CREATED', '2025-09-12 18:13:34', 1),
(365, 6, 'CUSTOMER_RETURN_CREATED', '2025-09-12 18:14:28', NULL),
(366, 3, 'CUSTOMER_RETURN_APPROVED', '2025-09-12 18:14:55', NULL),
(367, 6, 'SALE_CREATED', '2025-09-12 18:22:56', 1),
(368, 6, 'CUSTOMER_RETURN_CREATED', '2025-09-12 18:23:50', NULL),
(369, 3, 'CUSTOMER_RETURN_APPROVED', '2025-09-12 18:27:07', NULL),
(370, 6, 'CUSTOMER_RETURN_CREATED', '2025-09-12 18:28:54', NULL),
(371, 3, 'CUSTOMER_RETURN_APPROVED', '2025-09-12 18:29:36', NULL),
(372, 6, 'SALE_CREATED', '2025-09-12 18:38:10', 1),
(373, 6, 'CUSTOMER_RETURN_CREATED', '2025-09-12 18:38:31', NULL),
(374, 3, 'CUSTOMER_RETURN_APPROVED', '2025-09-12 18:38:45', NULL),
(375, 1, 'LOGIN', '2025-09-12 18:45:07', NULL),
(376, 3, 'CUSTOMER_RETURN_APPROVED', '2025-09-12 18:46:40', NULL),
(377, 3, 'LOGIN', '2025-09-12 18:47:25', NULL),
(378, 6, 'SALE_CREATED', '2025-09-12 18:51:57', 1),
(379, 6, 'CUSTOMER_RETURN_CREATED', '2025-09-12 18:52:37', NULL),
(380, 3, 'CUSTOMER_RETURN_APPROVED', '2025-09-12 18:53:14', NULL),
(381, 6, 'LOGIN', '2025-09-12 19:22:39', NULL),
(382, 6, 'SALE_CREATED', '2025-09-12 19:23:25', 1),
(383, 6, 'CUSTOMER_RETURN_CREATED', '2025-09-12 19:24:10', NULL),
(384, 6, 'SALE_CREATED', '2025-09-12 19:27:08', 1),
(385, 6, 'CUSTOMER_RETURN_CREATED', '2025-09-12 19:27:51', NULL),
(386, 3, 'CUSTOMER_RETURN_APPROVED', '2025-09-12 19:43:13', NULL),
(387, 4, 'LOGIN', '2025-09-12 20:36:14', NULL),
(388, 3, 'MANUAL_ADJUSTMENT_CREATED', '2025-09-12 20:38:04', NULL),
(389, 3, 'MANUAL_ADJUSTMENT_REJECT', '2025-09-12 20:38:21', NULL),
(390, 4, 'MANUAL_ADJUSTMENT_CREATED', '2025-09-12 20:38:39', NULL),
(391, 3, 'MANUAL_ADJUSTMENT_APPROVE', '2025-09-12 20:38:47', NULL),
(392, 4, 'MANUAL_ADJUSTMENT_CREATED', '2025-09-12 20:47:07', NULL),
(393, 3, 'MANUAL_ADJUSTMENT_APPROVE', '2025-09-12 20:47:15', NULL),
(394, 4, 'MANUAL_ADJUSTMENT_CREATED', '2025-09-12 20:55:38', NULL),
(395, 3, 'MANUAL_ADJUSTMENT_APPROVE', '2025-09-12 20:56:13', NULL),
(396, 6, 'SALE_CREATED', '2025-09-12 20:57:38', 1),
(397, 6, 'SALE_CREATED', '2025-09-12 21:11:42', 1),
(398, 6, 'CUSTOMER_RETURN_CREATED', '2025-09-12 21:12:19', NULL),
(399, 3, 'CUSTOMER_RETURN_APPROVED', '2025-09-12 21:13:05', NULL),
(400, 6, 'SALE_CREATED', '2025-09-12 21:26:14', 1),
(401, 6, 'LOGIN', '2025-09-12 21:27:29', NULL),
(402, 6, 'SALE_CREATED', '2025-09-12 21:36:51', 1),
(403, 6, 'SALE_CREATED', '2025-09-12 21:42:00', 1),
(404, 6, 'SALE_CREATED', '2025-09-12 21:47:27', 1),
(405, 3, 'CUSTOMER_RETURN_APPROVED', '2025-09-12 22:55:39', NULL),
(406, 6, 'SALE_CREATED', '2025-09-12 23:27:57', 1),
(407, 6, 'LOGOUT', '2025-09-12 23:42:48', NULL),
(408, 7, 'LOGIN', '2025-09-12 23:42:53', NULL),
(409, 7, 'SALE_CREATED', '2025-09-12 23:43:36', 1),
(410, 3, 'CUSTOMER_RETURN_APPROVED', '2025-09-12 23:50:28', NULL),
(411, 7, 'SALE_CREATED', '2025-09-12 23:51:06', 1),
(412, 3, 'CUSTOMER_RETURN_APPROVED', '2025-09-12 23:52:30', NULL),
(413, 7, 'SALE_CREATED', '2025-09-12 23:55:24', 1),
(414, 7, 'CUSTOMER_RETURN_CREATED', '2025-09-12 23:55:38', NULL),
(415, 3, 'CUSTOMER_RETURN_APPROVED', '2025-09-12 23:57:50', NULL),
(416, 3, 'LOGIN', '2025-09-13 00:20:27', NULL),
(417, 6, 'SALE_CREATED', '2025-09-13 00:23:33', 1),
(418, 7, 'LOGIN', '2025-09-13 00:24:39', NULL),
(419, 7, 'LOGIN', '2025-09-13 00:24:41', NULL),
(420, 7, 'SALE_CREATED', '2025-09-13 00:25:19', 1),
(421, 7, 'CUSTOMER_RETURN_CREATED', '2025-09-13 00:25:35', NULL),
(422, 3, 'CUSTOMER_RETURN_APPROVED', '2025-09-13 00:26:01', NULL),
(423, 7, 'SALE_CREATED', '2025-09-13 00:37:13', 1),
(424, 3, 'CUSTOMER_RETURN_APPROVED', '2025-09-13 00:44:55', NULL),
(425, 7, 'SALE_CREATED', '2025-09-13 00:45:44', 1),
(426, 3, 'CUSTOMER_RETURN_APPROVED', '2025-09-13 00:49:20', NULL),
(427, 7, 'SALE_CREATED', '2025-09-13 00:51:08', 1),
(428, 7, 'SALE_CREATED', '2025-09-13 00:58:57', 1),
(429, 7, 'SALE_CREATED', '2025-09-13 01:00:49', 1),
(430, 3, 'CUSTOMER_RETURN_APPROVED', '2025-09-13 01:02:30', NULL),
(431, 3, 'CUSTOMER_RETURN_APPROVED', '2025-09-13 01:04:18', NULL),
(432, 7, 'SALE_CREATED', '2025-09-13 01:05:30', 1),
(433, 3, 'CUSTOMER_RETURN_APPROVED', '2025-09-13 01:06:57', NULL),
(434, 7, 'SALE_CREATED', '2025-09-13 01:15:24', 1),
(435, 3, 'CUSTOMER_RETURN_APPROVED', '2025-09-13 01:17:31', NULL),
(436, 7, 'SALE_CREATED', '2025-09-13 01:24:23', 1),
(437, 3, 'CUSTOMER_RETURN_APPROVED', '2025-09-13 01:25:01', NULL),
(438, 7, 'SALE_CREATED', '2025-09-13 01:33:02', 1),
(439, 7, 'CUSTOMER_RETURN_CREATED', '2025-09-13 01:33:16', NULL),
(440, 3, 'CUSTOMER_RETURN_APPROVED', '2025-09-13 01:33:30', NULL),
(441, 7, 'SALE_CREATED', '2025-09-13 01:39:55', 1),
(442, 7, 'CUSTOMER_RETURN_CREATED', '2025-09-13 01:40:09', NULL),
(443, 3, 'CUSTOMER_RETURN_APPROVED', '2025-09-13 01:40:28', NULL),
(444, 7, 'SALE_CREATED', '2025-09-13 01:50:35', 1),
(445, 7, 'CUSTOMER_RETURN_CREATED', '2025-09-13 01:51:02', NULL),
(446, 3, 'CUSTOMER_RETURN_APPROVED', '2025-09-13 01:51:16', NULL),
(447, 7, 'SALE_CREATED', '2025-09-13 01:52:20', 1),
(448, 3, 'CUSTOMER_RETURN_APPROVED', '2025-09-13 01:53:07', NULL),
(449, 7, 'SALE_CREATED', '2025-09-13 02:09:32', 1),
(450, 7, 'CUSTOMER_RETURN_CREATED', '2025-09-13 02:09:47', NULL),
(451, 3, 'CUSTOMER_RETURN_APPROVED', '2025-09-13 02:10:00', NULL),
(452, 7, 'SALE_CREATED', '2025-09-13 02:15:28', 1),
(453, 7, 'CUSTOMER_RETURN_CREATED', '2025-09-13 02:15:46', NULL),
(454, 3, 'CUSTOMER_RETURN_APPROVED', '2025-09-13 02:16:01', NULL),
(455, 1, 'Adding Product', '2025-09-13 02:44:40', NULL),
(456, 1, 'MANUAL_ADJUSTMENT_CREATED', '2025-09-13 02:45:40', NULL),
(457, 1, 'MANUAL_ADJUSTMENT_APPROVE', '2025-09-13 02:45:43', NULL),
(458, 1, 'Adding Product', '2025-09-13 02:50:34', NULL),
(459, 1, 'LOGIN', '2025-09-13 03:05:37', NULL),
(460, 1, 'LOGIN', '2025-09-13 03:06:34', NULL),
(461, 1, 'MANUAL_ADJUSTMENT_CREATED', '2025-09-13 03:25:13', NULL),
(462, 1, 'MANUAL_ADJUSTMENT_APPROVE', '2025-09-13 03:25:24', NULL),
(463, 1, 'LOGIN', '2025-09-13 03:32:59', NULL),
(464, 1, 'Auto Purchase Order Created', '2025-09-13 03:55:09', NULL),
(465, 4, 'LOGIN', '2025-09-13 03:57:16', NULL),
(466, 4, 'LOGIN', '2025-09-13 03:57:22', NULL),
(467, 4, 'Stock In Request', '2025-09-13 03:57:36', NULL),
(468, 4, 'LOGIN', '2025-09-13 03:59:00', NULL),
(469, 3, 'LOGIN', '2025-09-13 03:59:11', NULL),
(470, 3, 'LOGIN', '2025-09-13 03:59:14', NULL),
(471, 3, 'Stock In Approval', '2025-09-13 03:59:34', NULL),
(472, 3, 'LOGIN', '2025-09-13 04:03:54', NULL),
(473, 3, 'LOGIN', '2025-09-13 04:04:52', NULL),
(474, 3, 'Auto Purchase Order Created', '2025-09-13 04:16:09', NULL),
(475, 1, 'LOGOUT', '2025-09-13 04:17:53', NULL),
(476, 4, 'LOGIN', '2025-09-13 04:18:06', NULL),
(477, 4, 'LOGIN', '2025-09-13 04:18:14', NULL),
(478, 4, 'Stock In Request', '2025-09-13 04:18:25', NULL),
(479, 3, 'Stock In Approval', '2025-09-13 04:18:37', NULL),
(480, 3, 'Auto Purchase Order Created', '2025-09-13 04:37:10', NULL),
(481, 3, 'LOGIN', '2025-09-13 13:51:10', NULL),
(482, 3, 'LOGIN', '2025-09-13 13:51:10', NULL),
(483, 3, 'LOGIN', '2025-09-13 13:51:10', NULL),
(484, 3, 'LOGIN', '2025-09-13 13:52:19', NULL),
(485, 3, 'LOGOUT', '2025-09-13 13:53:37', NULL),
(486, 8, 'LOGIN', '2025-09-13 13:53:47', NULL),
(487, 8, 'LOGIN', '2025-09-13 13:53:49', NULL),
(488, 8, 'LOGOUT', '2025-09-13 13:54:05', NULL),
(489, 7, 'LOGIN', '2025-09-13 13:54:11', NULL),
(490, 7, 'LOGOUT', '2025-09-13 13:54:25', NULL),
(491, 6, 'LOGIN', '2025-09-13 13:54:31', NULL),
(492, 6, 'LOGOUT', '2025-09-13 13:54:57', NULL),
(493, 7, 'LOGIN', '2025-09-13 13:55:04', NULL),
(494, 7, 'SALE_CREATED', '2025-09-13 13:56:05', 1),
(495, 7, 'CUSTOMER_RETURN_CREATED', '2025-09-13 13:56:28', NULL),
(496, 3, 'CUSTOMER_RETURN_APPROVED', '2025-09-13 13:57:28', NULL),
(497, 7, 'SALE_CREATED', '2025-09-13 14:04:14', 1),
(498, 3, 'CUSTOMER_RETURN_APPROVED', '2025-09-13 14:05:47', NULL),
(499, 3, 'CUSTOMER_RETURN_APPROVED', '2025-09-13 14:06:05', NULL),
(500, 7, 'SALE_CREATED', '2025-09-13 14:07:51', 1),
(501, 7, 'CUSTOMER_RETURN_CREATED', '2025-09-13 14:08:03', NULL),
(502, 7, 'LOGOUT', '2025-09-13 14:27:11', NULL),
(503, 4, 'LOGIN', '2025-09-13 14:27:21', NULL),
(504, 4, 'LOGIN', '2025-09-13 14:27:24', NULL),
(505, 4, 'LOGIN', '2025-09-13 15:11:52', NULL),
(506, 3, 'Stock In Approval', '2025-09-13 15:37:21', NULL),
(507, 4, 'LOGIN', '2025-09-13 16:54:10', NULL),
(508, 3, 'LOGIN', '2025-09-13 17:12:05', NULL),
(509, 3, 'Auto Purchase Order Created', '2025-09-13 17:12:24', NULL),
(510, 3, 'LOGOUT', '2025-09-13 17:12:48', NULL),
(511, 4, 'LOGIN', '2025-09-13 17:12:59', NULL),
(512, 4, 'LOGIN', '2025-09-13 17:13:03', NULL),
(513, 4, 'LOGIN', '2025-09-13 17:32:07', NULL),
(514, 3, 'Auto Purchase Order Created', '2025-09-13 17:39:50', NULL),
(515, 4, 'Stock In Request', '2025-09-13 17:40:07', NULL),
(516, 3, 'Stock In Approval', '2025-09-13 17:40:21', NULL),
(517, 4, 'LOGIN', '2025-09-13 17:40:43', NULL),
(518, 3, 'LOGOUT', '2025-09-13 17:40:53', NULL),
(519, 1, 'LOGIN', '2025-09-13 17:41:01', NULL),
(520, 1, 'LOGIN', '2025-09-13 17:41:07', NULL),
(521, 3, 'LOGIN', '2025-09-13 17:57:56', NULL),
(522, 3, 'LOGIN', '2025-09-13 17:59:45', NULL),
(523, 3, 'Auto Purchase Order Created', '2025-09-13 18:03:26', NULL),
(524, 3, 'SALES_SUMMARY_GENERATED', '2025-09-13 19:35:31', NULL),
(525, 3, 'LOGIN', '2025-09-13 19:37:05', NULL),
(526, 1, 'LOGIN', '2025-09-13 19:40:49', NULL),
(527, 1, 'LOGIN', '2025-09-13 19:47:15', NULL),
(528, 1, 'LOGIN', '2025-09-13 20:26:53', NULL),
(529, 1, 'TERMINAL_STATUS_UPDATED', '2025-09-13 22:35:52', 1),
(530, 1, 'LOGIN', '2024-01-15 09:00:00', 1),
(531, 1, 'PRODUCT_ADDED', '2024-01-15 09:30:00', 1),
(532, 1, 'SALE_COMPLETED', '2024-01-15 10:00:00', 1),
(533, 1, 'INVENTORY_ADJUSTED', '2024-01-15 10:30:00', 1),
(534, 1, 'PO_CREATED', '2024-01-15 11:00:00', 1),
(535, 1, 'STOCKIN_COMPLETED', '2024-01-15 11:30:00', 1),
(536, 1, 'SALES_SUMMARY_GENERATED', '2024-01-15 12:00:00', 1),
(537, 1, 'LOGOUT', '2024-01-15 17:00:00', 1),
(538, 1, 'LOGIN', '2025-09-13 17:08:31', 1),
(539, 1, 'PRODUCT_ADDED', '2025-09-13 16:08:31', 1),
(540, 1, 'SALE_COMPLETED', '2025-09-13 15:08:31', 1),
(541, 1, 'INVENTORY_ADJUSTED', '2025-09-13 14:08:31', 1),
(542, 1, 'PO_CREATED', '2025-09-13 13:08:31', 1),
(543, 1, 'TERMINAL_STATUS_UPDATED', '2025-09-13 23:35:15', 1),
(544, 3, 'LOGIN', '2025-09-13 23:36:23', NULL),
(545, 3, 'LOGOUT', '2025-09-14 00:35:43', NULL),
(546, 3, 'LOGIN', '2025-09-14 00:35:51', NULL),
(547, 3, 'Adding Product', '2025-09-14 00:55:42', NULL),
(548, 3, 'Adding Product', '2025-09-14 01:04:44', NULL),
(549, 3, 'LOGIN', '2025-09-14 01:19:28', NULL),
(550, 3, 'LOGOUT', '2025-09-14 01:50:53', NULL),
(551, 1, 'LOGIN', '2025-09-14 01:50:58', NULL),
(552, 1, 'LOGIN', '2025-09-14 01:51:00', NULL),
(553, 1, 'LOGIN', '2025-09-14 01:52:09', NULL),
(554, 3, 'LOGIN', '2025-09-14 02:24:24', NULL),
(555, 3, 'LOGIN', '2025-09-14 02:50:14', NULL),
(556, 3, 'LOGIN', '2025-09-14 02:50:38', NULL),
(557, 3, 'LOGIN', '2025-09-14 02:59:50', NULL),
(558, 3, 'MANUAL_ADJUSTMENT_CREATED', '2025-09-14 04:05:43', NULL),
(559, 3, 'MANUAL_ADJUSTMENT_CREATED', '2025-09-14 04:10:16', NULL),
(560, 3, 'MANUAL_ADJUSTMENT_APPROVE', '2025-09-14 04:10:40', NULL),
(561, 3, 'MANUAL_ADJUSTMENT_CREATED', '2025-09-14 04:11:33', NULL),
(562, 3, 'LOGIN', '2025-09-14 04:13:41', NULL),
(563, 3, 'MANUAL_ADJUSTMENT_CREATED', '2025-09-14 04:14:00', NULL),
(564, 3, 'MANUAL_ADJUSTMENT_APPROVE', '2025-09-14 04:14:08', NULL),
(565, 3, 'LOGIN', '2025-09-14 04:23:36', NULL),
(566, 3, 'MANUAL_ADJUSTMENT_REJECT', '2025-09-14 04:24:42', NULL),
(567, 3, 'MANUAL_ADJUSTMENT_REJECT', '2025-09-14 04:32:40', NULL),
(568, 3, 'Stock In Approval', '2025-09-14 05:18:07', NULL),
(569, 3, 'LOGIN', '2025-09-14 14:27:51', NULL),
(570, 3, 'LOGOUT', '2025-09-14 15:16:01', NULL),
(571, 3, 'LOGIN', '2025-09-14 15:16:23', NULL),
(572, 3, 'LOGIN', '2025-09-14 15:26:04', NULL),
(573, 3, 'LOGIN', '2025-09-14 15:31:18', NULL),
(574, 3, 'Auto Purchase Order Created', '2025-09-14 15:31:44', NULL),
(575, 3, 'Auto Purchase Order Created', '2025-09-14 15:32:13', NULL),
(576, 3, 'Auto Purchase Order Created', '2025-09-14 15:33:40', NULL),
(577, 3, 'Auto Purchase Order Created', '2025-09-14 15:41:12', NULL),
(578, 3, 'Auto Purchase Order Created', '2025-09-14 15:41:33', NULL),
(579, 3, 'LOGIN', '2025-09-14 16:28:27', NULL),
(580, 3, 'Auto Purchase Order Created', '2025-09-14 16:36:01', NULL),
(581, 3, 'Auto Purchase Order Created', '2025-09-14 17:35:22', NULL),
(582, 3, 'Auto Purchase Order Created', '2025-09-14 17:37:39', NULL),
(583, 3, 'Stock In (Approved)', '2025-09-14 17:43:17', NULL),
(584, 3, 'Stock In (Approved)', '2025-09-14 17:44:07', NULL),
(585, 3, 'Created Purchase Order', '2025-09-14 17:45:13', NULL),
(586, 3, 'Created Purchase Order', '2025-09-14 18:10:02', NULL),
(587, 4, 'LOGIN', '2025-09-14 18:10:32', NULL),
(588, 3, 'Stock In Approval', '2025-09-14 18:12:14', NULL),
(589, 3, 'Stock In Approval', '2025-09-14 18:20:12', NULL),
(590, 3, 'Auto Purchase Order Created', '2025-09-14 21:45:35', NULL),
(591, 3, 'Stock In Approval', '2025-09-14 21:46:49', NULL),
(592, 3, 'Stock In Approval', '2025-09-14 21:46:56', NULL),
(593, 3, 'LOGIN', '2025-09-14 21:57:02', NULL),
(594, 3, 'Auto Purchase Order Created', '2025-09-14 22:30:57', NULL),
(595, 3, 'Auto Purchase Order Created', '2025-09-14 22:39:44', NULL),
(596, 3, 'Auto Purchase Order Created', '2025-09-14 22:40:31', NULL),
(597, 3, 'LOGIN', '2025-09-14 22:43:44', NULL),
(598, 3, 'LOGIN', '2025-09-14 22:49:28', NULL),
(599, 3, 'LOGIN', '2025-09-14 22:58:20', NULL),
(600, 3, 'Auto Purchase Order Created', '2025-09-14 22:59:18', NULL),
(601, 3, 'Auto Purchase Order Created', '2025-09-14 23:00:32', NULL),
(602, 4, 'Stock In Request', '2025-09-14 23:01:05', NULL),
(603, 3, 'Stock In Approval', '2025-09-14 23:01:20', NULL),
(604, 3, 'Auto Purchase Order Created', '2025-09-14 23:44:38', NULL),
(605, 3, 'Auto Purchase Order Created', '2025-09-14 23:46:29', NULL),
(606, 3, 'Created Purchase Order', '2025-09-15 00:02:03', NULL),
(607, 3, 'Created Purchase Order', '2025-09-15 00:03:35', NULL),
(608, 3, 'Stock In Approval', '2025-09-15 00:06:45', NULL),
(609, 3, 'LOGIN', '2025-09-15 00:33:29', NULL),
(610, 4, 'LOGIN', '2025-09-15 00:40:21', NULL),
(611, 3, 'LOGIN', '2025-09-15 00:40:35', NULL),
(612, 3, 'LOGIN', '2025-09-15 01:14:04', NULL),
(613, 3, 'LOGIN', '2025-09-15 01:47:02', NULL),
(614, 4, 'LOGIN', '2025-09-15 01:51:16', NULL),
(615, 3, 'Auto Purchase Order Created', '2025-09-15 01:56:12', NULL),
(616, 3, 'Auto Purchase Order Created', '2025-09-15 02:14:57', NULL),
(617, 3, 'LOGIN', '2025-09-15 02:17:46', NULL),
(618, 3, 'Auto Purchase Order Created', '2025-09-15 02:24:01', NULL),
(619, 3, 'Auto Purchase Order Created', '2025-09-15 02:41:37', NULL),
(620, 3, 'Auto Purchase Order Created', '2025-09-15 02:46:44', NULL),
(621, 3, 'Auto Purchase Order Created', '2025-09-15 02:52:52', NULL),
(622, 3, 'Auto Purchase Order Created', '2025-09-15 02:55:54', NULL),
(623, 4, 'LOGIN', '2025-09-15 03:30:24', NULL),
(624, 4, 'LOGIN', '2025-09-15 03:41:58', NULL),
(625, 3, 'Auto Purchase Order Created', '2025-09-15 03:42:36', NULL),
(626, 4, 'LOGIN', '2025-09-15 03:43:05', NULL),
(627, 3, 'Auto Purchase Order Created', '2025-09-15 03:57:52', NULL),
(628, 3, 'Auto Purchase Order Created', '2025-09-15 03:58:56', NULL),
(629, 3, 'Auto Purchase Order Created', '2025-09-15 04:00:10', NULL),
(630, 4, 'LOGIN', '2025-09-15 04:00:22', NULL),
(631, 3, 'Auto Purchase Order Created', '2025-09-15 04:01:18', NULL),
(632, 3, 'Auto Purchase Order Created', '2025-09-15 04:03:16', NULL),
(633, 3, 'Auto Purchase Order Created', '2025-09-15 04:05:03', NULL),
(634, 3, 'LOGIN', '2025-09-16 21:36:52', NULL),
(635, 3, 'MANUAL_ADJUSTMENT_CREATED', '2025-09-16 21:39:04', NULL),
(636, 3, 'MANUAL_ADJUSTMENT_APPROVE', '2025-09-16 21:39:38', NULL),
(637, 3, 'Auto Purchase Order Created', '2025-09-16 21:41:19', NULL),
(638, 3, 'LOGOUT', '2025-09-16 21:42:15', NULL),
(639, 3, 'LOGIN', '2025-09-16 23:51:11', NULL),
(640, 3, 'Adding Product', '2025-09-16 23:56:34', NULL),
(641, 6, 'LOGIN', '2025-09-17 09:07:10', NULL),
(642, 6, 'LOGOUT', '2025-09-17 09:07:13', NULL),
(643, 3, 'LOGIN', '2025-09-17 09:07:27', NULL),
(644, 3, 'LOGIN', '2025-09-17 09:19:01', NULL),
(645, 4, 'LOGIN', '2025-09-17 09:20:04', NULL),
(646, 1, 'LOGIN', '2025-09-17 09:20:48', NULL),
(647, 8, 'LOGIN', '2025-09-17 09:22:19', NULL),
(648, 8, 'LOGOUT', '2025-09-17 09:22:30', NULL),
(649, 7, 'LOGIN', '2025-09-17 09:22:42', NULL),
(650, 7, 'LOGOUT', '2025-09-17 09:22:48', NULL),
(651, 6, 'LOGIN', '2025-09-17 09:23:03', NULL),
(652, 6, 'LOGOUT', '2025-09-17 09:23:05', NULL),
(653, 1, 'USER_CREATED', '2025-09-17 09:50:33', NULL),
(654, 10, 'LOGIN', '2025-09-17 09:50:54', NULL),
(655, 10, 'LOGOUT', '2025-09-17 09:51:02', NULL),
(656, 1, 'USER_UPDATED', '2025-09-17 09:51:27', NULL),
(657, 10, 'LOGIN', '2025-09-17 09:51:50', NULL),
(658, 10, 'LOGOUT', '2025-09-17 09:51:53', NULL),
(659, 4, 'LOGIN', '2025-09-17 11:18:43', NULL),
(660, 4, 'LOGIN', '2025-09-17 11:19:13', NULL),
(661, 1, 'LOGIN', '2025-09-19 02:46:18', NULL),
(662, 3, 'LOGIN', '2025-09-19 02:47:42', NULL),
(663, 3, 'Auto Purchase Order Created', '2025-09-19 02:56:55', NULL),
(664, 4, 'LOGIN', '2025-09-19 02:57:18', NULL),
(665, 3, 'LOGIN', '2025-09-19 03:01:02', NULL),
(666, 3, 'LOGIN', '2025-09-19 03:20:18', NULL),
(667, 4, 'LOGIN', '2025-09-19 03:26:08', NULL),
(668, 1, 'SUPPLIER_CREATED', '2025-09-19 03:43:28', NULL),
(669, 3, 'LOGIN', '2025-09-19 03:49:11', NULL),
(670, 3, 'LOGIN', '2025-09-19 03:49:15', NULL),
(671, 3, 'SUPPLIER_CREATED', '2025-09-19 03:49:51', NULL),
(672, 3, 'LOGOUT', '2025-09-19 04:05:20', NULL),
(673, 1, 'LOGOUT', '2025-09-19 04:13:48', NULL),
(674, 3, 'LOGIN', '2025-09-19 04:15:55', NULL),
(675, 3, 'LOGOUT', '2025-09-19 04:16:09', NULL),
(676, 3, 'LOGIN', '2025-09-19 04:17:12', NULL),
(677, 3, 'LOGOUT', '2025-09-19 04:18:49', NULL),
(678, 1, 'LOGIN', '2025-09-19 04:43:11', NULL),
(679, 1, 'LOGOUT', '2025-09-19 04:43:21', NULL),
(680, 3, 'LOGIN', '2025-09-19 04:43:41', NULL),
(681, 3, 'LOGIN', '2025-09-19 04:44:59', NULL),
(682, 3, 'LOGOUT', '2025-09-19 04:45:21', NULL),
(683, 3, 'LOGIN', '2025-09-19 04:45:25', NULL),
(684, 3, 'LOGIN', '2025-09-19 04:47:03', NULL),
(685, 3, 'LOGIN', '2025-09-19 04:47:16', NULL),
(686, 3, 'LOGOUT', '2025-09-19 04:47:25', NULL),
(687, 3, 'LOGIN', '2025-09-19 04:47:31', NULL),
(688, 3, 'LOGOUT', '2025-09-19 04:48:11', NULL),
(689, 3, 'LOGIN', '2025-09-19 04:48:15', NULL),
(690, 3, 'LOGOUT', '2025-09-19 04:48:21', NULL),
(691, 3, 'LOGIN', '2025-09-19 04:48:25', NULL),
(692, 3, 'LOGOUT', '2025-09-19 04:48:36', NULL),
(693, 3, 'LOGIN', '2025-09-19 04:48:39', NULL),
(694, 3, 'LOGOUT', '2025-09-19 04:48:45', NULL),
(695, 3, 'LOGIN', '2025-09-19 04:48:49', NULL),
(696, 3, 'LOGOUT', '2025-09-19 04:49:07', NULL),
(697, 3, 'LOGIN', '2025-09-19 04:49:12', NULL),
(698, 3, 'LOGOUT', '2025-09-19 04:49:55', NULL),
(699, 3, 'LOGIN', '2025-09-19 04:50:00', NULL),
(700, 3, 'LOGOUT', '2025-09-19 04:50:07', NULL),
(701, 1, 'LOGIN', '2025-09-19 04:50:34', NULL),
(702, 1, 'LOGOUT', '2025-09-19 04:50:42', NULL),
(703, 3, 'LOGIN', '2025-09-19 04:56:45', NULL),
(704, 3, 'LOGOUT', '2025-09-19 04:56:51', NULL),
(705, 3, 'LOGIN', '2025-09-19 05:01:29', NULL),
(706, 3, 'LOGOUT', '2025-09-19 05:01:35', NULL),
(707, 3, 'LOGIN', '2025-09-19 05:01:53', NULL),
(708, 3, 'LOGOUT', '2025-09-19 05:02:01', NULL),
(709, 3, 'LOGIN', '2025-09-19 05:03:40', NULL),
(710, 3, 'LOGOUT', '2025-09-19 05:03:47', NULL),
(711, 3, 'LOGIN', '2025-09-19 05:03:52', NULL),
(712, 3, 'LOGOUT', '2025-09-19 05:03:59', NULL),
(713, 3, 'LOGIN', '2025-09-19 05:04:32', NULL),
(714, 3, 'LOGOUT', '2025-09-19 05:04:39', NULL),
(715, 1, 'LOGIN', '2025-09-19 17:56:34', NULL),
(716, 1, 'LOGOUT', '2025-09-19 17:56:53', NULL),
(717, 1, 'LOGIN', '2025-09-19 17:57:03', NULL),
(718, 1, 'LOGOUT', '2025-09-19 17:57:23', NULL),
(719, 1, 'LOGIN', '2025-09-19 17:59:37', NULL),
(720, 1, 'LOGOUT', '2025-09-19 17:59:57', NULL),
(721, 6, 'LOGIN', '2025-09-19 18:00:20', NULL),
(722, 6, 'LOGOUT', '2025-09-19 18:00:27', NULL),
(723, 1, 'LOGIN', '2025-09-19 18:00:42', NULL),
(724, 1, 'TERMINAL_STATUS_UPDATED', '2025-09-19 18:00:57', 1),
(725, 1, 'LOGOUT', '2025-09-19 18:01:03', NULL),
(726, 6, 'LOGIN', '2025-09-19 18:01:18', NULL),
(727, 6, 'SALE_CREATED', '2025-09-19 18:02:23', 1),
(728, 6, 'LOGOUT', '2025-09-19 18:02:32', NULL),
(729, 7, 'LOGIN', '2025-09-19 18:02:53', NULL),
(730, 7, 'LOGOUT', '2025-09-19 18:03:00', NULL),
(731, 3, 'LOGIN', '2025-09-19 18:06:14', NULL),
(732, 3, 'LOGIN', '2025-09-19 18:06:51', NULL),
(733, 3, 'LOGIN', '2025-09-19 18:24:33', NULL),
(734, 3, 'LOGIN', '2025-09-19 18:24:44', NULL),
(735, 3, 'LOGIN', '2025-09-19 18:41:45', NULL),
(736, 4, 'LOGIN', '2025-09-19 18:42:55', NULL),
(737, 3, 'Auto Purchase Order Created', '2025-09-19 18:45:21', NULL),
(738, 3, 'Auto Purchase Order Created', '2025-09-19 18:45:30', NULL),
(739, 3, 'Created Purchase Order', '2025-09-19 18:54:07', NULL),
(740, 4, 'LOGOUT', '2025-09-19 18:55:20', NULL),
(741, 3, 'LOGIN', '2025-09-19 18:55:34', NULL),
(742, 3, 'Created Purchase Order', '2025-09-19 18:56:14', NULL),
(743, 3, 'Created Purchase Order', '2025-09-19 19:02:35', NULL),
(744, 3, 'LOGIN', '2025-09-19 19:43:49', NULL),
(745, 3, 'LOGIN', '2025-09-19 19:51:29', NULL),
(746, 3, 'Created Purchase Order', '2025-09-19 19:58:29', NULL),
(747, 1, 'LOGIN', '2025-09-21 21:04:28', NULL),
(748, 3, 'LOGIN', '2025-09-21 21:05:40', NULL),
(749, 3, 'LOGIN', '2025-09-21 21:09:00', NULL),
(750, 3, 'SALES_SUMMARY_GENERATED', '2025-09-21 21:31:41', NULL),
(751, 3, 'LOGIN', '2025-09-21 21:37:00', NULL),
(752, 3, 'LOGIN', '2025-09-21 21:44:18', NULL),
(753, 1, 'USER_DELETED', '2025-09-21 21:51:49', NULL),
(754, 1, 'USER_DELETED', '2025-09-21 21:51:55', NULL),
(755, 1, 'BULK_ACTION', '2025-09-21 21:52:07', NULL),
(756, 1, 'USER_UPDATED', '2025-09-21 21:52:23', NULL),
(757, 1, 'USER_UPDATED', '2025-09-21 22:05:05', NULL),
(758, 1, 'USER_UPDATED', '2025-09-21 22:05:40', NULL),
(759, 1, 'USER_CREATED', '2025-09-21 22:06:48', NULL),
(760, 1, 'USER_UPDATED', '2025-09-21 22:09:23', NULL),
(761, 1, 'USER_UPDATED', '2025-09-21 22:09:35', NULL),
(762, 1, 'LOGIN', '2025-09-21 22:10:24', NULL),
(763, 1, 'USER_UPDATED', '2025-09-21 22:11:24', NULL),
(764, 1, 'USER_UPDATED', '2025-09-21 22:11:43', NULL),
(765, 1, 'USER_DELETED', '2025-09-21 22:12:18', NULL),
(766, 1, 'USER_UPDATED', '2025-09-21 22:34:08', NULL),
(767, 1, 'USER_UPDATED', '2025-09-21 22:34:17', NULL),
(768, 1, 'USER_UPDATED', '2025-09-21 22:40:09', NULL),
(769, 1, 'USER_UPDATED', '2025-09-21 22:40:13', NULL),
(770, 1, 'USER_CREATED', '2025-09-21 22:45:15', NULL),
(771, 1, 'USER_UPDATED', '2025-09-21 22:45:20', NULL),
(772, 1, 'USER_UPDATED', '2025-09-21 22:47:51', NULL),
(773, 1, 'USER_UPDATED', '2025-09-21 22:47:57', NULL),
(774, 1, 'LOGOUT', '2025-09-21 22:56:46', NULL),
(775, 1, 'LOGIN', '2025-09-21 22:56:53', NULL),
(776, 3, 'LOGIN', '2025-09-22 15:55:06', NULL),
(777, 3, 'LOGIN', '2025-09-22 16:17:40', NULL),
(778, 4, 'LOGIN', '2025-09-22 16:20:27', NULL),
(779, 4, 'LOGIN', '2025-09-22 16:36:27', NULL),
(780, 4, 'LOGOUT', '2025-09-22 16:55:39', NULL),
(781, 3, 'LOGIN', '2025-09-22 16:55:52', NULL),
(782, 3, 'LOGOUT', '2025-09-22 17:09:20', NULL),
(783, 3, 'LOGIN', '2025-09-22 17:09:44', NULL),
(784, 3, 'LOGOUT', '2025-09-22 17:16:52', NULL),
(785, 3, 'LOGIN', '2025-09-22 17:17:20', NULL),
(786, 3, 'LOGIN', '2025-09-22 17:24:27', NULL),
(787, 3, 'LOGOUT', '2025-09-22 21:49:38', NULL),
(788, 3, 'LOGIN', '2025-09-22 21:50:10', NULL),
(789, 6, 'LOGIN', '2025-09-22 21:51:10', NULL),
(790, 6, 'CUSTOMER_RETURN_CREATED', '2025-09-22 21:52:18', NULL),
(791, 3, 'CUSTOMER_RETURN_APPROVED', '2025-09-22 21:52:55', NULL),
(792, 3, 'LOGIN', '2025-09-23 00:37:10', NULL),
(793, 3, 'LOGOUT', '2025-09-23 00:48:25', NULL),
(794, 3, 'LOGIN', '2025-09-23 00:48:35', NULL),
(795, 3, 'LOGIN', '2025-09-23 00:57:11', NULL),
(796, 3, 'LOGOUT', '2025-09-23 01:41:49', NULL),
(797, 3, 'LOGIN', '2025-09-23 01:42:07', NULL),
(798, 3, 'LOGOUT', '2025-09-23 01:42:47', NULL),
(799, 3, 'LOGIN', '2025-09-23 01:42:57', NULL),
(800, 3, 'LOGIN', '2025-09-23 02:45:14', NULL),
(801, 3, 'LOGIN', '2025-09-23 09:19:34', NULL),
(802, 3, 'LOGIN', '2025-09-23 09:21:05', NULL),
(803, 3, 'LOGIN', '2025-09-23 11:00:10', NULL),
(804, 3, 'LOGIN', '2025-09-23 11:00:54', NULL),
(805, 3, 'LOGOUT', '2025-09-23 11:01:28', NULL),
(806, 3, 'LOGIN', '2025-09-23 11:01:45', NULL),
(807, 1, 'LOGIN', '2025-09-23 11:04:19', NULL),
(808, 1, 'LOGIN', '2025-09-23 11:04:40', NULL),
(809, 1, 'TERMINAL_STATUS_UPDATED', '2025-09-23 11:05:18', 1),
(810, 1, 'LOGOUT', '2025-09-23 11:06:11', NULL),
(811, 4, 'LOGIN', '2025-09-23 11:07:53', NULL),
(812, 1, 'LOGIN', '2025-09-23 11:08:36', NULL),
(813, 4, 'MANUAL_ADJUSTMENT_CREATED', '2025-09-23 11:09:59', NULL),
(814, 1, 'MANUAL_ADJUSTMENT_APPROVE', '2025-09-23 11:10:18', NULL),
(815, 1, 'SESSION_TERMINATED', '2025-09-23 11:11:22', NULL),
(816, 6, 'LOGIN', '2025-09-23 11:13:01', NULL),
(817, 6, 'LOGIN', '2025-09-23 11:13:13', NULL),
(818, 6, 'LOGOUT', '2025-09-23 11:13:19', NULL),
(819, 3, 'LOGIN', '2025-09-23 12:55:34', NULL),
(820, 3, 'LOGIN', '2025-09-23 13:17:40', NULL),
(821, 3, 'MANUAL_ADJUSTMENT_CREATED', '2025-09-23 13:18:32', NULL),
(822, 3, 'MANUAL_ADJUSTMENT_APPROVE', '2025-09-23 13:18:42', NULL),
(823, 3, 'LOGIN', '2025-09-23 13:24:15', NULL),
(824, 3, 'LOGOUT', '2025-09-23 14:05:15', NULL),
(825, 3, 'LOGIN', '2025-09-23 14:05:30', NULL),
(826, 3, 'LOGIN', '2025-09-23 14:11:48', NULL),
(827, 3, 'LOGOUT', '2025-09-23 14:21:48', NULL),
(828, 1, 'LOGIN', '2025-09-23 14:22:04', NULL),
(829, 6, 'LOGIN', '2025-09-23 14:23:13', NULL),
(830, 6, 'LOGOUT', '2025-09-23 14:23:19', NULL),
(831, 1, 'TERMINAL_STATUS_UPDATED', '2025-09-23 14:23:35', 1),
(832, 6, 'LOGIN', '2025-09-23 14:23:53', NULL),
(833, 6, 'SALE_CREATED', '2025-09-23 14:24:35', 1),
(834, 6, 'CUSTOMER_RETURN_CREATED', '2025-09-23 14:25:50', NULL),
(835, 1, 'CUSTOMER_RETURN_APPROVED', '2025-09-23 14:26:21', NULL),
(836, 3, 'LOGIN', '2025-09-23 15:20:18', NULL),
(837, 3, 'LOGIN', '2025-09-23 15:28:06', NULL);

-- --------------------------------------------------------

--
-- Table structure for table `audit_log`
--

CREATE TABLE `audit_log` (
  `log_id` int(11) NOT NULL,
  `table_name` varchar(100) NOT NULL,
  `record_id` int(11) NOT NULL,
  `action` varchar(100) NOT NULL,
  `old_values` text DEFAULT NULL,
  `new_values` text DEFAULT NULL,
  `changed_by` varchar(100) NOT NULL,
  `changed_at` timestamp NOT NULL DEFAULT current_timestamp()
) ENGINE=InnoDB DEFAULT CHARSET=utf8mb4 COLLATE=utf8mb4_general_ci;

--
-- Dumping data for table `audit_log`
--

INSERT INTO `audit_log` (`log_id`, `table_name`, `record_id`, `action`, `old_values`, `new_values`, `changed_by`, `changed_at`) VALUES
(1, 'Manual_Adjustments', 2, 'STATUS_CHANGE', 'Status: PENDING', 'Status: APPROVED, Approved_by: 3', '3', '2025-08-25 08:20:21'),
(2, 'Manual_Adjustments', 3, 'STATUS_CHANGE', 'Status: PENDING', 'Status: REJECTED, Approved_by: 3', '3', '2025-08-27 07:14:22'),
(3, 'Manual_Adjustments', 4, 'STATUS_CHANGE', 'Status: PENDING', 'Status: REJECTED, Approved_by: 2', '2', '2025-08-27 07:14:32'),
(4, 'Manual_Adjustments', 5, 'STATUS_CHANGE', 'Status: PENDING', 'Status: APPROVED, Approved_by: 3', '3', '2025-08-27 07:14:40'),
(5, 'Manual_Adjustments', 6, 'STATUS_CHANGE', 'Status: PENDING', 'Status: APPROVED, Approved_by: 3', '3', '2025-08-29 11:44:34'),
(6, 'Manual_Adjustments', 7, 'STATUS_CHANGE', 'Status: PENDING', 'Status: APPROVED, Approved_by: 2', '2', '2025-08-29 11:46:38'),
(7, 'Manual_Adjustments', 0, 'STATUS_CHANGE', 'Status: PENDING', 'Status: APPROVED, Approved_by: 2', '2', '2025-09-02 12:08:43'),
(14, 'Manual_Adjustments', 15, 'STATUS_CHANGE', 'Status: PENDING', 'Status: APPROVED, Approved_by: 3', '3', '2025-09-02 15:59:22'),
(15, 'Manual_Adjustments', 16, 'STATUS_CHANGE', 'Status: PENDING', 'Status: APPROVED, Approved_by: 3', '3', '2025-09-02 19:05:26'),
(16, 'Manual_Adjustments', 17, 'STATUS_CHANGE', 'Status: PENDING', 'Status: APPROVED, Approved_by: 2', '2', '2025-09-03 17:58:13'),
(17, 'Manual_Adjustments', 19, 'STATUS_CHANGE', 'Status: PENDING', 'Status: APPROVED, Approved_by: 3', '3', '2025-09-04 11:40:53'),
(18, 'Manual_Adjustments', 20, 'STATUS_CHANGE', 'Status: PENDING', 'Status: APPROVED, Approved_by: 3', '3', '2025-09-04 11:41:50'),
(19, 'Manual_Adjustments', 18, 'STATUS_CHANGE', 'Status: PENDING', 'Status: APPROVED, Approved_by: 3', '3', '2025-09-04 11:51:49'),
(20, 'Manual_Adjustments', 21, 'STATUS_CHANGE', 'Status: PENDING', 'Status: REJECTED, Approved_by: 3', '3', '2025-09-04 12:08:32'),
(21, 'Manual_Adjustments', 23, 'STATUS_CHANGE', 'Status: PENDING', 'Status: APPROVED, Approved_by: 3', '3', '2025-09-04 12:18:04'),
(22, 'Manual_Adjustments', 22, 'STATUS_CHANGE', 'Status: PENDING', 'Status: REJECTED, Approved_by: 1', '1', '2025-09-04 19:14:21'),
(23, 'Manual_Adjustments', 24, 'STATUS_CHANGE', 'Status: PENDING', 'Status: APPROVED, Approved_by: 3', '3', '2025-09-05 03:08:55'),
(24, 'Manual_Adjustments', 25, 'STATUS_CHANGE', 'Status: PENDING', 'Status: APPROVED, Approved_by: 3', '3', '2025-09-05 03:53:26'),
(25, 'Product', 99, 'REORDER_LEVEL_UPDATE', '{\"Reorder_Level\":5}', '{\"Reorder_Level\":10}', '3', '2025-09-05 09:56:12'),
(26, 'Product', 99, 'PRICE_UPDATE', '{\"Retail_Price\":14}', '{\"Retail_Price\":15}', '3', '2025-09-05 09:56:19'),
(27, 'Inventory', 98, 'TRANSFER_STOCK', '{\"Display_stocks_delta\":-4}', '{\"Display_stocks_delta\":4}', '3', '2025-09-05 09:57:34'),
(28, 'Product', 98, 'PRODUCT_INACTIVATE', '{\"Is_discontinued\":0}', '{\"Is_discontinued\":1}', '1', '2025-09-05 10:05:24'),
(29, 'Product', 99, 'PRODUCT_RESTORE', '{\"Is_discontinued\":1}', '{\"Is_discontinued\":0}', '1', '2025-09-05 10:05:42'),
(30, 'Product', 98, 'PRODUCT_RESTORE', '{\"Is_discontinued\":1}', '{\"Is_discontinued\":0}', '1', '2025-09-05 10:05:45'),
(31, 'Product', 103, 'CREATE', NULL, '{\"name\":\"Stone\",\"category_name\":\"Construction Materials\",\"retail_price\":35,\"reorder_level\":20,\"initial_stock\":40,\"is_discontinued\":0}', '3', '2025-09-06 10:50:52'),
(32, 'Product', 103, 'PRICE_UPDATE', '{\"Retail_Price\":35}', '{\"Retail_Price\":40}', '1', '2025-09-06 16:45:44'),
(33, 'Inventory', 103, 'TRANSFER_STOCK', '{\"Display_stocks_delta\":-3}', '{\"Display_stocks_delta\":3}', '1', '2025-09-06 16:45:55'),
(34, 'user', 4, 'UPDATE', '{\"User_ID\":4,\"User_name\":\"clerk1\",\"Role_ID\":3,\"Status\":\"active\"}', '{\"User_ID\":4,\"User_name\":\"clerk1\",\"Role_ID\":1,\"Status\":\"active\"}', '1', '2025-09-07 13:10:19'),
(35, 'user', 4, 'UPDATE', '{\"User_ID\":4,\"User_name\":\"clerk1\",\"Role_ID\":1,\"Status\":\"active\"}', '{\"User_ID\":4,\"User_name\":\"clerkgwapings\",\"Role_ID\":3,\"Status\":\"active\"}', '1', '2025-09-07 13:11:47'),
(36, 'Inventory', 101, 'TRANSFER_STOCK', '{\"Display_stocks_delta\":-4}', '{\"Display_stocks_delta\":4}', '1', '2025-09-07 13:46:54'),
(37, 'Product', 101, 'REORDER_LEVEL_UPDATE', '{\"Reorder_Level\":20}', '{\"Reorder_Level\":30}', '1', '2025-09-07 13:47:05'),
(38, 'Product', 101, 'PRICE_UPDATE', '{\"Retail_Price\":50}', '{\"Retail_Price\":55}', '1', '2025-09-07 13:47:24'),
(39, 'user', 4, 'UPDATE', '{\"User_ID\":4,\"User_name\":\"clerkgwapings\",\"Role_ID\":3,\"Status\":\"active\"}', '{\"User_ID\":4,\"User_name\":\"clerkgwapings\",\"Role_ID\":3,\"Status\":\"inactive\"}', '1', '2025-09-07 14:06:16'),
(40, 'user', 4, 'UPDATE', '{\"User_ID\":4,\"User_name\":\"clerkgwapings\",\"Role_ID\":3,\"Status\":\"inactive\"}', '{\"User_ID\":4,\"User_name\":\"clerkgwapings\",\"Role_ID\":3,\"Status\":\"active\"}', '1', '2025-09-07 14:07:18'),
(41, 'user', 4, 'UPDATE', '{\"User_ID\":4,\"User_name\":\"clerkgwapings\",\"Role_ID\":3,\"Status\":\"active\"}', '{\"User_ID\":4,\"User_name\":\"clerkgwapings\",\"Role_ID\":3,\"Status\":\"inactive\"}', '1', '2025-09-07 14:09:57'),
(42, 'user', 5, 'UPDATE', '{\"User_ID\":5,\"User_name\":\"staff1\",\"Role_ID\":4,\"Status\":\"inactive\"}', '{\"User_ID\":5,\"User_name\":\"staff1\",\"Role_ID\":4,\"Status\":\"active\"}', '1', '2025-09-07 14:10:19'),
(43, 'user', 4, 'UPDATE', '{\"User_ID\":4,\"User_name\":\"clerkgwapings\",\"Role_ID\":3,\"Status\":\"inactive\"}', '{\"User_ID\":4,\"User_name\":\"clerkgwapings\",\"Role_ID\":3,\"Status\":\"active\"}', '1', '2025-09-07 14:11:13'),
(44, 'supplier', 7, 'CREATE', NULL, '{\"Name\":\"Mr.Clean\",\"Contact_info\":\"09456142418\",\"Address\":\"\",\"is_active\":1}', '1', '2025-09-07 14:33:18'),
(45, 'supplier', 1, 'UPDATE', '{\"Supplier_ID\":1,\"Name\":\"Shaifa.Corp\",\"Contact_info\":\"09087274056\",\"Address\":\"Gusa Galaxy\",\"is_active\":1}', '{\"Supplier_ID\":1,\"Name\":\"Shaifa.Corp\",\"Contact_info\":\"09087274056S\",\"Address\":\"Gusa Galaxy\"}', '1', '2025-09-07 14:34:58'),
(46, 'supplier', 7, 'DEACTIVATE', '{\"Supplier_ID\":7,\"Name\":\"Mr.Clean\",\"Contact_info\":\"09456142418\",\"Address\":\"\",\"is_active\":1}', '{\"is_active\":0}', '1', '2025-09-07 14:35:52'),
(47, 'supplier', 8, 'CREATE', NULL, '{\"Name\":\"Island Boy\",\"Contact_info\":\"09456142434\",\"Address\":\"CDO Cogon\",\"is_active\":1}', '1', '2025-09-07 17:22:10'),
(48, 'supplier', 9, 'CREATE', NULL, '{\"Name\":\"Nagamoto Surplus\",\"Contact_info\":\"094562543\",\"Address\":\"Davao City\",\"is_active\":1}', '1', '2025-09-07 17:26:22'),
(49, 'Product', 104, 'CREATE', NULL, '{\"name\":\"Kopiko\",\"category_name\":\"Beverage\",\"retail_price\":27,\"reorder_level\":20,\"initial_stock\":30,\"is_discontinued\":0}', '1', '2025-09-09 06:48:34'),
(50, 'Inventory', 104, 'TRANSFER_STOCK', '{\"Display_stocks_delta\":-5}', '{\"Display_stocks_delta\":5}', '1', '2025-09-09 06:49:25'),
(51, 'Inventory', 104, 'TRANSFER_STOCK', '{\"Display_stocks_delta\":-5}', '{\"Display_stocks_delta\":5}', '1', '2025-09-09 06:49:35'),
(52, 'Product', 104, 'REORDER_LEVEL_UPDATE', '{\"Reorder_Level\":20}', '{\"Reorder_Level\":10}', '1', '2025-09-09 06:49:57'),
(53, 'Product', 104, 'PRICE_UPDATE', '{\"Retail_Price\":27}', '{\"Retail_Price\":25}', '1', '2025-09-09 06:50:14'),
(54, 'Product', 104, 'PRODUCT_INACTIVATE', '{\"Is_discontinued\":0}', '{\"Is_discontinued\":1}', '1', '2025-09-09 06:50:27'),
(55, 'Product', 104, 'PRODUCT_RESTORE', '{\"Is_discontinued\":1}', '{\"Is_discontinued\":0}', '1', '2025-09-09 06:50:43'),
(56, 'Manual_Adjustments', 26, 'STATUS_CHANGE', 'Status: PENDING', 'Status: APPROVED, Approved_by: 1', '1', '2025-09-09 06:55:27'),
(57, 'user', 6, 'UPDATE', '{\"User_ID\":6,\"User_name\":\"cashier1\",\"Role_ID\":5,\"Status\":\"active\"}', '{\"User_ID\":6,\"User_name\":\"cashier1\",\"Role_ID\":5,\"Status\":\"inactive\"}', '1', '2025-09-09 07:04:10'),
(58, 'user', 6, 'UPDATE', '{\"User_ID\":6,\"User_name\":\"cashier1\",\"Role_ID\":5,\"Status\":\"inactive\"}', '{\"User_ID\":6,\"User_name\":\"cashier1\",\"Role_ID\":5,\"Status\":\"active\"}', '1', '2025-09-09 07:04:39'),
(59, 'Manual_Adjustments', 28, 'STATUS_CHANGE', 'Status: PENDING', 'Status: APPROVED, Approved_by: 3', '3', '2025-09-09 08:45:59'),
(60, 'Manual_Adjustments', 27, 'STATUS_CHANGE', 'Status: PENDING', 'Status: REJECTED, Approved_by: 3', '3', '2025-09-09 08:46:10'),
(61, 'Manual_Adjustments', 29, 'STATUS_CHANGE', 'Status: PENDING', 'Status: REJECTED, Approved_by: 3', '3', '2025-09-09 08:46:48'),
(62, 'Manual_Adjustments', 30, 'STATUS_CHANGE', 'Status: PENDING', 'Status: REJECTED, Approved_by: 3', '3', '2025-09-09 08:49:15'),
(63, 'Manual_Adjustments', 31, 'STATUS_CHANGE', 'Status: PENDING', 'Status: APPROVED, Approved_by: 1', '1', '2025-09-09 09:53:20'),
(64, 'Manual_Adjustments', 32, 'STATUS_CHANGE', 'Status: PENDING', 'Status: APPROVED, Approved_by: 1', '1', '2025-09-09 10:04:53'),
(65, 'Inventory', 104, 'TRANSFER_STOCK', '{\"Display_stocks_delta\":-2}', '{\"Display_stocks_delta\":2}', '1', '2025-09-09 10:13:03'),
(66, 'Product', 104, 'REORDER_LEVEL_UPDATE', '{\"Reorder_Level\":10}', '{\"Reorder_Level\":30}', '1', '2025-09-09 10:13:15'),
(67, 'Manual_Adjustments', 33, 'STATUS_CHANGE', 'Status: PENDING', 'Status: REJECTED, Approved_by: 1', '1', '2025-09-09 10:13:46'),
(68, 'Manual_Adjustments', 34, 'STATUS_CHANGE', 'Status: PENDING', 'Status: APPROVED, Approved_by: 1', '1', '2025-09-09 10:13:56'),
(69, 'Manual_Adjustments', 35, 'STATUS_CHANGE', 'Status: PENDING', 'Status: REJECTED, Approved_by: 1', '1', '2025-09-09 10:14:50'),
(70, 'Inventory', 4, 'TRANSFER_STOCK', '{\"Display_stocks_delta\":-25}', '{\"Display_stocks_delta\":25}', '1', '2025-09-09 10:18:11'),
(71, 'Inventory', 73, 'TRANSFER_STOCK', '{\"Display_stocks_delta\":-33}', '{\"Display_stocks_delta\":33}', '1', '2025-09-09 11:58:58'),
(72, 'Inventory', 73, 'TRANSFER_STOCK', '{\"Display_stocks_delta\":-40}', '{\"Display_stocks_delta\":40}', '1', '2025-09-09 12:03:23'),
(73, 'Manual_Adjustments', 36, 'STATUS_CHANGE', 'Status: PENDING', 'Status: APPROVED, Approved_by: 3', '3', '2025-09-09 12:19:09'),
(74, 'Product', 104, 'PRODUCT_INACTIVATE', '{\"Is_discontinued\":0}', '{\"Is_discontinued\":1}', '1', '2025-09-09 12:23:51'),
(75, 'Product', 104, 'PRODUCT_RESTORE', '{\"Is_discontinued\":1}', '{\"Is_discontinued\":0}', '1', '2025-09-09 12:24:17'),
(76, 'Inventory', 104, 'TRANSFER_STOCK', '{\"Display_stocks_delta\":-2}', '{\"Display_stocks_delta\":2}', '1', '2025-09-09 14:45:31'),
(77, 'Manual_Adjustments', 37, 'STATUS_CHANGE', 'Status: PENDING', 'Status: APPROVED, Approved_by: 3', '3', '2025-09-10 10:03:57'),
(78, 'Product', 105, 'CREATE', NULL, '{\"name\":\"Cokes Litro Vanilla\",\"category_name\":\"Beverage\",\"retail_price\":80,\"reorder_level\":20,\"initial_stock\":100,\"is_discontinued\":0}', '1', '2025-09-10 10:23:52'),
(79, 'Inventory', 105, 'TRANSFER_STOCK', '{\"Display_stocks_delta\":-5}', '{\"Display_stocks_delta\":5}', '1', '2025-09-10 10:27:04'),
(80, 'Manual_Adjustments', 38, 'STATUS_CHANGE', 'Status: PENDING', 'Status: APPROVED, Approved_by: 1', '1', '2025-09-10 10:37:39'),
(81, 'Customer_Return', 0, 'CREATE', NULL, '{\"SaleItem_ID\":126,\"Product_ID\":100,\"Quantity\":1,\"Reason\":\"Wrong item\",\"Return_Type\":\"REFUND\"}', '7', '2025-09-11 15:42:32'),
(82, 'Customer_Return', 1, 'STATUS_CHANGE', '{\"Return_ID\":1,\"SaleItem_ID\":126,\"Product_ID\":100,\"Quantity\":1,\"Reason\":\"Wrong item\",\"Return_Date\":\"2025-09-11\",\"Status\":\"Pending\",\"Approved_by\":null,\"Return_Type\":\"REFUND\",\"Approved_At\":null}', '{\"Status\":\"Approved\",\"Approved_by\":3,\"Comments\":\"okay good\",\"Exchange_Only\":0}', '3', '2025-09-11 15:50:25'),
(83, 'Customer_Return', 1, 'STATUS_CHANGE', '{\"Return_ID\":1,\"SaleItem_ID\":126,\"Product_ID\":100,\"Quantity\":1,\"Reason\":\"Wrong item\",\"Return_Date\":\"2025-09-11\",\"Status\":\"Approved\",\"Approved_by\":3,\"Return_Type\":\"REFUND\",\"Approved_At\":null,\"Approved_Date\":\"2025-09-11 17:50:25\"}', '{\"Status\":\"Approved\",\"Approved_by\":3,\"Comments\":\"okay good\",\"Exchange_Only\":0}', '3', '2025-09-11 15:50:33'),
(84, 'Customer_Return', 2, 'CREATE', NULL, '{\"SaleItem_ID\":125,\"Product_ID\":69,\"Quantity\":1,\"Reason\":\"Defective/Damaged product\",\"Return_Type\":\"REPLACE\"}', '7', '2025-09-11 16:14:52'),
(85, 'Customer_Return', 2, 'STATUS_CHANGE', '{\"Return_ID\":2,\"SaleItem_ID\":125,\"Product_ID\":69,\"Quantity\":1,\"Reason\":\"Defective/Damaged product\",\"Return_Date\":\"2025-09-11\",\"Status\":\"Pending\",\"Approved_by\":null,\"Return_Type\":\"REPLACE\",\"Approved_At\":null,\"Approved_Date\":null}', '{\"Status\":\"Approved\",\"Approved_by\":3,\"Comments\":\"okay good\",\"Exchange_Only\":0}', '3', '2025-09-11 16:29:22'),
(86, 'Customer_Return', 3, 'CREATE', NULL, '{\"SaleItem_ID\":125,\"Product_ID\":69,\"Quantity\":1,\"Reason\":\"Wrong item\",\"Return_Type\":\"REFUND\"}', '7', '2025-09-11 16:49:34'),
(87, 'Customer_Return', 3, 'STATUS_CHANGE', '{\"Return_ID\":3,\"SaleItem_ID\":125,\"Product_ID\":69,\"Quantity\":1,\"Reason\":\"Wrong item\",\"Return_Date\":\"2025-09-11\",\"Status\":\"Pending\",\"Approved_by\":null,\"Return_Type\":\"REFUND\",\"Approved_At\":null,\"Approved_Date\":null}', '{\"Status\":\"Approved\",\"Approved_by\":3,\"Comments\":\"okay good\",\"Exchange_Only\":0}', '3', '2025-09-11 16:59:19'),
(88, 'Customer_Return', 4, 'CREATE', NULL, '{\"SaleItem_ID\":120,\"Product_ID\":73,\"Quantity\":1,\"Reason\":\"Expired product\",\"Return_Type\":\"REFUND\"}', '7', '2025-09-11 17:01:12'),
(89, 'Customer_Return', 4, 'STATUS_CHANGE', '{\"Return_ID\":4,\"SaleItem_ID\":120,\"Product_ID\":73,\"Quantity\":1,\"Reason\":\"Expired product\",\"Return_Date\":\"2025-09-11\",\"Status\":\"Pending\",\"Approved_by\":null,\"Return_Type\":\"REFUND\",\"Approved_At\":null,\"Approved_Date\":null}', '{\"Status\":\"Approved\",\"Approved_by\":3,\"Comments\":\"okay good\",\"Exchange_Only\":1}', '3', '2025-09-11 17:09:20'),
(90, 'Customer_Return', 5, 'CREATE', NULL, '{\"SaleItem_ID\":111,\"Product_ID\":98,\"Quantity\":1,\"Reason\":\"Wrong item\",\"Return_Type\":\"REPLACE\"}', '7', '2025-09-11 18:00:35'),
(91, 'Customer_Return', 5, 'STATUS_CHANGE', '{\"Return_ID\":5,\"SaleItem_ID\":111,\"Product_ID\":98,\"Quantity\":1,\"Reason\":\"Wrong item\",\"Return_Date\":\"2025-09-11\",\"Status\":\"Pending\",\"Approved_by\":null,\"Return_Type\":\"REPLACE\",\"Approved_At\":null,\"Approved_Date\":null,\"Created_by\":7}', '{\"Status\":\"Rejected\",\"Approved_by\":3,\"Comments\":\"no\",\"Exchange_Only\":0}', '3', '2025-09-11 18:01:13'),
(92, 'Customer_Return', 6, 'CREATE', NULL, '{\"SaleItem_ID\":130,\"Product_ID\":94,\"Quantity\":1,\"Reason\":\"Expired product\",\"Return_Type\":\"REFUND\"}', '8', '2025-09-11 18:04:42'),
(93, 'Customer_Return', 6, 'STATUS_CHANGE', '{\"Return_ID\":6,\"SaleItem_ID\":130,\"Product_ID\":94,\"Quantity\":1,\"Reason\":\"Expired product\",\"Return_Date\":\"2025-09-11\",\"Status\":\"Pending\",\"Approved_by\":null,\"Return_Type\":\"REFUND\",\"Approved_At\":null,\"Approved_Date\":null,\"Created_by\":8}', '{\"Status\":\"Approved\",\"Approved_by\":3,\"Comments\":\"okay good\",\"Exchange_Only\":0}', '3', '2025-09-11 18:06:22'),
(94, 'Customer_Return', 7, 'CREATE', NULL, '{\"SaleItem_ID\":117,\"Product_ID\":99,\"Quantity\":1,\"Reason\":\"Defective/Damaged product\",\"Return_Type\":\"REPLACE\"}', '8', '2025-09-11 18:50:06'),
(95, 'Customer_Return', 7, 'STATUS_CHANGE', '{\"Return_ID\":7,\"SaleItem_ID\":117,\"Product_ID\":99,\"Quantity\":1,\"Reason\":\"Defective/Damaged product\",\"Return_Date\":\"2025-09-11\",\"Status\":\"Pending\",\"Approved_by\":null,\"Return_Type\":\"REPLACE\",\"Approved_At\":null,\"Approved_Date\":null,\"Created_by\":8}', '{\"Status\":\"Approved\",\"Approved_by\":3,\"Comments\":\"Very good\",\"Exchange_Only\":0}', '3', '2025-09-11 18:52:32'),
(96, 'Customer_Return', 8, 'CREATE', NULL, '{\"SaleItem_ID\":98,\"Product_ID\":98,\"Quantity\":1,\"Reason\":\"Wrong item\",\"Return_Type\":\"REFUND\"}', '8', '2025-09-11 19:17:01'),
(97, 'Customer_Return', 9, 'CREATE', NULL, '{\"SaleItem_ID\":18,\"Product_ID\":8,\"Quantity\":1,\"Reason\":\"Expired product\",\"Return_Type\":\"REFUND\"}', '8', '2025-09-11 19:20:26'),
(98, 'Customer_Return', 10, 'CREATE', NULL, '{\"SaleItem_ID\":29,\"Product_ID\":70,\"Quantity\":3,\"Reason\":\"Wrong item\",\"Return_Type\":\"REFUND\"}', '8', '2025-09-11 19:28:35'),
(99, 'Customer_Return', 10, 'STATUS_CHANGE', '{\"Return_ID\":10,\"SaleItem_ID\":29,\"Product_ID\":70,\"Quantity\":3,\"Reason\":\"Wrong item\",\"Return_Date\":\"2025-09-11\",\"Status\":\"Pending\",\"Approved_by\":null,\"Return_Type\":\"REFUND\",\"Approved_At\":null,\"Approved_Date\":null,\"Created_by\":8,\"Terminal_ID\":null}', '{\"Status\":\"Approved\",\"Approved_by\":3,\"Comments\":\"qweq\",\"Exchange_Only\":0}', '3', '2025-09-11 19:29:19'),
(100, 'Customer_Return', 11, 'CREATE', NULL, '{\"SaleItem_ID\":132,\"Product_ID\":92,\"Quantity\":2,\"Reason\":\"Wrong item\",\"Return_Type\":\"REPLACE\"}', '8', '2025-09-11 19:42:44'),
(101, 'Customer_Return', 11, 'STATUS_CHANGE', '{\"Return_ID\":11,\"SaleItem_ID\":132,\"Product_ID\":92,\"Quantity\":2,\"Reason\":\"Wrong item\",\"Return_Date\":\"2025-09-11\",\"Status\":\"Pending\",\"Approved_by\":null,\"Return_Type\":\"REPLACE\",\"Approved_At\":null,\"Approved_Date\":null,\"Created_by\":8,\"Terminal_ID\":null}', '{\"Status\":\"Approved\",\"Approved_by\":3,\"Comments\":\"good\",\"Exchange_Only\":0}', '3', '2025-09-11 19:43:28'),
(102, 'Customer_Return', 12, 'CREATE', NULL, '{\"SaleItem_ID\":134,\"Product_ID\":92,\"Quantity\":5,\"Reason\":\"Wrong item\",\"Return_Type\":\"REFUND\"}', '8', '2025-09-11 20:01:32'),
(103, 'Customer_Return', 12, 'STATUS_CHANGE', '{\"Return_ID\":12,\"SaleItem_ID\":134,\"Product_ID\":92,\"Quantity\":5,\"Reason\":\"Wrong item\",\"Return_Date\":\"2025-09-11\",\"Status\":\"Pending\",\"Approved_by\":null,\"Return_Type\":\"REFUND\",\"Approved_At\":null,\"Approved_Date\":null,\"Created_by\":8,\"Terminal_ID\":1}', '{\"Status\":\"Approved\",\"Approved_by\":3,\"Comments\":\"good\",\"Exchange_Only\":1}', '3', '2025-09-11 20:02:16'),
(104, 'Customer_Return', 13, 'CREATE', NULL, '{\"SaleItem_ID\":135,\"Product_ID\":104,\"Quantity\":4,\"Reason\":\"Wrong item\",\"Return_Type\":\"REFUND\"}', '8', '2025-09-11 20:03:52'),
(105, 'Customer_Return', 13, 'STATUS_CHANGE', '{\"Return_ID\":13,\"SaleItem_ID\":135,\"Product_ID\":104,\"Quantity\":4,\"Reason\":\"Wrong item\",\"Return_Date\":\"2025-09-11\",\"Status\":\"Pending\",\"Approved_by\":null,\"Return_Type\":\"REFUND\",\"Approved_At\":null,\"Approved_Date\":null,\"Created_by\":8,\"Terminal_ID\":1}', '{\"Status\":\"Approved\",\"Approved_by\":3,\"Comments\":\"qweqsda\",\"Exchange_Only\":0}', '3', '2025-09-11 20:04:11'),
(106, 'Customer_Return', 14, 'CREATE', NULL, '{\"SaleItem_ID\":136,\"Product_ID\":104,\"Quantity\":5,\"Reason\":\"Expired product\",\"Return_Type\":\"REFUND\"}', '8', '2025-09-11 20:05:59'),
(107, 'Customer_Return', 14, 'STATUS_CHANGE', '{\"Return_ID\":14,\"SaleItem_ID\":136,\"Product_ID\":104,\"Quantity\":5,\"Reason\":\"Expired product\",\"Return_Date\":\"2025-09-11\",\"Status\":\"Pending\",\"Approved_by\":null,\"Return_Type\":\"REFUND\",\"Approved_At\":null,\"Approved_Date\":null,\"Created_by\":8,\"Terminal_ID\":1}', '{\"Status\":\"Approved\",\"Approved_by\":3,\"Comments\":\"atays\",\"Exchange_Only\":0}', '3', '2025-09-11 20:06:18'),
(108, 'Customer_Return', 15, 'CREATE', NULL, '{\"SaleItem_ID\":129,\"Product_ID\":70,\"Quantity\":1,\"Reason\":\"Wrong item\",\"Return_Type\":\"REFUND\"}', '6', '2025-09-11 20:35:32'),
(109, 'Customer_Return', 15, 'STATUS_CHANGE', '{\"Return_ID\":15,\"SaleItem_ID\":129,\"Product_ID\":70,\"Quantity\":1,\"Reason\":\"Wrong item\",\"Return_Date\":\"2025-09-11\",\"Status\":\"Pending\",\"Approved_by\":null,\"Return_Type\":\"REFUND\",\"Approved_At\":null,\"Approved_Date\":null,\"Created_by\":6,\"Terminal_ID\":1}', '{\"Status\":\"Approved\",\"Approved_by\":3,\"Comments\":\"qweqsda\",\"Exchange_Only\":0}', '3', '2025-09-11 20:35:53'),
(110, 'Inventory', 105, 'TRANSFER_STOCK', '{\"Display_stocks_delta\":-37}', '{\"Display_stocks_delta\":37}', '3', '2025-09-12 08:01:13'),
(111, 'Customer_Return', 16, 'CREATE', NULL, '{\"SaleItem_ID\":138,\"Product_ID\":93,\"Quantity\":5,\"Reason\":\"Changed mind\",\"Return_Type\":\"REFUND\"}', '6', '2025-09-12 08:43:40'),
(112, 'Customer_Return', 16, 'STATUS_CHANGE', '{\"Return_ID\":16,\"SaleItem_ID\":138,\"Product_ID\":93,\"Quantity\":5,\"Reason\":\"Changed mind\",\"Return_Date\":\"2025-09-12\",\"Status\":\"Pending\",\"Approved_by\":null,\"Return_Type\":\"REFUND\",\"Approved_At\":null,\"Approved_Date\":null,\"Created_by\":6,\"Terminal_ID\":1}', '{\"Status\":\"Approved\",\"Approved_by\":3,\"Comments\":\"\",\"Exchange_Only\":0}', '3', '2025-09-12 08:48:05'),
(113, 'Customer_Return', 17, 'CREATE', NULL, '{\"SaleItem_ID\":139,\"Product_ID\":103,\"Quantity\":2,\"Reason\":\"OTHER\",\"Return_Type\":\"REPLACE\"}', '6', '2025-09-12 09:47:26'),
(114, 'Customer_Return', 17, 'STATUS_CHANGE', '{\"Return_ID\":17,\"SaleItem_ID\":139,\"Product_ID\":103,\"Quantity\":2,\"Reason\":\"OTHER\",\"Return_Date\":\"2025-09-12\",\"Status\":\"Pending\",\"Approved_by\":null,\"Return_Type\":\"REPLACE\",\"Approved_At\":null,\"Approved_Date\":null,\"Created_by\":6,\"Terminal_ID\":1}', '{\"Status\":\"Approved\",\"Approved_by\":3,\"Comments\":\"good\",\"Exchange_Only\":0}', '3', '2025-09-12 09:50:55'),
(115, 'Customer_Return', 18, 'CREATE', NULL, '{\"SaleItem_ID\":140,\"Product_ID\":102,\"Quantity\":2,\"Reason\":\"OTHER\",\"Return_Type\":\"REFUND\"}', '6', '2025-09-12 09:57:10'),
(116, 'Customer_Return', 19, 'CREATE', NULL, '{\"SaleItem_ID\":141,\"Product_ID\":101,\"Quantity\":2,\"Reason\":\"OTHER\",\"Return_Type\":\"REFUND\"}', '6', '2025-09-12 10:12:07'),
(117, 'Customer_Return', 20, 'CREATE', NULL, '{\"SaleItem_ID\":142,\"Product_ID\":71,\"Quantity\":4,\"Reason\":\"OTHER\",\"Return_Type\":\"REFUND\"}', '6', '2025-09-12 10:14:28'),
(118, 'Customer_Return', 20, 'STATUS_CHANGE', '{\"Return_ID\":20,\"SaleItem_ID\":142,\"Product_ID\":71,\"Quantity\":4,\"Reason\":\"OTHER\",\"Return_Date\":\"2025-09-12\",\"Status\":\"Pending\",\"Approved_by\":null,\"Return_Type\":\"REFUND\",\"Approved_At\":null,\"Approved_Date\":null,\"Created_by\":6,\"Terminal_ID\":1}', '{\"Status\":\"Approved\",\"Approved_by\":3,\"Comments\":\"ikay\",\"Exchange_Only\":0}', '3', '2025-09-12 10:14:55'),
(119, 'Customer_Return', 21, 'CREATE', NULL, '{\"SaleItem_ID\":143,\"Product_ID\":94,\"Quantity\":2,\"Reason\":\"OTHER\",\"Return_Type\":\"REFUND\"}', '6', '2025-09-12 10:23:50'),
(120, 'Customer_Return', 22, 'CREATE', NULL, '{\"SaleItem_ID\":143,\"Product_ID\":94,\"Quantity\":2,\"Reason\":\"DAMAGED\",\"Return_Type\":\"REFUND\"}', '6', '2025-09-12 10:23:50'),
(121, 'Customer_Return', 22, 'STATUS_CHANGE', '{\"Return_ID\":22,\"SaleItem_ID\":143,\"Product_ID\":94,\"Quantity\":2,\"Reason\":\"DAMAGED\",\"Return_Date\":\"2025-09-12\",\"Status\":\"Pending\",\"Approved_by\":null,\"Return_Type\":\"REFUND\",\"Approved_At\":null,\"Approved_Date\":null,\"Created_by\":6,\"Terminal_ID\":1}', '{\"Status\":\"Approved\",\"Approved_by\":3,\"Comments\":\"ikay\",\"Exchange_Only\":0}', '3', '2025-09-12 10:24:31'),
(122, 'Customer_Return', 22, 'STATUS_CHANGE', '{\"Return_ID\":22,\"SaleItem_ID\":143,\"Product_ID\":94,\"Quantity\":2,\"Reason\":\"DAMAGED\",\"Return_Date\":\"2025-09-12\",\"Status\":\"Approved\",\"Approved_by\":3,\"Return_Type\":\"REFUND\",\"Approved_At\":null,\"Approved_Date\":\"2025-09-12 12:24:31\",\"Created_by\":6,\"Terminal_ID\":1}', '{\"Status\":\"Approved\",\"Approved_by\":3,\"Comments\":\"ikay\",\"Exchange_Only\":0}', '3', '2025-09-12 10:24:32'),
(123, 'Customer_Return', 22, 'STATUS_CHANGE', '{\"Return_ID\":22,\"SaleItem_ID\":143,\"Product_ID\":94,\"Quantity\":2,\"Reason\":\"DAMAGED\",\"Return_Date\":\"2025-09-12\",\"Status\":\"Approved\",\"Approved_by\":3,\"Return_Type\":\"REFUND\",\"Approved_At\":null,\"Approved_Date\":\"2025-09-12 12:24:32\",\"Created_by\":6,\"Terminal_ID\":1}', '{\"Status\":\"Approved\",\"Approved_by\":3,\"Comments\":\"ikay\",\"Exchange_Only\":0}', '3', '2025-09-12 10:24:36'),
(124, 'Customer_Return', 22, 'STATUS_CHANGE', '{\"Return_ID\":22,\"SaleItem_ID\":143,\"Product_ID\":94,\"Quantity\":2,\"Reason\":\"DAMAGED\",\"Return_Date\":\"2025-09-12\",\"Status\":\"Approved\",\"Approved_by\":3,\"Return_Type\":\"REFUND\",\"Approved_At\":null,\"Approved_Date\":\"2025-09-12 12:24:36\",\"Created_by\":6,\"Terminal_ID\":1}', '{\"Status\":\"Approved\",\"Approved_by\":3,\"Comments\":\"ikay\",\"Exchange_Only\":0}', '3', '2025-09-12 10:24:37'),
(125, 'Customer_Return', 21, 'STATUS_CHANGE', '{\"Return_ID\":21,\"SaleItem_ID\":143,\"Product_ID\":94,\"Quantity\":2,\"Reason\":\"OTHER\",\"Return_Date\":\"2025-09-12\",\"Status\":\"Pending\",\"Approved_by\":null,\"Return_Type\":\"REFUND\",\"Approved_At\":null,\"Approved_Date\":null,\"Created_by\":6,\"Terminal_ID\":1}', '{\"Status\":\"Approved\",\"Approved_by\":3,\"Comments\":\"okay good\",\"Exchange_Only\":0}', '3', '2025-09-12 10:27:07'),
(126, 'Customer_Return', 23, 'CREATE', NULL, '{\"SaleItem_ID\":143,\"Product_ID\":94,\"Quantity\":1,\"Reason\":\"OTHER\",\"Return_Type\":\"REFUND\"}', '6', '2025-09-12 10:28:54'),
(127, 'Customer_Return', 23, 'STATUS_CHANGE', '{\"Return_ID\":23,\"SaleItem_ID\":143,\"Product_ID\":94,\"Quantity\":1,\"Reason\":\"OTHER\",\"Return_Date\":\"2025-09-12\",\"Status\":\"Pending\",\"Approved_by\":null,\"Return_Type\":\"REFUND\",\"Approved_At\":null,\"Approved_Date\":null,\"Created_by\":6,\"Terminal_ID\":1}', '{\"Status\":\"Approved\",\"Approved_by\":3,\"Comments\":\"qqwe\",\"Exchange_Only\":0}', '3', '2025-09-12 10:29:36'),
(128, 'Customer_Return', 24, 'CREATE', NULL, '{\"SaleItem_ID\":144,\"Product_ID\":105,\"Quantity\":1,\"Reason\":\"WRONG_ITEM\",\"Return_Type\":\"REFUND\"}', '6', '2025-09-12 10:38:31'),
(129, 'Customer_Return', 24, 'STATUS_CHANGE', '{\"Return_ID\":24,\"SaleItem_ID\":144,\"Product_ID\":105,\"Quantity\":1,\"Reason\":\"WRONG_ITEM\",\"Return_Date\":\"2025-09-12\",\"Status\":\"Pending\",\"Approved_by\":null,\"Return_Type\":\"REFUND\",\"Approved_At\":null,\"Approved_Date\":null,\"Created_by\":6,\"Terminal_ID\":1}', '{\"Status\":\"Approved\",\"Approved_by\":3,\"Comments\":\"\",\"Exchange_Only\":0}', '3', '2025-09-12 10:38:45'),
(131, 'Customer_Return', 19, 'STATUS_CHANGE', '{\"Return_ID\":19,\"SaleItem_ID\":141,\"Product_ID\":101,\"Quantity\":2,\"Reason\":\"OTHER\",\"Return_Date\":\"2025-09-12\",\"Status\":\"Pending\",\"Approved_by\":null,\"Return_Type\":\"REFUND\",\"Approved_At\":null,\"Approved_Date\":null,\"Created_by\":6,\"Terminal_ID\":1}', '{\"Status\":\"Approved\",\"Approved_by\":3,\"Comments\":\"qaw\",\"Exchange_Only\":0}', '3', '2025-09-12 10:46:40'),
(132, 'Customer_Return', 26, 'CREATE', NULL, '{\"SaleItem_ID\":145,\"Product_ID\":100,\"Quantity\":2,\"Reason\":\"WRONG_ITEM\",\"Return_Type\":\"REPLACE\"}', '6', '2025-09-12 10:52:37'),
(133, 'Customer_Return', 26, 'STATUS_CHANGE', '{\"Return_ID\":26,\"SaleItem_ID\":145,\"Product_ID\":100,\"Quantity\":2,\"Reason\":\"WRONG_ITEM\",\"Return_Date\":\"2025-09-12\",\"Status\":\"Pending\",\"Approved_by\":null,\"Return_Type\":\"REPLACE\",\"Approved_At\":null,\"Approved_Date\":null,\"Created_by\":6,\"Terminal_ID\":1}', '{\"Status\":\"Approved\",\"Approved_by\":3,\"Comments\":\"qasdazaz\",\"Exchange_Only\":0}', '3', '2025-09-12 10:53:14'),
(134, 'Customer_Return', 27, 'CREATE', NULL, '{\"SaleItem_ID\":146,\"Product_ID\":100,\"Quantity\":2,\"Reason\":\"DAMAGED\",\"Return_Type\":\"REFUND\"}', '6', '2025-09-12 11:24:10'),
(135, 'Customer_Return', 27, 'STATUS_CHANGE', '{\"Return_ID\":27,\"SaleItem_ID\":146,\"Product_ID\":100,\"Quantity\":2,\"Reason\":\"DAMAGED\",\"Return_Date\":\"2025-09-12\",\"Status\":\"Pending\",\"Approved_by\":null,\"Return_Type\":\"REFUND\",\"Approved_At\":null,\"Approved_Date\":null,\"Created_by\":6,\"Terminal_ID\":1}', '{\"Status\":\"Approved\",\"Approved_by\":3,\"Comments\":\"no\",\"Exchange_Only\":0}', '3', '2025-09-12 11:25:44'),
(136, 'Customer_Return', 27, 'STATUS_CHANGE', '{\"Return_ID\":27,\"SaleItem_ID\":146,\"Product_ID\":100,\"Quantity\":2,\"Reason\":\"DAMAGED\",\"Return_Date\":\"2025-09-12\",\"Status\":\"Approved\",\"Approved_by\":3,\"Return_Type\":\"REFUND\",\"Approved_At\":null,\"Approved_Date\":\"2025-09-12 13:25:44\",\"Created_by\":6,\"Terminal_ID\":1}', '{\"Status\":\"Approved\",\"Approved_by\":3,\"Comments\":\"no\",\"Exchange_Only\":0}', '3', '2025-09-12 11:25:45'),
(137, 'Inventory', 103, 'TRANSFER_STOCK', '{\"Display_stocks_delta\":-5}', '{\"Display_stocks_delta\":5}', '3', '2025-09-12 11:26:48'),
(138, 'Customer_Return', 28, 'CREATE', NULL, '{\"SaleItem_ID\":147,\"Product_ID\":103,\"Quantity\":3,\"Reason\":\"DAMAGED\",\"Return_Type\":\"REFUND\"}', '6', '2025-09-12 11:27:51'),
(139, 'Customer_Return', 28, 'STATUS_CHANGE', '{\"Return_ID\":28,\"SaleItem_ID\":147,\"Product_ID\":103,\"Quantity\":3,\"Reason\":\"DAMAGED\",\"Return_Date\":\"2025-09-12\",\"Status\":\"Pending\",\"Approved_by\":null,\"Return_Type\":\"REFUND\",\"Approved_At\":null,\"Approved_Date\":null,\"Created_by\":6,\"Terminal_ID\":1}', '{\"Status\":\"Approved\",\"Approved_by\":3,\"Comments\":\"qwe\",\"Exchange_Only\":0}', '3', '2025-09-12 11:28:08'),
(140, 'Customer_Return', 18, 'STATUS_CHANGE', '{\"Return_ID\":18,\"SaleItem_ID\":140,\"Product_ID\":102,\"Quantity\":2,\"Reason\":\"OTHER\",\"Return_Date\":\"2025-09-12\",\"Status\":\"Pending\",\"Approved_by\":null,\"Return_Type\":\"REFUND\",\"Approved_At\":null,\"Approved_Date\":null,\"Created_by\":6,\"Terminal_ID\":1}', '{\"Status\":\"Approved\",\"Approved_by\":3,\"Comments\":\"uyf\",\"Exchange_Only\":0}', '3', '2025-09-12 11:43:13'),
(141, 'Manual_Adjustments', 39, 'STATUS_CHANGE', 'Status: PENDING', 'Status: REJECTED, Approved_by: 3', '3', '2025-09-12 12:38:21'),
(142, 'Manual_Adjustments', 40, 'STATUS_CHANGE', 'Status: PENDING', 'Status: APPROVED, Approved_by: 3', '3', '2025-09-12 12:38:47'),
(143, 'Manual_Adjustments', 41, 'STATUS_CHANGE', 'Status: PENDING', 'Status: APPROVED, Approved_by: 3', '3', '2025-09-12 12:47:15'),
(144, 'Manual_Adjustments', 42, 'STATUS_CHANGE', 'Status: PENDING', 'Status: APPROVED, Approved_by: 3', '3', '2025-09-12 12:56:13'),
(148, 'Customer_Return', 32, 'CREATE', NULL, '{\"SaleItem_ID\":149,\"Product_ID\":99,\"Quantity\":6,\"Reason\":\"WRONG_ITEM\",\"Return_Type\":\"REFUND\"}', '6', '2025-09-12 13:12:19'),
(149, 'Customer_Return', 32, 'STATUS_CHANGE', '{\"Return_ID\":32,\"SaleItem_ID\":149,\"Product_ID\":99,\"Quantity\":6,\"Reason\":\"WRONG_ITEM\",\"Return_Date\":\"2025-09-12\",\"Status\":\"Pending\",\"Approved_by\":null,\"Return_Type\":\"REFUND\",\"Approved_At\":null,\"Approved_Date\":null,\"Created_by\":6,\"Terminal_ID\":1}', '{\"Status\":\"Approved\",\"Approved_by\":3,\"Comments\":\"sas\",\"Exchange_Only\":0}', '3', '2025-09-12 13:13:05'),
(151, 'Customer_Return', 34, 'CREATE', NULL, '{\"SaleItem_ID\":150,\"Product_ID\":105,\"Quantity\":2,\"Reason\":\"EXPIRED\",\"Return_Type\":\"REFUND\"}', '6', '2025-09-12 13:28:06'),
(152, 'Customer_Return', 34, 'SUPPLIER_CLAIM_ENQUEUED', NULL, '{\"reason\":\"EXPIRED\"}', '6', '2025-09-12 13:28:06'),
(153, 'Customer_Return', 35, 'CREATE', NULL, '{\"SaleItem_ID\":151,\"Product_ID\":104,\"Quantity\":3,\"Reason\":\"EXPIRED\",\"Return_Type\":\"REFUND\"}', '6', '2025-09-12 13:37:20'),
(154, 'Customer_Return', 35, 'SUPPLIER_CLAIM_ENQUEUED', NULL, '{\"reason\":\"EXPIRED\"}', '6', '2025-09-12 13:37:20'),
(156, 'Customer_Return', 37, 'CREATE', NULL, '{\"SaleItem_ID\":153,\"Product_ID\":105,\"Quantity\":3,\"Reason\":\"WRONG_ITEM\",\"Return_Type\":\"REFUND\"}', '6', '2025-09-12 13:47:40'),
(157, 'Customer_Return', 38, 'CREATE', NULL, '{\"SaleItem_ID\":153,\"Product_ID\":105,\"Quantity\":2,\"Reason\":\"EXPIRED\",\"Return_Type\":\"REFUND\"}', '6', '2025-09-12 13:47:40'),
(158, 'Customer_Return', 38, 'SUPPLIER_CLAIM_ENQUEUED', NULL, '{\"reason\":\"EXPIRED\"}', '6', '2025-09-12 13:47:40'),
(159, 'Customer_Return', 38, 'STATUS_CHANGE', '{\"Return_ID\":38,\"SaleItem_ID\":153,\"Product_ID\":105,\"Quantity\":2,\"Reason\":\"EXPIRED\",\"Return_Date\":\"2025-09-12\",\"Status\":\"Pending\",\"Approved_by\":null,\"Return_Type\":\"REFUND\",\"Approved_At\":null,\"Approved_Date\":null,\"Created_by\":6,\"Terminal_ID\":1}', '{\"Status\":\"Approved\",\"Approved_by\":3,\"Comments\":\"ss\",\"Exchange_Only\":0}', '3', '2025-09-12 13:49:26'),
(160, 'Customer_Return', 34, 'STATUS_CHANGE', '{\"Return_ID\":34,\"SaleItem_ID\":150,\"Product_ID\":105,\"Quantity\":2,\"Reason\":\"EXPIRED\",\"Return_Date\":\"2025-09-12\",\"Status\":\"Pending\",\"Approved_by\":null,\"Return_Type\":\"REFUND\",\"Approved_At\":null,\"Approved_Date\":null,\"Created_by\":6,\"Terminal_ID\":1}', '{\"Status\":\"Approved\",\"Approved_by\":3,\"Comments\":\"\",\"Exchange_Only\":0}', '3', '2025-09-12 14:55:20'),
(161, 'Customer_Return', 37, 'STATUS_CHANGE', '{\"Return_ID\":37,\"SaleItem_ID\":153,\"Product_ID\":105,\"Quantity\":3,\"Reason\":\"WRONG_ITEM\",\"Return_Date\":\"2025-09-12\",\"Status\":\"Pending\",\"Approved_by\":null,\"Return_Type\":\"REFUND\",\"Approved_At\":null,\"Approved_Date\":null,\"Created_by\":6,\"Terminal_ID\":1}', '{\"Status\":\"Approved\",\"Approved_by\":3,\"Comments\":\"\",\"Exchange_Only\":0}', '3', '2025-09-12 14:55:39'),
(162, 'Customer_Return', 39, 'CREATE', NULL, '{\"SaleItem_ID\":154,\"Product_ID\":104,\"Quantity\":1,\"Reason\":\"WRONG_ITEM\",\"Return_Type\":\"REFUND\"}', '6', '2025-09-12 15:28:12'),
(163, 'Customer_Return', 40, 'CREATE', NULL, '{\"SaleItem_ID\":154,\"Product_ID\":104,\"Quantity\":1,\"Reason\":\"EXPIRED\",\"Return_Type\":\"REFUND\"}', '6', '2025-09-12 15:28:12'),
(164, 'Customer_Return', 40, 'SUPPLIER_CLAIM_ENQUEUED', NULL, '{\"reason\":\"EXPIRED\"}', '6', '2025-09-12 15:28:12'),
(165, 'Customer_Return', 40, 'STATUS_CHANGE', '{\"Return_ID\":40,\"SaleItem_ID\":154,\"Product_ID\":104,\"Quantity\":1,\"Reason\":\"EXPIRED\",\"Return_Date\":\"2025-09-12\",\"Status\":\"Pending\",\"Approved_by\":null,\"Return_Type\":\"REFUND\",\"Approved_At\":null,\"Approved_Date\":null,\"Created_by\":6,\"Terminal_ID\":1}', '{\"Status\":\"Approved\",\"Approved_by\":3,\"Comments\":\"qwe\",\"Exchange_Only\":0}', '3', '2025-09-12 15:28:55'),
(166, 'Customer_Return', 41, 'CREATE', NULL, '{\"SaleItem_ID\":155,\"Product_ID\":104,\"Quantity\":2,\"Reason\":\"WRONG_ITEM\",\"Return_Type\":\"REFUND\"}', '7', '2025-09-12 15:43:59'),
(167, 'Customer_Return', 42, 'CREATE', NULL, '{\"SaleItem_ID\":155,\"Product_ID\":104,\"Quantity\":1,\"Reason\":\"EXPIRED\",\"Return_Type\":\"REFUND\"}', '7', '2025-09-12 15:43:59'),
(168, 'Customer_Return', 42, 'SUPPLIER_CLAIM_ENQUEUED', NULL, '{\"reason\":\"EXPIRED\"}', '7', '2025-09-12 15:43:59'),
(169, 'Customer_Return', 42, 'STATUS_CHANGE', '{\"Return_ID\":42,\"SaleItem_ID\":155,\"Product_ID\":104,\"Quantity\":1,\"Reason\":\"EXPIRED\",\"Return_Date\":\"2025-09-12\",\"Status\":\"Pending\",\"Approved_by\":null,\"Return_Type\":\"REFUND\",\"Approved_At\":null,\"Approved_Date\":null,\"Created_by\":7,\"Terminal_ID\":1}', '{\"Status\":\"Approved\",\"Approved_by\":3,\"Comments\":\"qwased\",\"Exchange_Only\":0}', '3', '2025-09-12 15:49:52'),
(170, 'Customer_Return', 41, 'STATUS_CHANGE', '{\"Return_ID\":41,\"SaleItem_ID\":155,\"Product_ID\":104,\"Quantity\":2,\"Reason\":\"WRONG_ITEM\",\"Return_Date\":\"2025-09-12\",\"Status\":\"Pending\",\"Approved_by\":null,\"Return_Type\":\"REFUND\",\"Approved_At\":null,\"Approved_Date\":null,\"Created_by\":7,\"Terminal_ID\":1}', '{\"Status\":\"Approved\",\"Approved_by\":3,\"Comments\":\"sada\",\"Exchange_Only\":0}', '3', '2025-09-12 15:50:28'),
(171, 'Customer_Return', 43, 'CREATE', NULL, '{\"SaleItem_ID\":156,\"Product_ID\":104,\"Quantity\":3,\"Reason\":\"WRONG_ITEM\",\"Return_Type\":\"REFUND\"}', '7', '2025-09-12 15:51:33'),
(172, 'Customer_Return', 44, 'CREATE', NULL, '{\"SaleItem_ID\":156,\"Product_ID\":104,\"Quantity\":2,\"Reason\":\"EXPIRED\",\"Return_Type\":\"REFUND\"}', '7', '2025-09-12 15:51:33'),
(173, 'Customer_Return', 44, 'SUPPLIER_CLAIM_ENQUEUED', NULL, '{\"reason\":\"EXPIRED\"}', '7', '2025-09-12 15:51:33'),
(174, 'Customer_Return', 44, 'STATUS_CHANGE', '{\"Return_ID\":44,\"SaleItem_ID\":156,\"Product_ID\":104,\"Quantity\":2,\"Reason\":\"EXPIRED\",\"Return_Date\":\"2025-09-12\",\"Status\":\"Pending\",\"Approved_by\":null,\"Return_Type\":\"REFUND\",\"Approved_At\":null,\"Approved_Date\":null,\"Created_by\":7,\"Terminal_ID\":1}', '{\"Status\":\"Approved\",\"Approved_by\":3,\"Comments\":\"qweq\",\"Exchange_Only\":0}', '3', '2025-09-12 15:51:52'),
(175, 'Customer_Return', 43, 'STATUS_CHANGE', '{\"Return_ID\":43,\"SaleItem_ID\":156,\"Product_ID\":104,\"Quantity\":3,\"Reason\":\"WRONG_ITEM\",\"Return_Date\":\"2025-09-12\",\"Status\":\"Pending\",\"Approved_by\":null,\"Return_Type\":\"REFUND\",\"Approved_At\":null,\"Approved_Date\":null,\"Created_by\":7,\"Terminal_ID\":1}', '{\"Status\":\"Approved\",\"Approved_by\":3,\"Comments\":\"ewqeq\",\"Exchange_Only\":0}', '3', '2025-09-12 15:52:30'),
(176, 'Customer_Return', 45, 'CREATE', NULL, '{\"SaleItem_ID\":157,\"Product_ID\":99,\"Quantity\":3,\"Reason\":\"DAMAGED\",\"Return_Type\":\"REFUND\"}', '7', '2025-09-12 15:55:38'),
(177, 'Customer_Return', 45, 'STATUS_CHANGE', '{\"Return_ID\":45,\"SaleItem_ID\":157,\"Product_ID\":99,\"Quantity\":3,\"Reason\":\"DAMAGED\",\"Return_Date\":\"2025-09-12\",\"Status\":\"Pending\",\"Approved_by\":null,\"Return_Type\":\"REFUND\",\"Approved_At\":null,\"Approved_Date\":null,\"Created_by\":7,\"Terminal_ID\":1}', '{\"Status\":\"Approved\",\"Approved_by\":3,\"Comments\":\"qweq\",\"Exchange_Only\":0}', '3', '2025-09-12 15:56:03'),
(178, 'Customer_Return', 39, 'STATUS_CHANGE', '{\"Return_ID\":39,\"SaleItem_ID\":154,\"Product_ID\":104,\"Quantity\":1,\"Reason\":\"WRONG_ITEM\",\"Return_Date\":\"2025-09-12\",\"Status\":\"Pending\",\"Approved_by\":null,\"Return_Type\":\"REFUND\",\"Approved_At\":null,\"Approved_Date\":null,\"Created_by\":6,\"Terminal_ID\":1}', '{\"Status\":\"Approved\",\"Approved_by\":3,\"Comments\":\"qwe\",\"Exchange_Only\":0}', '3', '2025-09-12 15:57:50'),
(179, 'Customer_Return', 35, 'STATUS_CHANGE', '{\"Return_ID\":35,\"SaleItem_ID\":151,\"Product_ID\":104,\"Quantity\":3,\"Reason\":\"EXPIRED\",\"Return_Date\":\"2025-09-12\",\"Status\":\"Pending\",\"Approved_by\":null,\"Return_Type\":\"REFUND\",\"Approved_At\":null,\"Approved_Date\":null,\"Created_by\":6,\"Terminal_ID\":1}', '{\"Status\":\"Approved\",\"Approved_by\":3,\"Comments\":\"qwe\",\"Exchange_Only\":0}', '3', '2025-09-12 15:58:30'),
(180, 'Customer_Return', 46, 'CREATE', NULL, '{\"SaleItem_ID\":158,\"Product_ID\":104,\"Quantity\":3,\"Reason\":\"EXPIRED\",\"Return_Type\":\"REFUND\"}', '6', '2025-09-12 16:24:01'),
(181, 'Customer_Return', 46, 'SUPPLIER_CLAIM_ENQUEUED', NULL, '{\"reason\":\"EXPIRED\"}', '6', '2025-09-12 16:24:01'),
(182, 'Customer_Return', 47, 'CREATE', NULL, '{\"SaleItem_ID\":158,\"Product_ID\":104,\"Quantity\":2,\"Reason\":\"WRONG_ITEM\",\"Return_Type\":\"REFUND\"}', '6', '2025-09-12 16:24:01'),
(183, 'Inventory', 103, 'TRANSFER_STOCK', '{\"Display_stocks_delta\":-5}', '{\"Display_stocks_delta\":5}', '3', '2025-09-12 16:24:49'),
(184, 'Customer_Return', 48, 'CREATE', NULL, '{\"SaleItem_ID\":159,\"Product_ID\":103,\"Quantity\":3,\"Reason\":\"DAMAGED\",\"Return_Type\":\"REFUND\"}', '7', '2025-09-12 16:25:35'),
(185, 'Customer_Return', 49, 'CREATE', NULL, '{\"SaleItem_ID\":159,\"Product_ID\":103,\"Quantity\":2,\"Reason\":\"WRONG_ITEM\",\"Return_Type\":\"REFUND\"}', '7', '2025-09-12 16:25:35'),
(186, 'Customer_Return', 49, 'STATUS_CHANGE', '{\"Return_ID\":49,\"SaleItem_ID\":159,\"Product_ID\":103,\"Quantity\":2,\"Reason\":\"WRONG_ITEM\",\"Return_Date\":\"2025-09-12\",\"Status\":\"Pending\",\"Approved_by\":null,\"Return_Type\":\"REFUND\",\"Approved_At\":null,\"Approved_Date\":null,\"Created_by\":7,\"Terminal_ID\":1}', '{\"Status\":\"Approved\",\"Approved_by\":3,\"Comments\":\"qwe\",\"Exchange_Only\":0}', '3', '2025-09-12 16:26:01'),
(187, 'Customer_Return', 48, 'STATUS_CHANGE', '{\"Return_ID\":48,\"SaleItem_ID\":159,\"Product_ID\":103,\"Quantity\":3,\"Reason\":\"DAMAGED\",\"Return_Date\":\"2025-09-12\",\"Status\":\"Pending\",\"Approved_by\":null,\"Return_Type\":\"REFUND\",\"Approved_At\":null,\"Approved_Date\":null,\"Created_by\":7,\"Terminal_ID\":1}', '{\"Status\":\"Approved\",\"Approved_by\":3,\"Comments\":\"qweq\",\"Exchange_Only\":0}', '3', '2025-09-12 16:27:30'),
(188, 'Customer_Return', 46, 'STATUS_CHANGE', '{\"Return_ID\":46,\"SaleItem_ID\":158,\"Product_ID\":104,\"Quantity\":3,\"Reason\":\"EXPIRED\",\"Return_Date\":\"2025-09-12\",\"Status\":\"Pending\",\"Approved_by\":null,\"Return_Type\":\"REFUND\",\"Approved_At\":null,\"Approved_Date\":null,\"Created_by\":6,\"Terminal_ID\":1}', '{\"Status\":\"Approved\",\"Approved_by\":3,\"Comments\":\"qwe\",\"Exchange_Only\":0}', '3', '2025-09-12 16:30:54'),
(189, 'Customer_Return', 9, 'STATUS_CHANGE', '{\"Return_ID\":9,\"SaleItem_ID\":18,\"Product_ID\":8,\"Quantity\":1,\"Reason\":\"Expired product\",\"Return_Date\":\"2025-09-11\",\"Status\":\"Pending\",\"Approved_by\":null,\"Return_Type\":\"REFUND\",\"Approved_At\":null,\"Approved_Date\":null,\"Created_by\":8,\"Terminal_ID\":null}', '{\"Status\":\"Approved\",\"Approved_by\":3,\"Comments\":\"qwe\",\"Exchange_Only\":0}', '3', '2025-09-12 16:35:47'),
(190, 'Customer_Return', 50, 'CREATE', NULL, '{\"SaleItem_ID\":160,\"Product_ID\":104,\"Quantity\":3,\"Reason\":\"WRONG_ITEM\",\"Return_Type\":\"REFUND\"}', '7', '2025-09-12 16:37:42'),
(191, 'Customer_Return', 51, 'CREATE', NULL, '{\"SaleItem_ID\":160,\"Product_ID\":104,\"Quantity\":2,\"Reason\":\"EXPIRED\",\"Return_Type\":\"REFUND\"}', '7', '2025-09-12 16:37:42'),
(192, 'Customer_Return', 51, 'SUPPLIER_CLAIM_ENQUEUED', NULL, '{\"reason\":\"EXPIRED\"}', '7', '2025-09-12 16:37:42'),
(193, 'Customer_Return', 51, 'STATUS_CHANGE', '{\"Return_ID\":51,\"SaleItem_ID\":160,\"Product_ID\":104,\"Quantity\":2,\"Reason\":\"EXPIRED\",\"Return_Date\":\"2025-09-12\",\"Status\":\"Pending\",\"Approved_by\":null,\"Return_Type\":\"REFUND\",\"Approved_At\":null,\"Approved_Date\":null,\"Created_by\":7,\"Terminal_ID\":1}', '{\"Status\":\"Approved\",\"Approved_by\":3,\"Comments\":\"QWE\",\"Exchange_Only\":0}', '3', '2025-09-12 16:38:19'),
(194, 'Customer_Return', 50, 'STATUS_CHANGE', '{\"Return_ID\":50,\"SaleItem_ID\":160,\"Product_ID\":104,\"Quantity\":3,\"Reason\":\"WRONG_ITEM\",\"Return_Date\":\"2025-09-12\",\"Status\":\"Pending\",\"Approved_by\":null,\"Return_Type\":\"REFUND\",\"Approved_At\":null,\"Approved_Date\":null,\"Created_by\":7,\"Terminal_ID\":1}', '{\"Status\":\"Approved\",\"Approved_by\":3,\"Comments\":\"qweq\",\"Exchange_Only\":0}', '3', '2025-09-12 16:44:55'),
(195, 'Inventory', 104, 'TRANSFER_STOCK', '{\"Display_stocks_delta\":-4}', '{\"Display_stocks_delta\":4}', '3', '2025-09-12 16:45:32'),
(196, 'Customer_Return', 52, 'CREATE', NULL, '{\"SaleItem_ID\":161,\"Product_ID\":104,\"Quantity\":4,\"Reason\":\"EXPIRED\",\"Return_Type\":\"REFUND\"}', '7', '2025-09-12 16:46:11'),
(197, 'Customer_Return', 52, 'SUPPLIER_CLAIM_ENQUEUED', NULL, '{\"reason\":\"EXPIRED\"}', '7', '2025-09-12 16:46:11'),
(198, 'Customer_Return', 52, 'STATUS_CHANGE', '{\"Return_ID\":52,\"SaleItem_ID\":161,\"Product_ID\":104,\"Quantity\":4,\"Reason\":\"EXPIRED\",\"Return_Date\":\"2025-09-12\",\"Status\":\"Pending\",\"Approved_by\":null,\"Return_Type\":\"REFUND\",\"Approved_At\":null,\"Approved_Date\":null,\"Created_by\":7,\"Terminal_ID\":1}', '{\"Status\":\"Approved\",\"Approved_by\":3,\"Comments\":\"qwe\",\"Exchange_Only\":0}', '3', '2025-09-12 16:48:10'),
(199, 'Customer_Return', 47, 'STATUS_CHANGE', '{\"Return_ID\":47,\"SaleItem_ID\":158,\"Product_ID\":104,\"Quantity\":2,\"Reason\":\"WRONG_ITEM\",\"Return_Date\":\"2025-09-12\",\"Status\":\"Pending\",\"Approved_by\":null,\"Return_Type\":\"REFUND\",\"Approved_At\":null,\"Approved_Date\":null,\"Created_by\":6,\"Terminal_ID\":1}', '{\"Status\":\"Approved\",\"Approved_by\":3,\"Comments\":\"qwe\",\"Exchange_Only\":0}', '3', '2025-09-12 16:49:20'),
(200, 'Customer_Return', 53, 'CREATE', NULL, '{\"SaleItem_ID\":162,\"Product_ID\":100,\"Quantity\":1,\"Reason\":\"EXPIRED\",\"Return_Type\":\"REFUND\"}', '7', '2025-09-12 16:51:30'),
(201, 'Customer_Return', 53, 'SUPPLIER_CLAIM_ENQUEUED', NULL, '{\"reason\":\"EXPIRED\"}', '7', '2025-09-12 16:51:30'),
(202, 'Customer_Return', 53, 'STATUS_CHANGE', '{\"Return_ID\":53,\"SaleItem_ID\":162,\"Product_ID\":100,\"Quantity\":1,\"Reason\":\"EXPIRED\",\"Return_Date\":\"2025-09-12\",\"Status\":\"Pending\",\"Approved_by\":null,\"Return_Type\":\"REFUND\",\"Approved_At\":null,\"Approved_Date\":null,\"Created_by\":7,\"Terminal_ID\":1}', '{\"Status\":\"Approved\",\"Approved_by\":3,\"Comments\":\"dasd\",\"Exchange_Only\":0}', '3', '2025-09-12 16:52:13'),
(203, 'Customer_Return', 54, 'CREATE', NULL, '{\"SaleItem_ID\":163,\"Product_ID\":105,\"Quantity\":1,\"Reason\":\"EXPIRED\",\"Return_Type\":\"REFUND\"}', '7', '2025-09-12 16:59:26'),
(204, 'Customer_Return', 54, 'SUPPLIER_CLAIM_ENQUEUED', NULL, '{\"reason\":\"EXPIRED\"}', '7', '2025-09-12 16:59:26'),
(205, 'Customer_Return', 55, 'CREATE', NULL, '{\"SaleItem_ID\":163,\"Product_ID\":105,\"Quantity\":1,\"Reason\":\"WRONG_ITEM\",\"Return_Type\":\"REFUND\"}', '7', '2025-09-12 16:59:26'),
(206, 'Customer_Return', 54, 'STATUS_CHANGE', '{\"Return_ID\":54,\"SaleItem_ID\":163,\"Product_ID\":105,\"Quantity\":1,\"Reason\":\"EXPIRED\",\"Return_Date\":\"2025-09-12\",\"Status\":\"Pending\",\"Approved_by\":null,\"Return_Type\":\"REFUND\",\"Approved_At\":null,\"Approved_Date\":null,\"Created_by\":7,\"Terminal_ID\":1}', '{\"Status\":\"Approved\",\"Approved_by\":3,\"Comments\":\"asd\",\"Exchange_Only\":0}', '3', '2025-09-12 16:59:47'),
(207, 'Customer_Return', 56, 'CREATE', NULL, '{\"SaleItem_ID\":164,\"Product_ID\":105,\"Quantity\":2,\"Reason\":\"EXPIRED\",\"Return_Type\":\"REFUND\"}', '7', '2025-09-12 17:01:20'),
(208, 'Customer_Return', 56, 'SUPPLIER_CLAIM_ENQUEUED', NULL, '{\"reason\":\"EXPIRED\"}', '7', '2025-09-12 17:01:20'),
(209, 'Customer_Return', 56, 'STATUS_CHANGE', '{\"Return_ID\":56,\"SaleItem_ID\":164,\"Product_ID\":105,\"Quantity\":2,\"Reason\":\"EXPIRED\",\"Return_Date\":\"2025-09-12\",\"Status\":\"Pending\",\"Approved_by\":null,\"Return_Type\":\"REFUND\",\"Approved_At\":null,\"Approved_Date\":null,\"Created_by\":7,\"Terminal_ID\":1}', '{\"Status\":\"Approved\",\"Approved_by\":3,\"Comments\":\"qweq\",\"Exchange_Only\":0}', '3', '2025-09-12 17:01:45'),
(210, 'Customer_Return', 55, 'STATUS_CHANGE', '{\"Return_ID\":55,\"SaleItem_ID\":163,\"Product_ID\":105,\"Quantity\":1,\"Reason\":\"WRONG_ITEM\",\"Return_Date\":\"2025-09-12\",\"Status\":\"Pending\",\"Approved_by\":null,\"Return_Type\":\"REFUND\",\"Approved_At\":null,\"Approved_Date\":null,\"Created_by\":7,\"Terminal_ID\":1}', '{\"Status\":\"Approved\",\"Approved_by\":3,\"Comments\":\"wqe\",\"Exchange_Only\":0}', '3', '2025-09-12 17:02:30'),
(211, 'Customer_Return', 8, 'STATUS_CHANGE', '{\"Return_ID\":8,\"SaleItem_ID\":98,\"Product_ID\":98,\"Quantity\":1,\"Reason\":\"Wrong item\",\"Return_Date\":\"2025-09-11\",\"Status\":\"Pending\",\"Approved_by\":null,\"Return_Type\":\"REFUND\",\"Approved_At\":null,\"Approved_Date\":null,\"Created_by\":8,\"Terminal_ID\":null}', '{\"Status\":\"Approved\",\"Approved_by\":3,\"Comments\":\"QWE\",\"Exchange_Only\":0}', '3', '2025-09-12 17:04:18'),
(212, 'Customer_Return', 57, 'CREATE', NULL, '{\"SaleItem_ID\":165,\"Product_ID\":105,\"Quantity\":3,\"Reason\":\"EXPIRED\",\"Return_Type\":\"REFUND\"}', '7', '2025-09-12 17:06:05'),
(213, 'Customer_Return', 57, 'SUPPLIER_CLAIM_ENQUEUED', NULL, '{\"reason\":\"EXPIRED\"}', '7', '2025-09-12 17:06:05'),
(214, 'Customer_Return', 58, 'CREATE', NULL, '{\"SaleItem_ID\":165,\"Product_ID\":105,\"Quantity\":2,\"Reason\":\"WRONG_ITEM\",\"Return_Type\":\"REFUND\"}', '7', '2025-09-12 17:06:05'),
(215, 'Customer_Return', 57, 'STATUS_CHANGE', '{\"Return_ID\":57,\"SaleItem_ID\":165,\"Product_ID\":105,\"Quantity\":3,\"Reason\":\"EXPIRED\",\"Return_Date\":\"2025-09-12\",\"Status\":\"Pending\",\"Approved_by\":null,\"Return_Type\":\"REFUND\",\"Approved_At\":null,\"Approved_Date\":null,\"Created_by\":7,\"Terminal_ID\":1}', '{\"Status\":\"Approved\",\"Approved_by\":3,\"Comments\":\"QWE\",\"Exchange_Only\":0}', '3', '2025-09-12 17:06:35'),
(216, 'Customer_Return', 58, 'STATUS_CHANGE', '{\"Return_ID\":58,\"SaleItem_ID\":165,\"Product_ID\":105,\"Quantity\":2,\"Reason\":\"WRONG_ITEM\",\"Return_Date\":\"2025-09-12\",\"Status\":\"Pending\",\"Approved_by\":null,\"Return_Type\":\"REFUND\",\"Approved_At\":null,\"Approved_Date\":null,\"Created_by\":7,\"Terminal_ID\":1}', '{\"Status\":\"Approved\",\"Approved_by\":3,\"Comments\":\"QWEQ\",\"Exchange_Only\":0}', '3', '2025-09-12 17:06:57'),
(217, 'Inventory', 104, 'TRANSFER_STOCK', '{\"Display_stocks_delta\":-2}', '{\"Display_stocks_delta\":2}', '3', '2025-09-12 17:15:08'),
(218, 'Customer_Return', 59, 'CREATE', NULL, '{\"SaleItem_ID\":166,\"Product_ID\":105,\"Quantity\":3,\"Reason\":\"WRONG_ITEM\",\"Return_Type\":\"REFUND\"}', '7', '2025-09-12 17:15:52'),
(219, 'Customer_Return', 60, 'CREATE', NULL, '{\"SaleItem_ID\":166,\"Product_ID\":105,\"Quantity\":2,\"Reason\":\"EXPIRED\",\"Return_Type\":\"REFUND\"}', '7', '2025-09-12 17:15:52'),
(220, 'Customer_Return', 60, 'SUPPLIER_CLAIM_ENQUEUED', NULL, '{\"reason\":\"EXPIRED\"}', '7', '2025-09-12 17:15:52'),
(221, 'Customer_Return', 60, 'STATUS_CHANGE', '{\"Return_ID\":60,\"SaleItem_ID\":166,\"Product_ID\":105,\"Quantity\":2,\"Reason\":\"EXPIRED\",\"Return_Date\":\"2025-09-12\",\"Status\":\"Pending\",\"Approved_by\":null,\"Return_Type\":\"REFUND\",\"Approved_At\":null,\"Approved_Date\":null,\"Created_by\":7,\"Terminal_ID\":1}', '{\"Status\":\"Approved\",\"Approved_by\":3,\"Comments\":\"wqe\",\"Exchange_Only\":0}', '3', '2025-09-12 17:17:18'),
(222, 'Customer_Return', 59, 'STATUS_CHANGE', '{\"Return_ID\":59,\"SaleItem_ID\":166,\"Product_ID\":105,\"Quantity\":3,\"Reason\":\"WRONG_ITEM\",\"Return_Date\":\"2025-09-12\",\"Status\":\"Pending\",\"Approved_by\":null,\"Return_Type\":\"REFUND\",\"Approved_At\":null,\"Approved_Date\":null,\"Created_by\":7,\"Terminal_ID\":1}', '{\"Status\":\"Approved\",\"Approved_by\":3,\"Comments\":\"qwe\",\"Exchange_Only\":0}', '3', '2025-09-12 17:17:31'),
(223, 'Customer_Return', 61, 'CREATE', NULL, '{\"SaleItem_ID\":167,\"Product_ID\":105,\"Quantity\":3,\"Reason\":\"WRONG_ITEM\",\"Return_Type\":\"REFUND\"}', '7', '2025-09-12 17:24:42');
INSERT INTO `audit_log` (`log_id`, `table_name`, `record_id`, `action`, `old_values`, `new_values`, `changed_by`, `changed_at`) VALUES
(224, 'Customer_Return', 62, 'CREATE', NULL, '{\"SaleItem_ID\":167,\"Product_ID\":105,\"Quantity\":2,\"Reason\":\"EXPIRED\",\"Return_Type\":\"REFUND\"}', '7', '2025-09-12 17:24:42'),
(225, 'Customer_Return', 62, 'SUPPLIER_CLAIM_ENQUEUED', NULL, '{\"reason\":\"EXPIRED\"}', '7', '2025-09-12 17:24:42'),
(226, 'Customer_Return', 61, 'STATUS_CHANGE', '{\"Return_ID\":61,\"SaleItem_ID\":167,\"Product_ID\":105,\"Quantity\":3,\"Reason\":\"WRONG_ITEM\",\"Return_Date\":\"2025-09-12\",\"Status\":\"Pending\",\"Approved_by\":null,\"Return_Type\":\"REFUND\",\"Approved_At\":null,\"Approved_Date\":null,\"Created_by\":7,\"Terminal_ID\":1}', '{\"Status\":\"Approved\",\"Approved_by\":3,\"Comments\":\"QWEQ\",\"Exchange_Only\":0}', '3', '2025-09-12 17:25:01'),
(227, 'Inventory', 105, 'TRANSFER_STOCK', '{\"Display_stocks_delta\":-2}', '{\"Display_stocks_delta\":2}', '3', '2025-09-12 17:32:33'),
(228, 'Customer_Return', 63, 'CREATE', NULL, '{\"SaleItem_ID\":168,\"Product_ID\":105,\"Quantity\":1,\"Reason\":\"WRONG_ITEM\",\"Return_Type\":\"REFUND\"}', '7', '2025-09-12 17:33:16'),
(229, 'Customer_Return', 64, 'CREATE', NULL, '{\"SaleItem_ID\":168,\"Product_ID\":105,\"Quantity\":1,\"Reason\":\"DAMAGED\",\"Return_Type\":\"REFUND\"}', '7', '2025-09-12 17:33:16'),
(230, 'Customer_Return', 63, 'STATUS_CHANGE', '{\"Return_ID\":63,\"SaleItem_ID\":168,\"Product_ID\":105,\"Quantity\":1,\"Reason\":\"WRONG_ITEM\",\"Return_Date\":\"2025-09-12\",\"Status\":\"Pending\",\"Approved_by\":null,\"Return_Type\":\"REFUND\",\"Approved_At\":null,\"Approved_Date\":null,\"Created_by\":7,\"Terminal_ID\":1}', '{\"Status\":\"Approved\",\"Approved_by\":3,\"Comments\":\"qweq\",\"Exchange_Only\":0}', '3', '2025-09-12 17:33:30'),
(231, 'Customer_Return', 64, 'STATUS_CHANGE', '{\"Return_ID\":64,\"SaleItem_ID\":168,\"Product_ID\":105,\"Quantity\":1,\"Reason\":\"DAMAGED\",\"Return_Date\":\"2025-09-12\",\"Status\":\"Pending\",\"Approved_by\":null,\"Return_Type\":\"REFUND\",\"Approved_At\":null,\"Approved_Date\":null,\"Created_by\":7,\"Terminal_ID\":1}', '{\"Status\":\"Approved\",\"Approved_by\":3,\"Comments\":\"qw\",\"Exchange_Only\":0}', '3', '2025-09-12 17:33:49'),
(232, 'Customer_Return', 65, 'CREATE', NULL, '{\"SaleItem_ID\":169,\"Product_ID\":104,\"Quantity\":1,\"Reason\":\"DAMAGED\",\"Return_Type\":\"REFUND\"}', '7', '2025-09-12 17:40:09'),
(233, 'Customer_Return', 66, 'CREATE', NULL, '{\"SaleItem_ID\":169,\"Product_ID\":104,\"Quantity\":1,\"Reason\":\"WRONG_ITEM\",\"Return_Type\":\"REFUND\"}', '7', '2025-09-12 17:40:09'),
(234, 'Customer_Return', 66, 'STATUS_CHANGE', '{\"Return_ID\":66,\"SaleItem_ID\":169,\"Product_ID\":104,\"Quantity\":1,\"Reason\":\"WRONG_ITEM\",\"Return_Date\":\"2025-09-12\",\"Status\":\"Pending\",\"Approved_by\":null,\"Return_Type\":\"REFUND\",\"Approved_At\":null,\"Approved_Date\":null,\"Created_by\":7,\"Terminal_ID\":1}', '{\"Status\":\"Approved\",\"Approved_by\":3,\"Comments\":\"qwe\",\"Exchange_Only\":0}', '3', '2025-09-12 17:40:28'),
(235, 'Inventory', 104, 'TRANSFER_STOCK', '{\"Display_stocks_delta\":-2}', '{\"Display_stocks_delta\":2}', '3', '2025-09-12 17:46:24'),
(236, 'Customer_Return', 67, 'CREATE', NULL, '{\"SaleItem_ID\":170,\"Product_ID\":104,\"Quantity\":1,\"Reason\":\"DAMAGED\",\"Return_Type\":\"REFUND\"}', '7', '2025-09-12 17:51:02'),
(237, 'Customer_Return', 68, 'CREATE', NULL, '{\"SaleItem_ID\":170,\"Product_ID\":104,\"Quantity\":1,\"Reason\":\"WRONG_ITEM\",\"Return_Type\":\"REFUND\"}', '7', '2025-09-12 17:51:02'),
(238, 'Customer_Return', 68, 'STATUS_CHANGE', '{\"Return_ID\":68,\"SaleItem_ID\":170,\"Product_ID\":104,\"Quantity\":1,\"Reason\":\"WRONG_ITEM\",\"Return_Date\":\"2025-09-12\",\"Status\":\"Pending\",\"Approved_by\":null,\"Return_Type\":\"REFUND\",\"Approved_At\":null,\"Approved_Date\":null,\"Created_by\":7,\"Terminal_ID\":1}', '{\"Status\":\"Approved\",\"Approved_by\":3,\"Comments\":\"qweq\",\"Exchange_Only\":0}', '3', '2025-09-12 17:51:16'),
(239, 'Customer_Return', 67, 'STATUS_CHANGE', '{\"Return_ID\":67,\"SaleItem_ID\":170,\"Product_ID\":104,\"Quantity\":1,\"Reason\":\"DAMAGED\",\"Return_Date\":\"2025-09-12\",\"Status\":\"Pending\",\"Approved_by\":null,\"Return_Type\":\"REFUND\",\"Approved_At\":null,\"Approved_Date\":null,\"Created_by\":7,\"Terminal_ID\":1}', '{\"Status\":\"Approved\",\"Approved_by\":3,\"Comments\":\"qwe\",\"Exchange_Only\":0}', '3', '2025-09-12 17:51:56'),
(240, 'Inventory', 104, 'TRANSFER_STOCK', '{\"Display_stocks_delta\":-2}', '{\"Display_stocks_delta\":2}', '3', '2025-09-12 17:52:07'),
(241, 'Customer_Return', 69, 'CREATE', NULL, '{\"SaleItem_ID\":171,\"Product_ID\":104,\"Quantity\":1,\"Reason\":\"WRONG_ITEM\",\"Return_Type\":\"REFUND\"}', '7', '2025-09-12 17:52:36'),
(242, 'Customer_Return', 70, 'CREATE', NULL, '{\"SaleItem_ID\":171,\"Product_ID\":104,\"Quantity\":1,\"Reason\":\"EXPIRED\",\"Return_Type\":\"REFUND\"}', '7', '2025-09-12 17:52:36'),
(243, 'Customer_Return', 70, 'SUPPLIER_CLAIM_ENQUEUED', NULL, '{\"reason\":\"EXPIRED\"}', '7', '2025-09-12 17:52:36'),
(244, 'Customer_Return', 69, 'STATUS_CHANGE', '{\"Return_ID\":69,\"SaleItem_ID\":171,\"Product_ID\":104,\"Quantity\":1,\"Reason\":\"WRONG_ITEM\",\"Return_Date\":\"2025-09-12\",\"Status\":\"Pending\",\"Approved_by\":null,\"Return_Type\":\"REFUND\",\"Approved_At\":null,\"Approved_Date\":null,\"Created_by\":7,\"Terminal_ID\":1}', '{\"Status\":\"Approved\",\"Approved_by\":3,\"Comments\":\"qwe\",\"Exchange_Only\":0}', '3', '2025-09-12 17:53:07'),
(245, 'Customer_Return', 70, 'STATUS_CHANGE', '{\"Return_ID\":70,\"SaleItem_ID\":171,\"Product_ID\":104,\"Quantity\":1,\"Reason\":\"EXPIRED\",\"Return_Date\":\"2025-09-12\",\"Status\":\"Pending\",\"Approved_by\":null,\"Return_Type\":\"REFUND\",\"Approved_At\":null,\"Approved_Date\":null,\"Created_by\":7,\"Terminal_ID\":1}', '{\"Status\":\"Approved\",\"Approved_by\":3,\"Comments\":\"qwe\",\"Exchange_Only\":0}', '3', '2025-09-12 17:53:39'),
(246, 'Inventory', 104, 'TRANSFER_STOCK', '{\"Display_stocks_delta\":-2}', '{\"Display_stocks_delta\":2}', '3', '2025-09-12 18:09:10'),
(247, 'Inventory', 103, 'TRANSFER_STOCK', '{\"Display_stocks_delta\":-2}', '{\"Display_stocks_delta\":2}', '3', '2025-09-12 18:09:16'),
(248, 'Customer_Return', 71, 'CREATE', NULL, '{\"SaleItem_ID\":172,\"Product_ID\":103,\"Quantity\":1,\"Reason\":\"WRONG_ITEM\",\"Return_Type\":\"REFUND\"}', '7', '2025-09-12 18:09:47'),
(249, 'Customer_Return', 72, 'CREATE', NULL, '{\"SaleItem_ID\":172,\"Product_ID\":103,\"Quantity\":1,\"Reason\":\"DAMAGED\",\"Return_Type\":\"REFUND\"}', '7', '2025-09-12 18:09:47'),
(250, 'Customer_Return', 71, 'STATUS_CHANGE', '{\"Return_ID\":71,\"SaleItem_ID\":172,\"Product_ID\":103,\"Quantity\":1,\"Reason\":\"WRONG_ITEM\",\"Return_Date\":\"2025-09-12\",\"Status\":\"Pending\",\"Approved_by\":null,\"Return_Type\":\"REFUND\",\"Approved_At\":null,\"Approved_Date\":null,\"Created_by\":7,\"Terminal_ID\":1}', '{\"Status\":\"Approved\",\"Approved_by\":3,\"Comments\":\"qweq\",\"Exchange_Only\":0}', '3', '2025-09-12 18:10:00'),
(251, 'Customer_Return', 72, 'STATUS_CHANGE', '{\"Return_ID\":72,\"SaleItem_ID\":172,\"Product_ID\":103,\"Quantity\":1,\"Reason\":\"DAMAGED\",\"Return_Date\":\"2025-09-12\",\"Status\":\"Pending\",\"Approved_by\":null,\"Return_Type\":\"REFUND\",\"Approved_At\":null,\"Approved_Date\":null,\"Created_by\":7,\"Terminal_ID\":1}', '{\"Status\":\"Approved\",\"Approved_by\":3,\"Comments\":\"qweqe\",\"Exchange_Only\":0}', '3', '2025-09-12 18:10:13'),
(252, 'Customer_Return', 73, 'CREATE', NULL, '{\"SaleItem_ID\":173,\"Product_ID\":104,\"Quantity\":1,\"Reason\":\"WRONG_ITEM\",\"Return_Type\":\"REFUND\"}', '7', '2025-09-12 18:15:46'),
(253, 'Customer_Return', 74, 'CREATE', NULL, '{\"SaleItem_ID\":173,\"Product_ID\":104,\"Quantity\":1,\"Reason\":\"DAMAGED\",\"Return_Type\":\"REFUND\"}', '7', '2025-09-12 18:15:46'),
(254, 'Customer_Return', 73, 'STATUS_CHANGE', '{\"Return_ID\":73,\"SaleItem_ID\":173,\"Product_ID\":104,\"Quantity\":1,\"Reason\":\"WRONG_ITEM\",\"Return_Date\":\"2025-09-12\",\"Status\":\"Pending\",\"Approved_by\":null,\"Return_Type\":\"REFUND\",\"Approved_At\":null,\"Approved_Date\":null,\"Created_by\":7,\"Terminal_ID\":1}', '{\"Status\":\"Approved\",\"Approved_by\":3,\"Comments\":\"qweq\",\"Exchange_Only\":0}', '3', '2025-09-12 18:16:01'),
(255, 'Customer_Return', 74, 'STATUS_CHANGE', '{\"Return_ID\":74,\"SaleItem_ID\":173,\"Product_ID\":104,\"Quantity\":1,\"Reason\":\"DAMAGED\",\"Return_Date\":\"2025-09-12\",\"Status\":\"Pending\",\"Approved_by\":null,\"Return_Type\":\"REFUND\",\"Approved_At\":null,\"Approved_Date\":null,\"Created_by\":7,\"Terminal_ID\":1}', '{\"Status\":\"Approved\",\"Approved_by\":3,\"Comments\":\"qweq\",\"Exchange_Only\":0}', '3', '2025-09-12 18:16:18'),
(256, 'Product', 106, 'CREATE', NULL, '{\"name\":\"Lagundi\",\"category_name\":\"Weeds\",\"retail_price\":400,\"reorder_level\":20,\"is_discontinued\":0}', '1', '2025-09-12 18:44:40'),
(257, 'Manual_Adjustments', 43, 'STATUS_CHANGE', 'Status: PENDING', 'Status: APPROVED, Approved_by: 1', '1', '2025-09-12 18:45:43'),
(258, 'Product', 107, 'CREATE', NULL, '{\"name\":\"Water Welkins\",\"category_name\":\"Beverage\",\"retail_price\":25,\"reorder_level\":30,\"is_discontinued\":0}', '1', '2025-09-12 18:50:34'),
(259, 'Inventory', 106, 'TRANSFER_STOCK', '{\"Display_stocks_delta\":-45}', '{\"Display_stocks_delta\":45}', '1', '2025-09-12 19:13:14'),
(260, 'Inventory', 106, 'TRANSFER_STOCK', '{\"Display_stocks_delta\":5}', '{\"Display_stocks_delta\":-5}', '1', '2025-09-12 19:13:35'),
(261, 'Manual_Adjustments', 44, 'STATUS_CHANGE', 'Status: PENDING', 'Status: APPROVED, Approved_by: 1', '1', '2025-09-12 19:25:24'),
(262, 'Product', 107, 'REORDER_LEVEL_UPDATE', '{\"Reorder_Level\":30}', '{\"Reorder_Level\":20}', '3', '2025-09-12 20:05:28'),
(263, 'Product', 107, 'REORDER_LEVEL_UPDATE', '{\"Reorder_Level\":20}', '{\"Reorder_Level\":40}', '3', '2025-09-12 20:05:47'),
(264, 'Inventory', 107, 'TRANSFER_STOCK', '{\"Display_stocks_delta\":-20}', '{\"Display_stocks_delta\":20}', '3', '2025-09-13 05:55:44'),
(265, 'Customer_Return', 75, 'CREATE', NULL, '{\"SaleItem_ID\":174,\"Product_ID\":107,\"Quantity\":1,\"Reason\":\"WRONG_ITEM\",\"Return_Type\":\"REFUND\"}', '7', '2025-09-13 05:56:28'),
(266, 'Customer_Return', 76, 'CREATE', NULL, '{\"SaleItem_ID\":174,\"Product_ID\":107,\"Quantity\":1,\"Reason\":\"DAMAGED\",\"Return_Type\":\"REFUND\"}', '7', '2025-09-13 05:56:28'),
(267, 'Customer_Return', 76, 'STATUS_CHANGE', '{\"Return_ID\":76,\"SaleItem_ID\":174,\"Product_ID\":107,\"Quantity\":1,\"Reason\":\"DAMAGED\",\"Return_Date\":\"2025-09-13\",\"Status\":\"Pending\",\"Approved_by\":null,\"Return_Type\":\"REFUND\",\"Approved_At\":null,\"Approved_Date\":null,\"Created_by\":7,\"Terminal_ID\":1}', '{\"Status\":\"Approved\",\"Approved_by\":3,\"Comments\":\"wews\",\"Exchange_Only\":0}', '3', '2025-09-13 05:56:48'),
(268, 'Customer_Return', 75, 'STATUS_CHANGE', '{\"Return_ID\":75,\"SaleItem_ID\":174,\"Product_ID\":107,\"Quantity\":1,\"Reason\":\"WRONG_ITEM\",\"Return_Date\":\"2025-09-13\",\"Status\":\"Pending\",\"Approved_by\":null,\"Return_Type\":\"REFUND\",\"Approved_At\":null,\"Approved_Date\":null,\"Created_by\":7,\"Terminal_ID\":1}', '{\"Status\":\"Approved\",\"Approved_by\":3,\"Comments\":\"ss\",\"Exchange_Only\":0}', '3', '2025-09-13 05:57:28'),
(269, 'Inventory', 105, 'TRANSFER_STOCK', '{\"Display_stocks_delta\":-2}', '{\"Display_stocks_delta\":2}', '3', '2025-09-13 06:03:30'),
(270, 'Customer_Return', 77, 'CREATE', NULL, '{\"SaleItem_ID\":175,\"Product_ID\":107,\"Quantity\":1,\"Reason\":\"WRONG_ITEM\",\"Return_Type\":\"REPLACE\"}', '7', '2025-09-13 06:05:08'),
(271, 'Customer_Return', 78, 'CREATE', NULL, '{\"SaleItem_ID\":176,\"Product_ID\":105,\"Quantity\":1,\"Reason\":\"WRONG_ITEM\",\"Return_Type\":\"REPLACE\"}', '7', '2025-09-13 06:05:08'),
(272, 'Customer_Return', 79, 'CREATE', NULL, '{\"SaleItem_ID\":177,\"Product_ID\":100,\"Quantity\":1,\"Reason\":\"EXPIRED\",\"Return_Type\":\"REPLACE\"}', '7', '2025-09-13 06:05:08'),
(273, 'Customer_Return', 79, 'SUPPLIER_CLAIM_ENQUEUED', NULL, '{\"reason\":\"EXPIRED\"}', '7', '2025-09-13 06:05:08'),
(274, 'Customer_Return', 78, 'STATUS_CHANGE', '{\"Return_ID\":78,\"SaleItem_ID\":176,\"Product_ID\":105,\"Quantity\":1,\"Reason\":\"WRONG_ITEM\",\"Return_Date\":\"2025-09-13\",\"Status\":\"Pending\",\"Approved_by\":null,\"Return_Type\":\"REPLACE\",\"Approved_At\":null,\"Approved_Date\":null,\"Created_by\":7,\"Terminal_ID\":1}', '{\"Status\":\"Approved\",\"Approved_by\":3,\"Comments\":\"qw\",\"Exchange_Only\":0}', '3', '2025-09-13 06:05:47'),
(275, 'Customer_Return', 77, 'STATUS_CHANGE', '{\"Return_ID\":77,\"SaleItem_ID\":175,\"Product_ID\":107,\"Quantity\":1,\"Reason\":\"WRONG_ITEM\",\"Return_Date\":\"2025-09-13\",\"Status\":\"Pending\",\"Approved_by\":null,\"Return_Type\":\"REPLACE\",\"Approved_At\":null,\"Approved_Date\":null,\"Created_by\":7,\"Terminal_ID\":1}', '{\"Status\":\"Approved\",\"Approved_by\":3,\"Comments\":\"qw\",\"Exchange_Only\":0}', '3', '2025-09-13 06:06:05'),
(276, 'Customer_Return', 80, 'CREATE', NULL, '{\"SaleItem_ID\":178,\"Product_ID\":70,\"Quantity\":1,\"Reason\":\"WRONG_ITEM\",\"Return_Type\":\"REFUND\"}', '7', '2025-09-13 06:08:03'),
(277, 'Customer_Return', 81, 'CREATE', NULL, '{\"SaleItem_ID\":179,\"Product_ID\":8,\"Quantity\":1,\"Reason\":\"WRONG_ITEM\",\"Return_Type\":\"REFUND\"}', '7', '2025-09-13 06:08:03'),
(278, 'Customer_Return', 82, 'CREATE', NULL, '{\"SaleItem_ID\":180,\"Product_ID\":106,\"Quantity\":1,\"Reason\":\"WRONG_ITEM\",\"Return_Type\":\"REFUND\"}', '7', '2025-09-13 06:08:03'),
(279, 'Product', 94, 'PRODUCT_INACTIVATE', '{\"Is_discontinued\":0}', '{\"Is_discontinued\":1}', '3', '2025-09-13 08:09:59'),
(280, 'Product', 107, 'REORDER_LEVEL_UPDATE', '{\"Reorder_Level\":40}', '{\"Reorder_Level\":45}', '3', '2025-09-13 08:10:51'),
(281, 'Product', 94, 'PRODUCT_RESTORE', '{\"Is_discontinued\":1}', '{\"Is_discontinued\":0}', '3', '2025-09-13 08:18:57'),
(282, 'Inventory', 107, 'TRANSFER_STOCK', '{\"Display_stocks_delta\":-5}', '{\"Display_stocks_delta\":5}', '3', '2025-09-13 08:28:05'),
(283, 'Product', 108, 'CREATE', NULL, '{\"name\":\"Chips Ahoy\",\"category_name\":\"Biscuites\",\"retail_price\":20,\"reorder_level\":50,\"is_discontinued\":0}', '3', '2025-09-13 16:55:42'),
(284, 'Product', 109, 'CREATE', NULL, '{\"name\":\"Toilet Paper\",\"category_name\":\"Essentials\",\"retail_price\":25,\"reorder_level\":100,\"is_discontinued\":0}', '3', '2025-09-13 17:04:44'),
(285, 'Product', 109, 'REORDER_LEVEL_UPDATE', '{\"Reorder_Level\":100}', '{\"Reorder_Level\":150}', '3', '2025-09-13 17:46:49'),
(286, 'Product', 108, 'PRICE_UPDATE', '{\"Retail_Price\":20}', '{\"Retail_Price\":30}', '3', '2025-09-13 17:55:12'),
(287, 'Product', 109, 'PRODUCT_UPDATE', '{\"cost_price\":30}', '{\"cost_price\":40}', '3', '2025-09-13 18:01:52'),
(288, 'Product', 109, 'PRODUCT_UPDATE', '{\"cost_price\":40}', '{\"cost_price\":35}', '3', '2025-09-13 18:32:31'),
(289, 'Product', 109, 'PRODUCT_UPDATE', '{\"cost_price\":35}', '{\"cost_price\":3}', '3', '2025-09-13 18:35:35'),
(290, 'Product', 109, 'PRODUCT_UPDATE', '{\"cost_price\":3}', '{\"cost_price\":1}', '3', '2025-09-13 18:45:26'),
(291, 'Product', 109, 'PRODUCT_UPDATE', '{\"cost_price\":1,\"Category_ID\":14}', '{\"cost_price\":0,\"Category_ID\":3}', '3', '2025-09-13 19:02:43'),
(292, 'Product', 109, 'PRODUCT_UPDATE', '{\"Category_ID\":3}', '{\"Category_ID\":14}', '3', '2025-09-13 19:04:56'),
(293, 'Product', 109, 'PRODUCT_UPDATE', '{\"cost_price\":0}', '{\"cost_price\":32}', '3', '2025-09-13 19:05:02'),
(294, 'Manual_Adjustments', 45, 'STATUS_CHANGE', 'Status: PENDING', 'Status: APPROVED, Approved_by: 3', '3', '2025-09-13 20:10:40'),
(295, 'Manual_Adjustments', 46, 'STATUS_CHANGE', 'Status: PENDING', 'Status: APPROVED, Approved_by: 3', '3', '2025-09-13 20:14:08'),
(296, 'Manual_Adjustments', 47, 'STATUS_CHANGE', 'Status: PENDING', 'Status: REJECTED, Approved_by: 3', '3', '2025-09-13 20:24:42'),
(297, 'Manual_Adjustments', 48, 'STATUS_CHANGE', 'Status: PENDING', 'Status: REJECTED, Approved_by: 3', '3', '2025-09-13 20:32:40'),
(298, 'Product', 109, 'PRODUCT_UPDATE', '{\"cost_price\":32}', '{\"cost_price\":46}', '3', '2025-09-16 13:38:32'),
(299, 'Manual_Adjustments', 49, 'STATUS_CHANGE', 'Status: PENDING', 'Status: APPROVED, Approved_by: 3', '3', '2025-09-16 13:39:38'),
(300, 'Inventory', 108, 'TRANSFER_STOCK', '{\"Display_stocks_delta\":-10}', '{\"Display_stocks_delta\":10}', '3', '2025-09-16 13:40:21'),
(301, 'Inventory', 108, 'TRANSFER_STOCK', '{\"Display_stocks_delta\":5}', '{\"Display_stocks_delta\":-5}', '3', '2025-09-16 13:40:37'),
(302, 'Product', 110, 'CREATE', NULL, '{\"name\":\"sojo\",\"category_name\":\"Beverage\",\"retail_price\":80,\"reorder_level\":0,\"is_discontinued\":0}', '3', '2025-09-16 15:56:34'),
(303, 'user', 10, 'CREATE', NULL, '{\"User_name\":\"shai cashier\",\"Role_ID\":5,\"Status\":\"active\"}', '1', '2025-09-17 01:50:33'),
(304, 'user', 10, 'UPDATE', '{\"User_ID\":10,\"User_name\":\"shai cashier\",\"Role_ID\":5,\"Status\":\"active\"}', '{\"User_ID\":10,\"User_name\":\"shai cashier\",\"Role_ID\":5,\"Status\":\"active\"}', '1', '2025-09-17 01:51:27'),
(305, 'supplier', 6, 'UPDATE', '{\"Supplier_ID\":6,\"Name\":\"Gaisano\",\"Contact_info\":\"093842723142\",\"Address\":\"Bulua CDO\",\"is_active\":1}', '{\"Supplier_ID\":6,\"Name\":\"Gaisanos\",\"Contact_info\":\"093842723142\",\"Address\":\"Bulua CDO\"}', '3', '2025-09-18 19:31:53'),
(306, 'supplier', 10, 'CREATE', NULL, '{\"Name\":\"NASA\",\"Contact_info\":\"0938427323411\",\"Address\":\"UNITED STATE OF THE AMERICA\",\"is_active\":1}', '1', '2025-09-18 19:43:28'),
(307, 'supplier', 6, 'UPDATE', '{\"Supplier_ID\":6,\"Name\":\"Gaisanos\",\"Contact_info\":\"093842723142\",\"Address\":\"Bulua CDO\",\"is_active\":1}', '{\"Supplier_ID\":6,\"Name\":\"GaisanosS\",\"Contact_info\":\"093842723142\",\"Address\":\"Bulua CDO\"}', '1', '2025-09-18 19:43:40'),
(308, 'supplier', 6, 'UPDATE', '{\"Supplier_ID\":6,\"Name\":\"GaisanosS\",\"Contact_info\":\"093842723142\",\"Address\":\"Bulua CDO\",\"is_active\":1}', '{\"Supplier_ID\":6,\"Name\":\"Gaisanos\",\"Contact_info\":\"093842723142\",\"Address\":\"Bulua CDO\"}', '3', '2025-09-18 19:48:28'),
(309, 'supplier', 6, 'UPDATE', '{\"Supplier_ID\":6,\"Name\":\"Gaisanos\",\"Contact_info\":\"093842723142\",\"Address\":\"Bulua CDO\",\"is_active\":1}', '{\"Supplier_ID\":6,\"Name\":\"Gaisanoss\",\"Contact_info\":\"093842723142\",\"Address\":\"Bulua CDO\"}', '3', '2025-09-18 19:48:56'),
(310, 'supplier', 6, 'UPDATE', '{\"Supplier_ID\":6,\"Name\":\"Gaisanoss\",\"Contact_info\":\"093842723142\",\"Address\":\"Bulua CDO\",\"is_active\":1}', '{\"Supplier_ID\":6,\"Name\":\"Gaisanossx\",\"Contact_info\":\"093842723142\",\"Address\":\"Bulua CDO\"}', '3', '2025-09-18 19:49:30'),
(311, 'supplier', 11, 'CREATE', NULL, '{\"Name\":\"XXX\",\"Contact_info\":\"092334124\",\"Address\":\"Japan\",\"is_active\":1}', '3', '2025-09-18 19:49:51'),
(312, 'user', 2, 'DEACTIVATE', '{\"User_ID\":2,\"User_name\":\"admin\",\"Role_ID\":1,\"Status\":\"active\"}', '{\"Status\":\"inactive\"}', '1', '2025-09-21 13:51:49'),
(313, 'user', 2, 'DEACTIVATE', '{\"User_ID\":2,\"User_name\":\"admin\",\"Role_ID\":1,\"Status\":\"inactive\"}', '{\"Status\":\"inactive\"}', '1', '2025-09-21 13:51:55'),
(314, 'user', 4, 'BULK_DEACTIVATE', NULL, '{\"Status\":\"inactive\",\"Count\":2}', '1', '2025-09-21 13:52:07'),
(315, 'user', 4, 'UPDATE', '{\"User_ID\":4,\"User_name\":\"clerkgwapings\",\"Role_ID\":3,\"Status\":\"inactive\"}', '{\"User_ID\":4,\"User_name\":\"clerkgwapings\",\"Role_ID\":3,\"Status\":\"active\"}', '1', '2025-09-21 13:52:23'),
(316, 'user', 6, 'UPDATE', '{\"User_ID\":6,\"User_name\":\"cashier1\",\"Role_ID\":5,\"Status\":\"active\"}', '{\"User_ID\":6,\"User_name\":\"cashier1\",\"Role_ID\":3,\"Status\":\"active\"}', '1', '2025-09-21 14:05:05'),
(317, 'user', 6, 'UPDATE', '{\"User_ID\":6,\"User_name\":\"cashier1\",\"Role_ID\":3,\"Status\":\"active\"}', '{\"User_ID\":6,\"User_name\":\"cashier1\",\"Role_ID\":5,\"Status\":\"active\"}', '1', '2025-09-21 14:05:40'),
(318, 'user', 11, 'CREATE', NULL, '{\"User_name\":\"Tarik12\",\"Role_ID\":2,\"Status\":\"active\"}', '1', '2025-09-21 14:06:48'),
(319, 'user', 7, 'UPDATE', '{\"User_ID\":7,\"User_name\":\"cashier2\",\"Role_ID\":5,\"Status\":\"active\"}', '{\"User_ID\":7,\"User_name\":\"cashier2\",\"Role_ID\":4,\"Status\":\"active\"}', '1', '2025-09-21 14:09:23'),
(320, 'user', 7, 'UPDATE', '{\"User_ID\":7,\"User_name\":\"cashier2\",\"Role_ID\":4,\"Status\":\"active\"}', '{\"User_ID\":7,\"User_name\":\"cashier2\",\"Role_ID\":5,\"Status\":\"active\"}', '1', '2025-09-21 14:09:35'),
(321, 'user', 8, 'UPDATE', '{\"User_ID\":8,\"User_name\":\"cashier3\",\"Role_ID\":5,\"Status\":\"active\"}', '{\"User_ID\":8,\"User_name\":\"cashier3\",\"Role_ID\":3,\"Status\":\"active\"}', '1', '2025-09-21 14:11:24'),
(322, 'user', 8, 'UPDATE', '{\"User_ID\":8,\"User_name\":\"cashier3\",\"Role_ID\":3,\"Status\":\"active\"}', '{\"User_ID\":8,\"User_name\":\"cashier12\",\"Role_ID\":5,\"Status\":\"active\"}', '1', '2025-09-21 14:11:43'),
(323, 'user', 2, 'DEACTIVATE', '{\"User_ID\":2,\"User_name\":\"admin\",\"Role_ID\":1,\"Status\":\"inactive\"}', '{\"Status\":\"inactive\"}', '1', '2025-09-21 14:12:18'),
(324, 'user', 11, 'UPDATE', '{\"User_ID\":11,\"User_name\":\"Tarik12\",\"Role_ID\":2,\"Status\":\"active\"}', '{\"User_ID\":11,\"User_name\":\"Tarik12\",\"Role_ID\":2,\"Status\":\"inactive\"}', '1', '2025-09-21 14:34:08'),
(325, 'user', 11, 'UPDATE', '{\"User_ID\":11,\"User_name\":\"Tarik12\",\"Role_ID\":2,\"Status\":\"inactive\"}', '{\"User_ID\":11,\"User_name\":\"Tarik12\",\"Role_ID\":2,\"Status\":\"active\"}', '1', '2025-09-21 14:34:17'),
(326, 'user', 11, 'UPDATE', '{\"User_ID\":11,\"User_name\":\"Tarik12\",\"Role_ID\":2,\"Status\":\"active\"}', '{\"User_ID\":11,\"User_name\":\"Tarik12\",\"Role_ID\":2,\"Status\":\"deleted\"}', '1', '2025-09-21 14:40:09'),
(327, 'user', 11, 'UPDATE', '{\"User_ID\":11,\"User_name\":\"Tarik12\",\"Role_ID\":2,\"Status\":\"deleted\"}', '{\"User_ID\":11,\"User_name\":\"Tarik12\",\"Role_ID\":2,\"Status\":\"deleted\"}', '1', '2025-09-21 14:40:13'),
(328, 'user', 12, 'CREATE', NULL, '{\"User_name\":\"Tarik14\",\"Role_ID\":4,\"Status\":\"active\"}', '1', '2025-09-21 14:45:15'),
(329, 'user', 12, 'UPDATE', '{\"User_ID\":12,\"User_name\":\"Tarik14\",\"Role_ID\":4,\"Status\":\"active\"}', '{\"User_ID\":12,\"User_name\":\"Tarik14\",\"Role_ID\":4,\"Status\":\"deleted\"}', '1', '2025-09-21 14:45:20'),
(330, 'user', 11, 'UPDATE', '{\"User_ID\":11,\"User_name\":\"Tarik12\",\"Role_ID\":2,\"Status\":\"deleted\"}', '{\"User_ID\":11,\"User_name\":\"Tarik12\",\"Role_ID\":2,\"Status\":\"active\"}', '1', '2025-09-21 14:47:51'),
(331, 'user', 11, 'UPDATE', '{\"User_ID\":11,\"User_name\":\"Tarik12\",\"Role_ID\":2,\"Status\":\"active\"}', '{\"User_ID\":11,\"User_name\":\"Tarik12\",\"Role_ID\":2,\"Status\":\"deleted\"}', '1', '2025-09-21 14:47:57'),
(332, 'Inventory', 109, 'TRANSFER_STOCK', '{\"Display_stocks_delta\":-100}', '{\"Display_stocks_delta\":100}', '1', '2025-09-21 14:57:35'),
(333, 'Customer_Return', 83, 'CREATE', NULL, '{\"SaleItem_ID\":181,\"Product_ID\":108,\"Quantity\":1,\"Reason\":\"WRONG_ITEM\",\"Return_Type\":\"REFUND\"}', '6', '2025-09-22 13:52:18'),
(334, 'Customer_Return', 83, 'STATUS_CHANGE', '{\"Return_ID\":83,\"SaleItem_ID\":181,\"Product_ID\":108,\"Quantity\":1,\"Reason\":\"WRONG_ITEM\",\"Return_Date\":\"2025-09-22\",\"Status\":\"Pending\",\"Approved_by\":null,\"Return_Type\":\"REFUND\",\"Approved_At\":null,\"Approved_Date\":null,\"Created_by\":6,\"Terminal_ID\":1}', '{\"Status\":\"Approved\",\"Approved_by\":3,\"Comments\":\"oki\",\"Exchange_Only\":0}', '3', '2025-09-22 13:52:55'),
(335, 'Manual_Adjustments', 50, 'STATUS_CHANGE', 'Status: PENDING', 'Status: APPROVED, Approved_by: 1', '1', '2025-09-23 03:10:18'),
(336, 'Manual_Adjustments', 51, 'STATUS_CHANGE', 'Status: PENDING', 'Status: APPROVED, Approved_by: 3', '3', '2025-09-23 05:18:42'),
(337, 'Customer_Return', 84, 'CREATE', NULL, '{\"SaleItem_ID\":182,\"Product_ID\":109,\"Quantity\":2,\"Reason\":\"WRONG_ITEM\",\"Return_Type\":\"REPLACE\"}', '6', '2025-09-23 06:25:50'),
(338, 'Customer_Return', 84, 'STATUS_CHANGE', '{\"Return_ID\":84,\"SaleItem_ID\":182,\"Product_ID\":109,\"Quantity\":2,\"Reason\":\"WRONG_ITEM\",\"Return_Date\":\"2025-09-23\",\"Status\":\"Pending\",\"Approved_by\":null,\"Return_Type\":\"REPLACE\",\"Approved_At\":null,\"Approved_Date\":null,\"Created_by\":6,\"Terminal_ID\":1}', '{\"Status\":\"Approved\",\"Approved_by\":1,\"Comments\":\"okay\",\"Exchange_Only\":0}', '1', '2025-09-23 06:26:21');

-- --------------------------------------------------------

--
-- Table structure for table `category`
--

CREATE TABLE `category` (
  `Category_ID` int(11) NOT NULL,
  `Category_Name` varchar(100) DEFAULT NULL,
  `Description` text DEFAULT NULL
) ENGINE=InnoDB DEFAULT CHARSET=utf8mb4 COLLATE=utf8mb4_general_ci;

--
-- Dumping data for table `category`
--

INSERT INTO `category` (`Category_ID`, `Category_Name`, `Description`) VALUES
(1, 'Biscuites', NULL),
(2, 'Beverage', NULL),
(3, 'Frozen Goods', NULL),
(4, 'Can Goods', NULL),
(10, 'Toys', NULL),
(11, 'Construction Materials', NULL),
(12, 'Junk Foods', NULL),
(13, 'Weeds', 'goods shiii'),
(14, 'Essentials', 'Essential Products');

-- --------------------------------------------------------

--
-- Table structure for table `customer_return`
--

CREATE TABLE `customer_return` (
  `Return_ID` int(11) NOT NULL,
  `SaleItem_ID` int(11) DEFAULT NULL,
  `Product_ID` int(11) DEFAULT NULL,
  `Quantity` int(11) DEFAULT NULL,
  `Reason` text DEFAULT NULL,
  `Return_Date` date DEFAULT NULL,
  `Status` varchar(50) DEFAULT NULL,
  `Approved_by` int(11) DEFAULT NULL,
  `Return_Type` enum('REPLACE','REFUND') DEFAULT 'REPLACE',
  `Approved_At` datetime DEFAULT NULL,
  `Approved_Date` datetime DEFAULT NULL,
  `Created_by` int(11) DEFAULT NULL,
  `Terminal_ID` int(11) DEFAULT NULL
) ENGINE=InnoDB DEFAULT CHARSET=utf8mb4 COLLATE=utf8mb4_general_ci;

--
-- Dumping data for table `customer_return`
--

INSERT INTO `customer_return` (`Return_ID`, `SaleItem_ID`, `Product_ID`, `Quantity`, `Reason`, `Return_Date`, `Status`, `Approved_by`, `Return_Type`, `Approved_At`, `Approved_Date`, `Created_by`, `Terminal_ID`) VALUES
(1, 126, 100, 1, 'Wrong item', '2025-09-11', 'Approved', 3, 'REFUND', NULL, '2025-09-11 17:50:33', 7, NULL),
(2, 125, 69, 1, 'Defective/Damaged product', '2025-09-11', 'Approved', 3, 'REPLACE', NULL, '2025-09-11 18:29:22', 6, NULL),
(3, 125, 69, 1, 'Wrong item', '2025-09-11', 'Approved', 3, 'REFUND', NULL, '2025-09-11 18:59:19', 6, NULL),
(4, 120, 73, 1, 'Expired product', '2025-09-11', 'Approved', 3, 'REFUND', NULL, '2025-09-11 19:09:20', 3, NULL),
(5, 111, 98, 1, 'Wrong item', '2025-09-11', 'Rejected', 3, 'REPLACE', NULL, '2025-09-11 20:01:13', 7, NULL),
(6, 130, 94, 1, 'Expired product', '2025-09-11', 'Approved', 3, 'REFUND', NULL, '2025-09-11 20:06:22', 8, NULL),
(7, 117, 99, 1, 'Defective/Damaged product', '2025-09-11', 'Approved', 3, 'REPLACE', NULL, '2025-09-11 20:52:32', 8, NULL),
(8, 98, 98, 1, 'Wrong item', '2025-09-11', 'Approved', 3, 'REFUND', NULL, '2025-09-12 19:04:18', 8, NULL),
(9, 18, 8, 1, 'Expired product', '2025-09-11', 'Approved', 3, 'REFUND', NULL, '2025-09-12 18:35:47', 8, NULL),
(10, 29, 70, 3, 'Wrong item', '2025-09-11', 'Approved', 3, 'REFUND', NULL, '2025-09-11 21:29:19', 8, NULL),
(11, 132, 92, 2, 'Wrong item', '2025-09-11', 'Approved', 3, 'REPLACE', NULL, '2025-09-11 21:43:28', 8, NULL),
(12, 134, 92, 5, 'Wrong item', '2025-09-11', 'Approved', 3, 'REFUND', NULL, '2025-09-11 22:02:16', 8, 1),
(13, 135, 104, 4, 'Wrong item', '2025-09-11', 'Approved', 3, 'REFUND', NULL, '2025-09-11 22:04:11', 8, 1),
(14, 136, 104, 5, 'Expired product', '2025-09-11', 'Approved', 3, 'REFUND', NULL, '2025-09-11 22:06:18', 8, 1),
(15, 129, 70, 1, 'Wrong item', '2025-09-11', 'Approved', 3, 'REFUND', NULL, '2025-09-11 22:35:53', 6, 1),
(16, 138, 93, 5, 'Changed mind', '2025-09-12', 'Approved', 3, 'REFUND', NULL, '2025-09-12 10:48:05', 6, 1),
(17, 139, 103, 2, 'OTHER', '2025-09-12', 'Approved', 3, 'REPLACE', NULL, '2025-09-12 11:50:55', 6, 1),
(18, 140, 102, 2, 'OTHER', '2025-09-12', 'Approved', 3, 'REFUND', NULL, '2025-09-12 13:43:13', 6, 1),
(19, 141, 101, 2, 'OTHER', '2025-09-12', 'Approved', 3, 'REFUND', NULL, '2025-09-12 12:46:40', 6, 1),
(20, 142, 71, 4, 'OTHER', '2025-09-12', 'Approved', 3, 'REFUND', NULL, '2025-09-12 12:14:55', 6, 1),
(21, 143, 94, 2, 'OTHER', '2025-09-12', 'Approved', 3, 'REFUND', NULL, '2025-09-12 12:27:07', 6, 1),
(22, 143, 94, 2, 'DAMAGED', '2025-09-12', 'Approved', 3, 'REFUND', NULL, '2025-09-12 12:24:37', 6, 1),
(23, 143, 94, 1, 'OTHER', '2025-09-12', 'Approved', 3, 'REFUND', NULL, '2025-09-12 12:29:36', 6, 1),
(24, 144, 105, 1, 'WRONG_ITEM', '2025-09-12', 'Approved', 3, 'REFUND', NULL, '2025-09-12 12:38:45', 6, 1),
(26, 145, 100, 2, 'WRONG_ITEM', '2025-09-12', 'Approved', 3, 'REPLACE', NULL, '2025-09-12 12:53:14', 6, 1),
(27, 146, 100, 2, 'DAMAGED', '2025-09-12', 'Approved', 3, 'REFUND', NULL, '2025-09-12 13:25:45', 6, 1),
(28, 147, 103, 3, 'DAMAGED', '2025-09-12', 'Approved', 3, 'REFUND', NULL, '2025-09-12 13:28:08', 6, 1),
(32, 149, 99, 6, 'WRONG_ITEM', '2025-09-12', 'Approved', 3, 'REFUND', NULL, '2025-09-12 15:13:05', 6, 1),
(34, 150, 105, 2, 'EXPIRED', '2025-09-12', 'Approved', 3, 'REFUND', NULL, '2025-09-12 16:55:20', 6, 1),
(35, 151, 104, 3, 'EXPIRED', '2025-09-12', 'Approved', 3, 'REFUND', NULL, '2025-09-12 17:58:30', 6, 1),
(37, 153, 105, 3, 'WRONG_ITEM', '2025-09-12', 'Approved', 3, 'REFUND', NULL, '2025-09-12 16:55:39', 6, 1),
(38, 153, 105, 2, 'EXPIRED', '2025-09-12', 'Approved', 3, 'REFUND', NULL, '2025-09-12 15:49:26', 6, 1),
(39, 154, 104, 1, 'WRONG_ITEM', '2025-09-12', 'Approved', 3, 'REFUND', NULL, '2025-09-12 17:57:50', 6, 1),
(40, 154, 104, 1, 'EXPIRED', '2025-09-12', 'Approved', 3, 'REFUND', NULL, '2025-09-12 17:28:55', 6, 1),
(41, 155, 104, 2, 'WRONG_ITEM', '2025-09-12', 'Approved', 3, 'REFUND', NULL, '2025-09-12 17:50:28', 7, 1),
(42, 155, 104, 1, 'EXPIRED', '2025-09-12', 'Approved', 3, 'REFUND', NULL, '2025-09-12 17:49:52', 7, 1),
(43, 156, 104, 3, 'WRONG_ITEM', '2025-09-12', 'Approved', 3, 'REFUND', NULL, '2025-09-12 17:52:30', 7, 1),
(44, 156, 104, 2, 'EXPIRED', '2025-09-12', 'Approved', 3, 'REFUND', NULL, '2025-09-12 17:51:52', 7, 1),
(45, 157, 99, 3, 'DAMAGED', '2025-09-12', 'Approved', 3, 'REFUND', NULL, '2025-09-12 17:56:03', 7, 1),
(46, 158, 104, 3, 'EXPIRED', '2025-09-12', 'Approved', 3, 'REFUND', NULL, '2025-09-12 18:30:54', 6, 1),
(47, 158, 104, 2, 'WRONG_ITEM', '2025-09-12', 'Approved', 3, 'REFUND', NULL, '2025-09-12 18:49:20', 6, 1),
(48, 159, 103, 3, 'DAMAGED', '2025-09-12', 'Approved', 3, 'REFUND', NULL, '2025-09-12 18:27:30', 7, 1),
(49, 159, 103, 2, 'WRONG_ITEM', '2025-09-12', 'Approved', 3, 'REFUND', NULL, '2025-09-12 18:26:01', 7, 1),
(50, 160, 104, 3, 'WRONG_ITEM', '2025-09-12', 'Approved', 3, 'REFUND', NULL, '2025-09-12 18:44:55', 7, 1),
(51, 160, 104, 2, 'EXPIRED', '2025-09-12', 'Approved', 3, 'REFUND', NULL, '2025-09-12 18:38:19', 7, 1),
(52, 161, 104, 4, 'EXPIRED', '2025-09-12', 'Approved', 3, 'REFUND', NULL, '2025-09-12 18:48:10', 7, 1),
(53, 162, 100, 1, 'EXPIRED', '2025-09-12', 'Approved', 3, 'REFUND', NULL, '2025-09-12 18:52:13', 7, 1),
(54, 163, 105, 1, 'EXPIRED', '2025-09-12', 'Approved', 3, 'REFUND', NULL, '2025-09-12 18:59:47', 7, 1),
(55, 163, 105, 1, 'WRONG_ITEM', '2025-09-12', 'Approved', 3, 'REFUND', NULL, '2025-09-12 19:02:30', 7, 1),
(56, 164, 105, 2, 'EXPIRED', '2025-09-12', 'Approved', 3, 'REFUND', NULL, '2025-09-12 19:01:45', 7, 1),
(57, 165, 105, 3, 'EXPIRED', '2025-09-12', 'Approved', 3, 'REFUND', NULL, '2025-09-12 19:06:35', 7, 1),
(58, 165, 105, 2, 'WRONG_ITEM', '2025-09-12', 'Approved', 3, 'REFUND', NULL, '2025-09-12 19:06:57', 7, 1),
(59, 166, 105, 3, 'WRONG_ITEM', '2025-09-12', 'Approved', 3, 'REFUND', NULL, '2025-09-12 19:17:31', 7, 1),
(60, 166, 105, 2, 'EXPIRED', '2025-09-12', 'Approved', 3, 'REFUND', NULL, '2025-09-12 19:17:18', 7, 1),
(61, 167, 105, 3, 'WRONG_ITEM', '2025-09-12', 'Approved', 3, 'REFUND', NULL, '2025-09-12 19:25:01', 7, 1),
(62, 167, 105, 2, 'EXPIRED', '2025-09-12', 'Pending', NULL, 'REFUND', NULL, NULL, 7, 1),
(63, 168, 105, 1, 'WRONG_ITEM', '2025-09-12', 'Approved', 3, 'REFUND', NULL, '2025-09-12 19:33:30', 7, 1),
(64, 168, 105, 1, 'DAMAGED', '2025-09-12', 'Approved', 3, 'REFUND', NULL, '2025-09-12 19:33:49', 7, 1),
(65, 169, 104, 1, 'DAMAGED', '2025-09-12', 'Pending', NULL, 'REFUND', NULL, NULL, 7, 1),
(66, 169, 104, 1, 'WRONG_ITEM', '2025-09-12', 'Approved', 3, 'REFUND', NULL, '2025-09-12 19:40:28', 7, 1),
(67, 170, 104, 1, 'DAMAGED', '2025-09-12', 'Approved', 3, 'REFUND', NULL, '2025-09-12 19:51:56', 7, 1),
(68, 170, 104, 1, 'WRONG_ITEM', '2025-09-12', 'Approved', 3, 'REFUND', NULL, '2025-09-12 19:51:16', 7, 1),
(69, 171, 104, 1, 'WRONG_ITEM', '2025-09-12', 'Approved', 3, 'REFUND', NULL, '2025-09-12 19:53:07', 7, 1),
(70, 171, 104, 1, 'EXPIRED', '2025-09-12', 'Approved', 3, 'REFUND', NULL, '2025-09-12 19:53:39', 7, 1),
(71, 172, 103, 1, 'WRONG_ITEM', '2025-09-12', 'Approved', 3, 'REFUND', NULL, '2025-09-12 20:10:00', 7, 1),
(72, 172, 103, 1, 'DAMAGED', '2025-09-12', 'Approved', 3, 'REFUND', NULL, '2025-09-12 20:10:13', 7, 1),
(73, 173, 104, 1, 'WRONG_ITEM', '2025-09-12', 'Approved', 3, 'REFUND', NULL, '2025-09-12 20:16:01', 7, 1),
(74, 173, 104, 1, 'DAMAGED', '2025-09-12', 'Approved', 3, 'REFUND', NULL, '2025-09-12 20:16:18', 7, 1),
(75, 174, 107, 1, 'WRONG_ITEM', '2025-09-13', 'Approved', 3, 'REFUND', NULL, '2025-09-13 07:57:28', 7, 1),
(76, 174, 107, 1, 'DAMAGED', '2025-09-13', 'Approved', 3, 'REFUND', NULL, '2025-09-13 07:56:48', 7, 1),
(77, 175, 107, 1, 'WRONG_ITEM', '2025-09-13', 'Approved', 3, 'REPLACE', NULL, '2025-09-13 08:06:05', 7, 1),
(78, 176, 105, 1, 'WRONG_ITEM', '2025-09-13', 'Approved', 3, 'REPLACE', NULL, '2025-09-13 08:05:47', 7, 1),
(79, 177, 100, 1, 'EXPIRED', '2025-09-13', 'Pending', NULL, 'REPLACE', NULL, NULL, 7, 1),
(80, 178, 70, 1, 'WRONG_ITEM', '2025-09-13', 'Pending', NULL, 'REFUND', NULL, NULL, 7, 1),
(81, 179, 8, 1, 'WRONG_ITEM', '2025-09-13', 'Pending', NULL, 'REFUND', NULL, NULL, 7, 1),
(82, 180, 106, 1, 'WRONG_ITEM', '2025-09-13', 'Pending', NULL, 'REFUND', NULL, NULL, 7, 1),
(83, 181, 108, 1, 'WRONG_ITEM', '2025-09-22', 'Approved', 3, 'REFUND', NULL, '2025-09-22 15:52:55', 6, 1),
(84, 182, 109, 2, 'WRONG_ITEM', '2025-09-23', 'Approved', 1, 'REPLACE', NULL, '2025-09-23 08:26:21', 6, 1);

-- --------------------------------------------------------

--
-- Table structure for table `damage_goods`
--

CREATE TABLE `damage_goods` (
  `DamageGoods_ID` int(11) NOT NULL,
  `Product_ID` int(11) DEFAULT NULL,
  `Quantity` int(11) DEFAULT NULL,
  `Date_reported` date DEFAULT NULL,
  `Reported_by` int(11) DEFAULT NULL,
  `Reason` text DEFAULT NULL,
  `Adjustment_ID` int(11) DEFAULT NULL,
  `Status` varchar(50) DEFAULT NULL,
  `Terminal_ID` int(11) DEFAULT NULL
) ENGINE=InnoDB DEFAULT CHARSET=utf8mb4 COLLATE=utf8mb4_general_ci;

--
-- Dumping data for table `damage_goods`
--

INSERT INTO `damage_goods` (`DamageGoods_ID`, `Product_ID`, `Quantity`, `Date_reported`, `Reported_by`, `Reason`, `Adjustment_ID`, `Status`, `Terminal_ID`) VALUES
(1, 69, 1, '2025-09-12', 3, 'Defective/Damaged product', NULL, 'Logged', NULL),
(2, 94, 1, '2025-09-12', 3, 'Expired product', NULL, 'Logged', NULL),
(3, 99, 1, '2025-09-12', 3, 'Defective/Damaged product', NULL, 'Logged', NULL),
(4, 104, 5, '2025-09-12', 3, 'Expired product', NULL, 'Logged', 1),
(5, 94, 2, '2025-09-12', 3, 'DAMAGED', NULL, 'Logged', 1),
(6, 94, 2, '2025-09-12', 3, 'DAMAGED', NULL, 'Logged', 1),
(7, 94, 2, '2025-09-12', 3, 'DAMAGED', NULL, 'Logged', 1),
(8, 94, 2, '2025-09-12', 3, 'DAMAGED', NULL, 'Logged', 1),
(9, 100, 2, '2025-09-12', 3, 'DAMAGED', NULL, 'Logged', 1),
(10, 100, 2, '2025-09-12', 3, 'DAMAGED', NULL, 'Logged', 1),
(11, 103, 3, '2025-09-12', 3, 'DAMAGED', NULL, 'Logged', 1),
(12, 104, 2, '2025-09-12', 3, 'EXPIRED', 41, 'Logged', NULL),
(13, 103, 2, '2025-09-12', 4, 'DAMAGED', 42, 'Logged', NULL),
(14, 105, 2, '2025-09-12', 3, 'EXPIRED', NULL, 'Logged', 1),
(15, 105, 2, '2025-09-12', 3, 'EXPIRED', NULL, 'Logged', 1),
(16, 104, 1, '2025-09-12', 3, 'EXPIRED', NULL, 'Logged', 1),
(17, 104, 1, '2025-09-12', 3, 'EXPIRED', NULL, 'Logged', 1),
(18, 104, 2, '2025-09-12', 3, 'EXPIRED', NULL, 'Logged', 1),
(19, 99, 3, '2025-09-12', 3, 'DAMAGED', NULL, 'Logged', 1),
(20, 104, 3, '2025-09-12', 3, 'EXPIRED', NULL, 'Logged', 1),
(21, 103, 3, '2025-09-13', 3, 'DAMAGED', NULL, 'Logged', 1),
(22, 104, 3, '2025-09-13', 3, 'EXPIRED', NULL, 'Logged', 1),
(23, 8, 1, '2025-09-13', 3, 'Expired product', NULL, 'Logged', NULL),
(24, 104, 2, '2025-09-13', 3, 'EXPIRED', NULL, 'Logged', 1),
(25, 104, 4, '2025-09-13', 3, 'EXPIRED', NULL, 'Logged', 1),
(26, 100, 1, '2025-09-13', 3, 'EXPIRED', NULL, 'Logged', 1),
(27, 105, 1, '2025-09-13', 3, 'EXPIRED', NULL, 'Logged', 1),
(28, 105, 2, '2025-09-13', 3, 'EXPIRED', NULL, 'Logged', 1),
(29, 105, 3, '2025-09-13', 3, 'EXPIRED', NULL, 'Logged', 1),
(30, 105, 2, '2025-09-13', 3, 'EXPIRED', NULL, 'Logged', 1),
(31, 105, 1, '2025-09-13', 3, 'DAMAGED', NULL, 'Logged', 1),
(32, 104, 1, '2025-09-13', 3, 'DAMAGED', NULL, 'Logged', 1),
(33, 104, 1, '2025-09-13', 3, 'EXPIRED', NULL, 'Logged', 1),
(34, 103, 1, '2025-09-13', 3, 'DAMAGED', NULL, 'Logged', 1),
(35, 104, 1, '2025-09-13', 3, 'DAMAGED', NULL, 'Logged', 1),
(36, 103, 1, '2025-09-13', 1, 'EXPIRED', 44, 'Logged', NULL),
(37, 107, 1, '2025-09-13', 3, 'DAMAGED', NULL, 'Logged', 1),
(38, 109, 5, '2025-09-23', 4, 'DAMAGED', 50, 'Logged', NULL),
(39, 109, 3, '2025-09-23', 3, 'EXPIRED', 51, 'Logged', NULL);

-- --------------------------------------------------------

--
-- Table structure for table `disposal_tag`
--

CREATE TABLE `disposal_tag` (
  `Disposal_ID` int(11) NOT NULL,
  `Return_ID` int(11) NOT NULL,
  `Product_ID` int(11) NOT NULL,
  `Quantity` int(11) NOT NULL,
  `Reason` varchar(64) NOT NULL,
  `Created_by` int(11) NOT NULL,
  `Created_at` datetime NOT NULL DEFAULT current_timestamp()
) ENGINE=InnoDB DEFAULT CHARSET=utf8mb4 COLLATE=utf8mb4_general_ci;

--
-- Dumping data for table `disposal_tag`
--

INSERT INTO `disposal_tag` (`Disposal_ID`, `Return_ID`, `Product_ID`, `Quantity`, `Reason`, `Created_by`, `Created_at`) VALUES
(1, 22, 94, 2, 'DAMAGED', 3, '2025-09-12 18:24:31'),
(2, 22, 94, 2, 'DAMAGED', 3, '2025-09-12 18:24:32'),
(3, 22, 94, 2, 'DAMAGED', 3, '2025-09-12 18:24:36'),
(4, 22, 94, 2, 'DAMAGED', 3, '2025-09-12 18:24:37'),
(5, 27, 100, 2, 'DAMAGED', 3, '2025-09-12 19:25:44'),
(6, 27, 100, 2, 'DAMAGED', 3, '2025-09-12 19:25:45'),
(7, 28, 103, 3, 'DAMAGED', 3, '2025-09-12 19:28:08'),
(8, 38, 105, 2, 'EXPIRED', 3, '2025-09-12 21:49:26'),
(9, 34, 105, 2, 'EXPIRED', 3, '2025-09-12 22:55:20'),
(10, 40, 104, 1, 'EXPIRED', 3, '2025-09-12 23:28:55'),
(11, 42, 104, 1, 'EXPIRED', 3, '2025-09-12 23:49:52'),
(12, 44, 104, 2, 'EXPIRED', 3, '2025-09-12 23:51:52'),
(13, 45, 99, 3, 'DAMAGED', 3, '2025-09-12 23:56:03'),
(14, 35, 104, 3, 'EXPIRED', 3, '2025-09-12 23:58:30'),
(15, 48, 103, 3, 'DAMAGED', 3, '2025-09-13 00:27:30'),
(16, 46, 104, 3, 'EXPIRED', 3, '2025-09-13 00:30:54'),
(17, 9, 8, 1, 'EXPIRED PRODUCT', 3, '2025-09-13 00:35:47'),
(18, 51, 104, 2, 'EXPIRED', 3, '2025-09-13 00:38:19'),
(19, 52, 104, 4, 'EXPIRED', 3, '2025-09-13 00:48:10'),
(20, 53, 100, 1, 'EXPIRED', 3, '2025-09-13 00:52:13'),
(21, 54, 105, 1, 'EXPIRED', 3, '2025-09-13 00:59:47'),
(22, 56, 105, 2, 'EXPIRED', 3, '2025-09-13 01:01:45'),
(23, 57, 105, 3, 'EXPIRED', 3, '2025-09-13 01:06:35'),
(24, 60, 105, 2, 'EXPIRED', 3, '2025-09-13 01:17:18'),
(25, 64, 105, 1, 'DAMAGED', 3, '2025-09-13 01:33:49'),
(26, 67, 104, 1, 'DAMAGED', 3, '2025-09-13 01:51:56'),
(27, 70, 104, 1, 'EXPIRED', 3, '2025-09-13 01:53:39'),
(28, 72, 103, 1, 'DAMAGED', 3, '2025-09-13 02:10:13'),
(29, 74, 104, 1, 'DAMAGED', 3, '2025-09-13 02:16:18'),
(30, 76, 107, 1, 'DAMAGED', 3, '2025-09-13 13:56:48');

-- --------------------------------------------------------

--
-- Table structure for table `inventory`
--

CREATE TABLE `inventory` (
  `Inventory_ID` int(11) NOT NULL,
  `Product_ID` int(11) DEFAULT NULL,
  `Last_update` datetime DEFAULT NULL,
  `Quantity` int(11) DEFAULT NULL,
  `Reorder_level` int(11) DEFAULT NULL
) ENGINE=InnoDB DEFAULT CHARSET=utf8mb4 COLLATE=utf8mb4_general_ci;

--
-- Dumping data for table `inventory`
--

INSERT INTO `inventory` (`Inventory_ID`, `Product_ID`, `Last_update`, `Quantity`, `Reorder_level`) VALUES
(1, 1, '2025-08-31 16:04:17', 98, 0),
(2, 2, '2025-08-29 19:57:53', 70, 0),
(3, 3, '2025-09-04 16:52:42', 55, 0),
(4, 4, '2025-09-13 15:17:35', 25, 0),
(8, 8, '2025-09-13 14:07:51', 10, 10),
(69, 69, '2025-09-12 00:59:19', 66, 20),
(70, 70, '2025-09-14 15:45:31', 44, 20),
(71, 71, '2025-09-14 15:45:31', 53, 20),
(77, 72, '2025-09-03 00:31:43', 32, 10),
(78, 73, '2025-09-14 18:12:14', 62, 9),
(79, 0, '2025-09-02 09:58:33', 30, 20),
(80, 85, '2025-09-02 10:02:29', 30, 10),
(81, 86, '2025-09-02 19:02:03', 50, 10),
(82, 87, '2025-09-02 19:57:59', 30, 20),
(83, 88, '2025-09-02 20:27:42', 25, 0),
(94, 89, '2025-09-14 15:45:31', 36, 20),
(95, 90, '2025-09-13 15:37:21', 27, 10),
(96, 91, '2025-09-14 15:45:31', 56, 30),
(97, 92, '2025-09-15 00:06:45', 31, 20),
(98, 93, '2025-09-13 15:12:39', 25, 20),
(99, 94, '2025-09-13 15:12:39', 31, 10),
(100, 95, '2025-09-13 15:37:03', 29, 10),
(101, 96, '2025-09-04 19:41:50', 31, 20),
(102, 97, '2025-09-14 15:45:31', 34, 10),
(103, 98, '2025-09-13 01:04:18', 13, 20),
(104, 99, '2025-09-14 17:50:55', 36, 10),
(105, 100, '2025-09-14 17:50:55', 42, 20),
(106, 101, '2025-09-13 15:26:53', 33, 20),
(107, 102, '2025-09-15 03:56:20', 112, 20),
(108, 103, '2025-09-15 03:48:04', 61, 20),
(109, 104, '2025-09-14 22:50:43', 148, 20),
(110, 105, '2025-09-15 04:05:28', 190, 20),
(111, 106, '2025-09-13 14:07:51', 60, 20),
(112, 107, '2025-09-13 16:28:05', 207, 30),
(113, 108, '2025-09-22 21:52:55', 96, 50),
(114, 109, '2025-09-23 14:26:21', 184, 100),
(115, 110, '2025-09-19 02:58:47', 0, 0);

-- --------------------------------------------------------

--
-- Table structure for table `manual_adjustments`
--

CREATE TABLE `manual_adjustments` (
  `Adjustment_ID` int(11) NOT NULL,
  `Product_ID` int(11) DEFAULT NULL,
  `Old_quantity` int(11) DEFAULT NULL,
  `New_quantity` int(11) DEFAULT NULL,
  `Adjustment_date` date DEFAULT NULL,
  `Reason` enum('PHYSICAL_COUNT_DISCREPANCY','EXPIRED_PRODUCTS','DAMAGED_GOODS','THEFT_LOSS','SUPPLIER_SHORTAGE','QUALITY_CONTROL','SYSTEM_ERROR','OTHER') DEFAULT NULL,
  `Adjusted_by` int(11) DEFAULT NULL,
  `Approved_by` int(11) DEFAULT NULL,
  `Status` enum('PENDING','APPROVED','REJECTED','AUTO_APPLIED') DEFAULT 'PENDING',
  `Notes` text DEFAULT NULL,
  `Terminal_ID` int(11) DEFAULT NULL,
  `Approved_date` timestamp NULL DEFAULT NULL,
  `Approval_notes` text DEFAULT NULL,
  `Created_at` timestamp NOT NULL DEFAULT current_timestamp(),
  `Updated_at` timestamp NOT NULL DEFAULT current_timestamp() ON UPDATE current_timestamp()
) ENGINE=InnoDB DEFAULT CHARSET=utf8mb4 COLLATE=utf8mb4_general_ci;

--
-- Dumping data for table `manual_adjustments`
--

INSERT INTO `manual_adjustments` (`Adjustment_ID`, `Product_ID`, `Old_quantity`, `New_quantity`, `Adjustment_date`, `Reason`, `Adjusted_by`, `Approved_by`, `Status`, `Notes`, `Terminal_ID`, `Approved_date`, `Approval_notes`, `Created_at`, `Updated_at`) VALUES
(2, 8, 28, 25, '2025-08-25', 'DAMAGED_GOODS', 4, 3, 'APPROVED', '', 3, '2025-08-25 08:20:21', 'very good', '2025-08-25 08:15:08', '2025-08-25 08:20:21'),
(3, 1, 92, 90, '2025-08-27', 'SYSTEM_ERROR', 4, 3, 'REJECTED', 'mismatch', NULL, '2025-08-27 07:14:22', 'nope', '2025-08-27 07:09:04', '2025-08-27 07:14:22'),
(4, 1, 92, 90, '2025-08-27', 'SYSTEM_ERROR', 4, 2, 'REJECTED', 'mismatch', NULL, '2025-08-27 07:14:32', 'nope scam', '2025-08-27 07:09:14', '2025-08-27 07:14:32'),
(5, 1, 92, 90, '2025-08-27', 'SYSTEM_ERROR', 4, 3, 'APPROVED', 'mismatch', NULL, '2025-08-27 07:14:40', 'good boy', '2025-08-27 07:09:42', '2025-08-27 07:14:40'),
(6, 2, 67, 65, '2025-08-27', 'DAMAGED_GOODS', 2, 3, 'APPROVED', 'good boy', 3, '2025-08-29 11:44:34', '', '2025-08-27 07:20:01', '2025-08-29 11:44:34'),
(7, 69, 60, 65, '2025-08-29', 'SYSTEM_ERROR', 3, 2, 'APPROVED', '', 3, '2025-08-29 11:46:38', '', '2025-08-29 11:46:34', '2025-08-29 11:46:38'),
(8, 70, 45, 40, '2025-09-02', 'EXPIRED_PRODUCTS', 4, 2, 'APPROVED', '', 3, '2025-09-02 12:08:43', 'goods', '2025-09-02 12:08:34', '2025-09-02 12:08:43'),
(15, 69, 61, 65, '2025-09-02', 'PHYSICAL_COUNT_DISCREPANCY', 2, 3, 'APPROVED', '', NULL, '2025-09-02 15:59:22', 'ALL GOOD NIGGA', '2025-09-02 15:59:04', '2025-09-02 15:59:22'),
(16, 93, 13, 15, '2025-09-03', 'SYSTEM_ERROR', 4, 3, 'APPROVED', '', 3, '2025-09-02 19:05:26', '', '2025-09-02 19:05:16', '2025-09-02 19:05:26'),
(17, 98, 3, 5, '2025-09-04', 'SYSTEM_ERROR', 4, 2, 'APPROVED', '', NULL, '2025-09-03 17:58:13', '', '2025-09-03 17:58:09', '2025-09-03 17:58:13'),
(18, 99, 20, 25, '2025-09-04', 'DAMAGED_GOODS', 4, 3, 'APPROVED', '', 3, '2025-09-04 11:51:49', '', '2025-09-04 11:32:38', '2025-09-04 11:51:49'),
(19, 96, 31, 1, '2025-09-04', 'PHYSICAL_COUNT_DISCREPANCY', 4, 3, 'APPROVED', '', 3, '2025-09-04 11:40:53', '', '2025-09-04 11:39:40', '2025-09-04 11:40:53'),
(20, 96, 1, 31, '2025-09-04', 'SYSTEM_ERROR', 3, 3, 'APPROVED', '', 3, '2025-09-04 11:41:50', '', '2025-09-04 11:41:30', '2025-09-04 11:41:50'),
(21, 99, 20, 25, '2025-09-04', 'SYSTEM_ERROR', 4, 3, 'REJECTED', '', 3, '2025-09-04 12:08:32', 'already done so no need', '2025-09-04 11:50:36', '2025-09-04 12:08:32'),
(22, 98, 0, 5, '2025-09-04', 'SYSTEM_ERROR', 4, 1, 'REJECTED', '', 3, '2025-09-04 19:14:21', 'qweq', '2025-09-04 12:09:11', '2025-09-04 19:14:21'),
(23, 89, 34, 35, '2025-09-04', 'SYSTEM_ERROR', 4, 3, 'APPROVED', '', 3, '2025-09-04 12:18:04', 'yes', '2025-09-04 12:16:38', '2025-09-04 12:18:04'),
(24, 98, 12, 15, '2025-09-05', 'SYSTEM_ERROR', 4, 3, 'APPROVED', '', 3, '2025-09-05 03:08:55', 'okay', '2025-09-05 03:08:33', '2025-09-05 03:08:55'),
(25, 99, 26, 30, '2025-09-05', 'SYSTEM_ERROR', 4, 3, 'APPROVED', '', 3, '2025-09-05 03:53:26', 'all good bro', '2025-09-05 03:52:29', '2025-09-05 03:53:26'),
(26, 104, 20, 30, '2025-09-09', 'SYSTEM_ERROR', 1, 1, 'APPROVED', '', 3, '2025-09-09 06:55:27', 'qweq', '2025-09-09 06:54:10', '2025-09-09 06:55:27'),
(27, 103, 37, 35, '2025-09-09', 'SYSTEM_ERROR', 3, 3, 'REJECTED', '', NULL, '2025-09-09 08:46:10', 'NOPE', '2025-09-09 08:44:53', '2025-09-09 08:46:10'),
(28, 104, 30, 32, '2025-09-09', 'PHYSICAL_COUNT_DISCREPANCY', 4, 3, 'APPROVED', '', NULL, '2025-09-09 08:45:59', 'OKAY GOODS', '2025-09-09 08:45:21', '2025-09-09 08:45:59'),
(29, 104, 32, 35, '2025-09-09', 'EXPIRED_PRODUCTS', 4, 3, 'REJECTED', '', NULL, '2025-09-09 08:46:48', 'QWEQE', '2025-09-09 08:46:40', '2025-09-09 08:46:48'),
(30, 102, 41, 40, '2025-09-09', 'DAMAGED_GOODS', 3, 3, 'REJECTED', '', NULL, '2025-09-09 08:49:15', 'qweq', '2025-09-09 08:48:52', '2025-09-09 08:49:15'),
(31, 95, 30, 29, '2025-09-09', 'PHYSICAL_COUNT_DISCREPANCY', 4, 1, 'APPROVED', 'wqeq', NULL, '2025-09-09 09:53:20', '', '2025-09-09 09:53:10', '2025-09-09 09:53:20'),
(32, 103, 37, 40, '2025-09-09', 'PHYSICAL_COUNT_DISCREPANCY', 4, 1, 'APPROVED', 'qweq', NULL, '2025-09-09 10:04:53', 'oki', '2025-09-09 10:04:40', '2025-09-09 10:04:53'),
(33, 104, 32, 30, '2025-09-09', 'PHYSICAL_COUNT_DISCREPANCY', 4, 1, 'REJECTED', 'QWE', NULL, '2025-09-09 10:13:46', 'QWE', '2025-09-09 10:10:48', '2025-09-09 10:13:46'),
(34, 101, 28, 30, '2025-09-09', 'PHYSICAL_COUNT_DISCREPANCY', 4, 1, 'APPROVED', '', NULL, '2025-09-09 10:13:56', 'OKAY', '2025-09-09 10:11:10', '2025-09-09 10:13:56'),
(35, 100, 36, 40, '2025-09-09', 'SYSTEM_ERROR', 4, 1, 'REJECTED', '', NULL, '2025-09-09 10:14:50', 'NO', '2025-09-09 10:12:21', '2025-09-09 10:14:50'),
(36, 93, 21, 20, '2025-09-09', 'PHYSICAL_COUNT_DISCREPANCY', 4, 3, 'APPROVED', '', NULL, '2025-09-09 12:19:09', 'hui', '2025-09-09 10:19:01', '2025-09-09 12:19:09'),
(37, 102, 41, 45, '2025-09-10', 'SYSTEM_ERROR', 4, 3, 'APPROVED', '', NULL, '2025-09-10 10:03:57', 'okay good', '2025-09-10 10:03:29', '2025-09-10 10:03:57'),
(38, 105, 195, 197, '2025-09-10', 'PHYSICAL_COUNT_DISCREPANCY', 4, 1, 'APPROVED', 'mistmatch', NULL, '2025-09-10 10:37:39', 'okay approved', '2025-09-10 10:37:23', '2025-09-10 10:37:39'),
(39, 105, 161, 160, '2025-09-12', 'EXPIRED_PRODUCTS', 3, 3, 'REJECTED', '', NULL, '2025-09-12 12:38:21', 'qwe', '2025-09-12 12:38:04', '2025-09-12 12:38:21'),
(40, 105, 161, 160, '2025-09-12', 'DAMAGED_GOODS', 4, 3, 'APPROVED', 'damage gyud', NULL, '2025-09-12 12:38:47', 'maayo', '2025-09-12 12:38:39', '2025-09-12 12:38:47'),
(41, 104, 32, 30, '2025-09-12', 'EXPIRED_PRODUCTS', 4, 3, 'APPROVED', '', NULL, '2025-09-12 12:47:15', 'sass', '2025-09-12 12:47:07', '2025-09-12 12:47:15'),
(42, 103, 37, 35, '2025-09-12', 'DAMAGED_GOODS', 4, 3, 'APPROVED', 'qs', NULL, '2025-09-12 12:56:13', 'qweqe', '2025-09-12 12:55:38', '2025-09-12 12:56:13'),
(43, 106, 0, 100, '2025-09-13', 'OTHER', 1, 1, 'APPROVED', '', NULL, '2025-09-12 18:45:43', 'qweqe', '2025-09-12 18:45:40', '2025-09-12 18:45:43'),
(44, 103, 31, 30, '2025-09-13', 'EXPIRED_PRODUCTS', 1, 1, 'APPROVED', 'Adjustment: -1', NULL, '2025-09-12 19:25:24', 'qwe', '2025-09-12 19:25:13', '2025-09-12 19:25:24'),
(45, 109, 0, 10, '2025-09-14', 'PHYSICAL_COUNT_DISCREPANCY', 3, 3, 'APPROVED', 'Adjustment: +10', NULL, '2025-09-13 20:10:40', 'qweq', '2025-09-13 20:05:43', '2025-09-13 20:10:40'),
(46, 108, 0, 23, '2025-09-14', 'PHYSICAL_COUNT_DISCREPANCY', 3, 3, 'APPROVED', 'Adjustment: +23', NULL, '2025-09-13 20:14:08', 'qwe', '2025-09-13 20:10:16', '2025-09-13 20:14:08'),
(47, 107, 207, 200, '2025-09-14', 'EXPIRED_PRODUCTS', 3, 3, 'REJECTED', 'Adjustment: -7', NULL, '2025-09-13 20:24:42', 'qweq', '2025-09-13 20:11:33', '2025-09-13 20:24:42'),
(48, 108, 0, 10, '2025-09-14', 'OTHER', 3, 3, 'REJECTED', 'Adjustment: +10', NULL, '2025-09-13 20:32:40', 'qwe', '2025-09-13 20:14:00', '2025-09-13 20:32:40'),
(49, 108, 109, 100, '2025-09-16', 'PHYSICAL_COUNT_DISCREPANCY', 3, 3, 'APPROVED', 'Adjustment: -9', NULL, '2025-09-16 13:39:38', 'okay kaayo', '2025-09-16 13:39:04', '2025-09-16 13:39:38'),
(50, 109, 190, 185, '2025-09-23', 'DAMAGED_GOODS', 4, 1, 'APPROVED', 'Adjustment: -5', NULL, '2025-09-23 03:10:18', 'oaky', '2025-09-23 03:09:59', '2025-09-23 03:10:18'),
(51, 109, 185, 182, '2025-09-23', 'EXPIRED_PRODUCTS', 3, 3, 'APPROVED', 'Adjustment: -3', NULL, '2025-09-23 05:18:42', 'ds', '2025-09-23 05:18:32', '2025-09-23 05:18:42');

--
-- Triggers `manual_adjustments`
--
DELIMITER $$
CREATE TRIGGER `adjustment_audit_trail` AFTER UPDATE ON `manual_adjustments` FOR EACH ROW BEGIN
    IF OLD.Status != NEW.Status THEN
        INSERT INTO audit_log (
            table_name, 
            record_id, 
            action, 
            old_values, 
            new_values, 
            changed_by, 
            changed_at
        ) VALUES (
            'Manual_Adjustments',
            NEW.Adjustment_ID,
            'STATUS_CHANGE',
            CONCAT('Status: ', OLD.Status),
            CONCAT('Status: ', NEW.Status, ', Approved_by: ', NEW.Approved_by),
            NEW.Approved_by,
            NOW()
        );
    END IF;
END
$$
DELIMITER ;

-- --------------------------------------------------------

--
-- Table structure for table `product`
--

CREATE TABLE `product` (
  `Product_ID` int(11) NOT NULL,
  `Name` varchar(100) DEFAULT NULL,
  `Description` text DEFAULT NULL,
  `Category_ID` int(11) DEFAULT NULL,
  `Supplier_ID` int(11) DEFAULT NULL,
  `Expiration_date` date DEFAULT NULL,
  `Batch_number` varchar(50) DEFAULT NULL,
  `Reorder_Level` int(11) DEFAULT NULL,
  `Retail_Price` decimal(10,2) DEFAULT NULL,
  `Unit_measure` varchar(50) DEFAULT NULL,
  `Is_discontinued` tinyint(1) DEFAULT NULL,
  `Display_stocks` tinyint(1) DEFAULT NULL,
  `cost_price` decimal(10,2) DEFAULT 0.00
) ENGINE=InnoDB DEFAULT CHARSET=utf8mb4 COLLATE=utf8mb4_general_ci;

--
-- Dumping data for table `product`
--

INSERT INTO `product` (`Product_ID`, `Name`, `Description`, `Category_ID`, `Supplier_ID`, `Expiration_date`, `Batch_number`, `Reorder_Level`, `Retail_Price`, `Unit_measure`, `Is_discontinued`, `Display_stocks`, `cost_price`) VALUES
(1, 'Presto', 'per pack', 1, NULL, NULL, NULL, 0, 45.00, NULL, 0, 0, 0.00),
(2, 'Orea', 'Per packed', 1, NULL, NULL, NULL, 0, 55.00, NULL, 0, 0, 0.00),
(3, 'Redhorse', 'Per bottle', 2, NULL, NULL, NULL, 0, 150.00, NULL, 0, 0, 0.00),
(4, 'Hotdog', 'per packed', 3, NULL, NULL, NULL, 0, 70.00, NULL, 0, 25, 0.00),
(8, 'Fita', NULL, 1, NULL, '2028-12-13', '5', 10, 38.00, 'pack', 0, 15, 0.00),
(69, 'Coke', '1.5 liter per bottle', 2, NULL, '2027-12-25', 'Batch 6', 20, 70.00, 'bottle', 0, 4, 0.00),
(70, 'Chuckies', 'Per pieace', 2, 5, '2026-12-31', '10', 30, 15.00, 'pieces', 0, 49, 0.00),
(71, 'Corned Beef', 'per can', 4, 5, '2028-12-31', '10', 20, 45.00, 'can', 0, 50, 0.00),
(72, 'Monster Energy Drink', NULL, 2, 4, '2027-12-31', '10', 10, 60.00, 'can', 0, 8, 0.00),
(73, 'Nuggets', NULL, 3, 3, '2026-12-02', '10', 9, 65.00, 'pack', 0, 38, 0.00),
(89, 'Hams', NULL, 3, 3, '2027-12-02', NULL, 20, 80.00, 'pack', 0, 18, 0.00),
(90, 'Doll', NULL, 10, 4, NULL, NULL, 10, 170.00, 'pieces', 0, 13, 0.00),
(91, 'Bricks', NULL, 11, 2, NULL, '11', 30, 100.00, 'pieces', 0, 36, 0.00),
(92, 'Roof', NULL, 11, 2, NULL, NULL, 20, 350.00, 'pieces', 0, 25, 0.00),
(93, 'Rope', NULL, 11, 2, NULL, '11', 20, 50.00, 'meter', 0, 36, 0.00),
(94, 'Lupia', NULL, 3, 1, '2026-12-03', NULL, 10, 55.00, 'pack', 0, 10, 0.00),
(95, 'Iron Bars', NULL, 11, 2, NULL, NULL, 10, 120.00, 'meter', 0, 29, 0.00),
(96, 'Window Net', NULL, 11, 2, NULL, NULL, 20, 110.00, 'meter', 0, 30, 0.00),
(97, 'Dairy Milk', NULL, 2, 6, '2026-12-03', NULL, 10, 89.00, 'bottle', 0, 28, 0.00),
(98, 'Boy Bawangs', NULL, 12, 6, '2027-07-03', '12', 20, 10.00, 'pack', 0, 45, 0.00),
(99, 'Mr.Mais', NULL, 12, 6, '2026-12-04', NULL, 10, 15.00, 'pack', 0, 10, 0.00),
(100, 'Pick-A', NULL, 12, 3, '2028-11-06', NULL, 20, 34.00, 'pack', 0, 18, 0.00),
(101, 'Asado Shoopaw', NULL, 12, 1, '2026-10-06', NULL, 30, 55.00, 'pack', 0, 25, 0.00),
(102, 'Tiles', NULL, 11, 2, NULL, NULL, 20, 120.00, 'meter', 0, 0, 0.00),
(103, 'Stone', NULL, 11, 2, NULL, NULL, 20, 40.00, 'kg', 0, 0, 0.00),
(104, 'Kopiko', NULL, 2, 6, '2027-08-09', NULL, 30, 25.00, 'bottle', 0, 0, 0.00),
(105, 'Cokes Litro Vanilla', 'litro', 2, 6, '2028-12-10', '12', 20, 80.00, 'liter', 0, 0, 0.00),
(106, 'Lagundi', 'dahon', 13, 9, NULL, NULL, 20, 400.00, 'g', 0, 39, 0.00),
(107, 'Water Welkin', '1000ml', 2, 9, NULL, NULL, 45, 25.00, 'bottle', 0, 20, 0.00),
(108, 'Chips Ahoy', 'Cookie Chips 30g', 1, 5, NULL, NULL, 50, 30.00, 'pack', 0, 3, 35.00),
(109, 'Toilet Paper', 'Toilet paper', 14, 8, NULL, NULL, 150, 25.00, 'pieces', 0, 96, 46.00),
(110, 'sojo', NULL, 2, 1, NULL, NULL, 0, 80.00, 'bottle', 0, 0, 0.00);

-- --------------------------------------------------------

--
-- Table structure for table `purchase_order`
--

CREATE TABLE `purchase_order` (
  `PO_ID` int(11) NOT NULL,
  `Supplier_ID` int(11) DEFAULT NULL,
  `Order_date` date DEFAULT NULL,
  `Expected_date` date DEFAULT NULL,
  `Status` varchar(50) DEFAULT NULL,
  `Total_amount` decimal(10,2) DEFAULT NULL,
  `Approved_by` int(11) DEFAULT NULL,
  `PO_Reference` varchar(100) NOT NULL,
  `Priority` varchar(50) NOT NULL DEFAULT 'Normal',
  `Notes` text DEFAULT NULL
) ENGINE=InnoDB DEFAULT CHARSET=utf8mb4 COLLATE=utf8mb4_general_ci;

--
-- Dumping data for table `purchase_order`
--

INSERT INTO `purchase_order` (`PO_ID`, `Supplier_ID`, `Order_date`, `Expected_date`, `Status`, `Total_amount`, `Approved_by`, `PO_Reference`, `Priority`, `Notes`) VALUES
(1, 1, '2025-08-10', NULL, 'Cancelled', 0.00, NULL, '', 'Normal', NULL),
(2, 2, '2025-08-10', NULL, 'Pending', 0.00, NULL, '', 'Normal', NULL),
(3, 2, '2025-08-10', NULL, 'Cancelled', 0.00, NULL, '', 'Normal', NULL),
(4, 2, '2025-08-10', NULL, 'Pending', 0.00, NULL, '', 'Normal', NULL),
(5, 2, '2025-08-10', NULL, 'Pending', 0.00, NULL, '', 'Normal', NULL),
(6, 2, '2025-08-10', NULL, 'Pending', 0.00, NULL, '', 'Normal', NULL),
(7, 2, '2025-08-10', NULL, 'Pending', 0.00, NULL, '', 'Normal', NULL),
(8, 1, '2025-08-10', NULL, 'Pending', 0.00, NULL, '', 'Normal', NULL),
(9, 2, '2025-08-10', NULL, 'Cancelled', 0.00, NULL, '', 'Normal', NULL),
(10, 2, '2025-08-10', NULL, 'Pending', 0.00, NULL, '', 'Normal', NULL),
(11, 2, '2025-08-10', NULL, 'Completed', 0.00, NULL, '', 'Normal', NULL),
(12, 2, '2025-08-10', NULL, 'Completed', 0.00, NULL, '', 'Normal', NULL),
(13, 2, '2025-08-11', NULL, 'Completed', 0.00, NULL, '', 'Normal', NULL),
(14, 1, '2025-08-10', NULL, 'Pending', 0.00, NULL, '', 'Normal', NULL),
(15, 2, '2025-08-10', NULL, 'Pending', 0.00, NULL, '', 'Normal', NULL),
(16, 1, '2025-08-10', NULL, 'Cancelled', 0.00, NULL, '', 'Normal', NULL),
(17, 1, '2025-08-10', NULL, 'Completed', 0.00, NULL, '', 'Normal', NULL),
(18, 3, '2025-08-10', NULL, 'Cancelled', 0.00, NULL, '', 'Normal', NULL),
(19, 3, '2025-08-10', NULL, 'Pending', 0.00, NULL, '', 'Normal', NULL),
(20, 1, '2025-08-10', NULL, 'Completed', 350.00, NULL, '', 'Normal', NULL),
(21, 3, '2025-08-10', NULL, 'Pending', 0.00, NULL, '', 'Normal', NULL),
(22, 2, '2025-08-11', NULL, 'Completed', 1500.00, NULL, '', 'Normal', NULL),
(23, 2, '2025-08-11', NULL, 'Completed', 45.00, NULL, '', 'Normal', NULL),
(24, 2, '2025-08-11', NULL, 'Completed', 100.00, NULL, '', 'Normal', NULL),
(25, 1, '2025-08-11', NULL, 'Completed', 135.00, NULL, '', 'Normal', NULL),
(26, 2, '2025-08-12', NULL, 'Completed', 495.00, NULL, '', 'Normal', NULL),
(27, 3, '2025-08-11', NULL, 'Completed', 135.00, NULL, '', 'Normal', NULL),
(28, 1, '2025-08-11', NULL, 'Completed', 165.00, NULL, '', 'Normal', NULL),
(29, 1, '2025-08-11', NULL, 'Cancelled', 0.00, NULL, '', 'Normal', NULL),
(30, 2, '2025-08-11', NULL, 'Completed', 550.00, NULL, '', 'Normal', NULL),
(31, 2, '2025-08-11', NULL, 'Cancelled', 0.00, NULL, '', 'Normal', NULL),
(32, 2, '2025-08-11', NULL, 'Completed', 500.00, NULL, '', 'Normal', NULL),
(33, 1, '2025-08-11', NULL, 'Pending', 0.00, NULL, '', 'Normal', NULL),
(34, 2, '2025-08-11', NULL, 'Completed', 350.00, NULL, '', 'Normal', NULL),
(35, 1, '2025-08-12', NULL, 'Completed', 350.00, NULL, '', 'Normal', NULL),
(36, 3, '2025-08-11', NULL, 'Cancelled', 0.00, NULL, '', 'Normal', NULL),
(37, 2, '2025-08-11', NULL, 'Completed', 0.00, NULL, '', 'Normal', NULL),
(38, 2, '2025-08-11', NULL, 'Completed', 450.00, NULL, '', 'Normal', NULL),
(39, 2, '2025-08-28', NULL, 'Pending', 0.00, NULL, '', 'Normal', NULL),
(40, 2, '2025-08-26', NULL, 'Pending', 0.00, NULL, '', 'Normal', NULL),
(41, 4, '2025-08-26', NULL, 'Pending', 616.00, NULL, 'PO-20250826-A09B', 'Normal', NULL),
(42, 4, '2025-08-26', NULL, 'Pending', 1100.00, NULL, '', 'Normal', NULL),
(43, 1, '2025-08-29', NULL, 'Pending', 1375.00, NULL, '', 'Normal', NULL),
(44, 2, '2025-08-30', NULL, 'Pending', 190.00, NULL, '', 'Normal', NULL),
(45, 1, '2025-08-30', NULL, 'Completed', 190.00, NULL, '', 'Normal', NULL),
(46, 5, '2027-12-30', NULL, 'Completed', 228.00, NULL, '', 'Normal', NULL),
(47, 4, '2025-08-30', NULL, 'Completed', 1500.00, NULL, '', 'Normal', NULL),
(48, 5, '2027-12-30', NULL, 'Completed', 228.00, NULL, '', 'Normal', NULL),
(49, 1, '2025-08-30', NULL, 'Completed', 750.00, NULL, '', 'Normal', NULL),
(50, 3, '2025-08-30', NULL, 'Completed', 225.00, NULL, '', 'Normal', NULL),
(51, 4, '2025-08-31', NULL, 'Completed', 225.00, NULL, '', 'Normal', NULL),
(52, 5, '2025-08-31', NULL, 'Completed', 750.00, NULL, '', 'Normal', NULL),
(53, 4, '2025-09-02', NULL, 'Pending', 0.00, NULL, '', 'Normal', NULL),
(54, 4, '2025-09-02', NULL, 'Pending', 0.00, NULL, '', 'Normal', NULL),
(55, 4, '2025-09-02', NULL, 'Pending', 0.00, NULL, '', 'Normal', NULL),
(108, 4, '2025-09-02', NULL, 'Completed', 3750.00, NULL, '', 'Normal', NULL),
(109, 4, '2025-09-02', NULL, 'Pending', 510.00, NULL, '', 'Normal', NULL),
(110, 2, '2025-09-02', NULL, 'Pending', 449.99, NULL, '', 'Normal', NULL),
(111, 5, '2025-09-02', NULL, 'Completed', 120.00, NULL, '', 'Normal', NULL),
(112, 3, '2025-09-02', '2025-09-11', 'Pending', 630.00, NULL, '', 'Normal', ''),
(113, 2, '2025-09-02', '2025-09-11', 'Completed', 850.00, NULL, '', 'High', ''),
(114, 5, '2025-09-02', '0000-00-00', 'Completed', 240.00, NULL, '', 'Normal', ''),
(115, 4, '2025-09-03', '0000-00-00', 'Completed', 510.00, NULL, '', 'Normal', ''),
(116, 2, '2025-09-03', '2025-09-10', 'Completed', 650.00, NULL, '', 'Normal', ''),
(117, 5, '2025-09-03', '2025-09-10', 'Completed', 120.00, NULL, '', 'Normal', ''),
(118, 3, '2025-09-03', '2025-09-08', 'Completed', 145.00, NULL, '', 'Normal', ''),
(119, 2, '2025-09-03', '2025-09-09', 'Completed', 450.00, NULL, '', 'Normal', ''),
(120, 1, '2025-09-03', '2025-09-07', 'Completed', 55.00, NULL, '', 'Normal', ''),
(121, 2, '2025-09-03', '2025-09-14', 'Completed', 510.00, NULL, '', 'Normal', ''),
(122, 2, '2025-09-03', '2025-09-04', 'Completed', 250.00, NULL, '', 'Normal', ''),
(123, 6, '2025-09-03', '0000-00-00', 'Completed', 89.00, NULL, '', 'Normal', ''),
(124, 6, '2025-09-04', '2025-09-16', 'Completed', 353.00, NULL, '', 'Normal', ''),
(125, 2, '2025-09-04', '0000-00-00', 'Completed', 678.00, NULL, '', 'Normal', ''),
(126, 6, '2025-09-04', '2025-09-05', 'Completed', 120.00, NULL, '', 'Normal', ''),
(127, 3, '2025-09-06', '2025-09-12', 'Completed', 264.00, NULL, '', 'High', ''),
(128, 6, '2025-09-06', '2025-09-11', 'Completed', 15.00, NULL, '', 'Normal', ''),
(129, 6, '2025-09-06', '2025-09-11', 'Completed', 104.00, NULL, '', 'High', ''),
(130, 3, '2025-09-07', '2025-09-09', 'Completed', 133.00, NULL, '', 'Urgent', ''),
(131, 1, '2025-09-07', '2025-09-15', 'Completed', 249.00, NULL, '', 'Urgent', ''),
(132, NULL, '2025-09-07', '2025-09-11', 'Completed', 180.00, NULL, '', 'Normal', ''),
(133, NULL, '2025-09-07', '2025-09-10', 'Completed', 168.00, NULL, '', 'Normal', ''),
(134, NULL, '2025-09-07', '2025-09-11', 'Completed', 355.00, NULL, '', 'Normal', ''),
(135, NULL, '2025-09-07', '2025-09-20', 'Completed', 190.00, NULL, '', 'Normal', ''),
(136, NULL, '2025-09-07', '0000-00-00', 'Completed', 804.00, NULL, '', 'Normal', ''),
(137, NULL, '2025-09-07', '2025-09-18', 'Completed', 429.00, NULL, '', 'Normal', ''),
(138, NULL, '2025-09-09', '2025-09-12', 'Completed', 104.00, NULL, '', 'Normal', ''),
(139, NULL, '2025-09-09', '2025-09-15', 'Completed', 6500.00, NULL, '', 'Normal', ''),
(140, NULL, '2025-09-10', '0000-00-00', 'Completed', 70.00, NULL, '', 'Normal', ''),
(141, NULL, '2025-09-10', '2025-09-13', 'Completed', 105.00, NULL, '', 'Normal', ''),
(142, NULL, '2025-09-10', '2025-09-20', 'Completed', 11500.00, NULL, '', 'Normal', ''),
(143, 9, '2025-09-12', '2025-09-19', 'Completed', 750.00, NULL, '', 'High', 'Auto-generated PO for zero stock: Water Welkins (Qty: 30)'),
(144, 9, '2025-09-12', '2025-09-19', 'Completed', 5000.00, NULL, '', 'High', 'Auto-generated PO for zero stock: Water Welkins (Qty: 200)'),
(145, 6, '2025-09-12', '2025-09-19', 'Completed', 1000.00, NULL, '', 'High', 'Auto-generated PO for zero stock: Kopiko (Qty: 40)'),
(146, 2, '2025-09-13', '2025-09-20', 'Completed', 40.00, NULL, '', 'High', 'Replacement for Return #52'),
(147, 2, '2025-09-13', '2025-09-20', 'Completed', 40.00, NULL, '', 'High', ' REPLACEMENT ORDER - Replacement for Return #53'),
(148, 6, '2025-09-13', '2025-09-20', 'Completed', 1600.00, NULL, '', 'High', 'Auto-generated PO for zero stock: Cokes Litro Vanilla (Qty: 20)'),
(149, 8, '2025-09-14', '2025-09-21', 'Completed', 3750.00, NULL, '', 'High', 'Auto-generated PO for zero stock: Toilet Paper (Qty: 150)'),
(150, 8, '2025-09-14', '2025-09-21', 'Completed', 3750.00, NULL, '', 'High', 'Auto-generated PO for zero stock: Toilet Paper (Qty: 150)'),
(151, 5, '2025-09-14', '2025-09-21', 'Completed', 1500.00, NULL, '', 'High', 'Auto-generated PO for zero stock: Chips Ahoy (Qty: 50)'),
(152, 6, '2025-09-14', '2025-09-21', 'Completed', 1600.00, NULL, '', 'High', 'Auto-generated PO for zero stock: Cokes Litro Vanilla (Qty: 20)'),
(153, 6, '2025-09-14', '2025-09-21', 'Completed', 1600.00, NULL, '', 'High', 'Auto-generated PO for zero stock: Cokes Litro Vanilla (Qty: 20)'),
(154, 2, '2025-09-14', '2025-09-21', 'Completed', 40.00, NULL, '', 'High', ' REPLACEMENT ORDER - Replacement for Return #53'),
(155, 2, '2025-09-14', '2025-09-21', 'Completed', 40.00, NULL, '', 'High', ' REPLACEMENT ORDER - Replacement for Return #52'),
(156, 2, '2025-09-14', '2025-09-21', 'Completed', 40.00, NULL, '', 'High', ' REPLACEMENT ORDER - Replacement for Return #53'),
(157, NULL, '2025-09-14', '2025-09-14', 'Completed', 74.00, NULL, '', 'Normal', ''),
(158, NULL, '2025-09-14', '2025-09-14', 'Completed', 390.00, NULL, '', 'Normal', ''),
(159, 8, '2025-09-14', '2025-09-21', 'Completed', 500.00, NULL, '', 'High', ' REPLACEMENT ORDER - Replacement for Return #57'),
(160, 2, '2025-09-14', '2025-09-21', 'Completed', 12000.00, NULL, '', 'High', 'Auto-generated PO for zero stock: Tiles (Qty: 100)'),
(161, 6, '2025-09-14', '2025-09-21', 'Completed', 750.00, NULL, '', 'High', 'Auto-generated PO for zero stock: Kopiko (Qty: 30)'),
(162, 2, '2025-09-14', '2025-09-21', 'Completed', 800.00, NULL, '', 'High', 'Auto-generated PO for zero stock: Stone (Qty: 20)'),
(163, 5, '2025-09-14', '2025-09-21', 'Completed', 1500.00, NULL, '', 'High', 'Auto-generated PO for zero stock: Chips Ahoy (Qty: 50)'),
(164, 5, '2025-09-14', '2025-09-21', 'Completed', 300.00, NULL, '', 'High', ' REPLACEMENT ORDER - Replacement for Return #60'),
(165, 5, '2025-09-14', '2025-09-21', 'Completed', 1500.00, NULL, '', 'High', 'Auto-generated PO for zero stock: Chips Ahoy (Qty: 50)'),
(166, 6, '2025-09-14', '2025-09-21', 'Completed', 800.00, NULL, '', 'High', 'Auto-generated PO for zero stock: Cokes Litro Vanilla (Qty: 10)'),
(167, NULL, '2025-09-14', '0000-00-00', 'Completed', 4000.00, NULL, '', 'Normal', ''),
(168, NULL, '2025-09-15', '2025-09-20', 'Completed', 1400.00, NULL, '', 'Normal', ''),
(169, 5, '2025-09-14', '2025-09-21', 'Completed', 600.00, NULL, '', 'High', 'Auto-generated PO for zero stock: Chips Ahoy (Qty: 20)'),
(170, 8, '2025-09-14', '2025-09-21', 'Pending', 250.00, NULL, '', 'High', 'Auto-generated PO for zero stock: Toilet Paper (Qty: 10)'),
(171, 5, '2025-09-14', '2025-09-21', 'Completed', 300.00, NULL, '', 'High', 'Auto-generated PO for zero stock: Chips Ahoy (Qty: 10)'),
(172, 5, '2025-09-14', '2025-09-21', 'Pending', 150.00, NULL, '', 'High', ' REPLACEMENT ORDER - Replacement for Return #64'),
(173, 5, '2025-09-14', '2025-09-21', 'Completed', 1500.00, NULL, '', 'High', 'Auto-generated PO for zero stock: Chips Ahoy (Qty: 50)'),
(174, 5, '2025-09-14', '2025-09-21', 'Pending', 300.00, NULL, '', 'High', ' REPLACEMENT ORDER - Replacement for Return #66'),
(175, 8, '2025-09-14', '2025-09-21', 'Completed', 250.00, NULL, '', 'High', 'Auto-generated PO for zero stock: Toilet Paper (Qty: 10)'),
(176, 5, '2025-09-14', '2025-09-21', 'Pending', 300.00, NULL, '', 'High', ' REPLACEMENT ORDER - Replacement for Return #65'),
(177, 5, '2025-09-14', '2025-09-21', 'Completed', 60.00, NULL, '', 'High', 'Auto-generated PO for zero stock: Chips Ahoy (Qty: 2)'),
(178, 5, '2025-09-14', '2025-09-21', 'Received', 30.00, NULL, '', 'High', ' REPLACEMENT ORDER - Replacement for Return #68'),
(179, 5, '2025-09-14', '2025-09-21', 'Completed', 150.00, NULL, '', 'High', 'Auto-generated PO for zero stock: Chips Ahoy (Qty: 5)'),
(180, 6, '2025-09-14', '2025-09-21', 'Completed', 800.00, NULL, '', 'High', 'Auto-generated PO for zero stock: Cokes Litro Vanilla (Qty: 10)'),
(181, 6, '2025-09-14', '2025-09-21', 'Completed', 400.00, NULL, '', 'High', 'Auto-generated PO for zero stock: Cokes Litro Vanilla (Qty: 5)'),
(182, 6, '2025-09-14', '2025-09-21', 'Received', 160.00, NULL, '', 'High', ' REPLACEMENT ORDER - Replacement for Return #71'),
(183, 8, '2025-09-16', '2025-09-23', 'Completed', 500.00, NULL, '', 'High', 'Auto-generated PO for zero stock: Toilet Paper (Qty: 20)'),
(184, 1, '2025-09-18', '2025-09-25', 'Completed', 3200.00, NULL, '', 'High', 'Auto-generated PO for zero stock: sojo (Qty: 40)'),
(185, 8, '2025-09-19', '2025-09-26', 'Received', 125.00, NULL, '', 'High', ' REPLACEMENT ORDER - Replacement for Return #77'),
(186, 8, '2025-09-19', '2025-09-26', 'Received', 125.00, NULL, '', 'High', ' REPLACEMENT ORDER - Replacement for Return #76'),
(187, NULL, '2025-09-19', '0000-00-00', 'Pending', 565.00, NULL, '', 'Normal', ''),
(188, NULL, '2025-09-19', '0000-00-00', 'Pending', 279.00, NULL, '', 'Normal', ''),
(189, NULL, '2025-09-19', '0000-00-00', 'Pending', 1225.00, NULL, '', 'Normal', ''),
(190, NULL, '2025-09-19', '0000-00-00', 'Pending', 40.00, NULL, '', 'Normal', '');

-- --------------------------------------------------------

--
-- Table structure for table `purchase_order_item`
--

CREATE TABLE `purchase_order_item` (
  `POItem_ID` int(11) NOT NULL,
  `PO_ID` int(11) DEFAULT NULL,
  `Product_ID` int(11) DEFAULT NULL,
  `Quantity` int(11) DEFAULT NULL,
  `Purchase_price` decimal(10,2) DEFAULT NULL
) ENGINE=InnoDB DEFAULT CHARSET=utf8mb4 COLLATE=utf8mb4_general_ci;

--
-- Dumping data for table `purchase_order_item`
--

INSERT INTO `purchase_order_item` (`POItem_ID`, `PO_ID`, `Product_ID`, `Quantity`, `Purchase_price`) VALUES
(1, 20, 2, 10, 35.00),
(2, 22, 3, 10, 150.00),
(3, 23, 2, 1, 45.00),
(4, 24, 2, 10, 10.00),
(5, 25, 2, 3, 45.00),
(6, 26, 2, 11, 45.00),
(7, 27, 1, 3, 45.00),
(8, 28, 2, 3, 55.00),
(9, 30, 2, 10, 55.00),
(10, 32, 4, 10, 50.00),
(11, 34, 4, 5, 70.00),
(12, 35, 4, 5, 70.00),
(13, 38, 3, 3, 150.00),
(14, 41, 8, 7, 38.00),
(15, 41, 69, 5, 70.00),
(16, 42, 3, 5, 150.00),
(17, 42, 4, 5, 70.00),
(18, 43, 2, 5, 55.00),
(19, 43, 3, 5, 150.00),
(20, 43, 4, 5, 70.00),
(21, 44, 8, 5, 38.00),
(22, 45, 8, 5, 38.00),
(23, 46, 8, 6, 38.00),
(24, 47, 3, 10, 150.00),
(25, 48, 8, 6, 38.00),
(26, 49, 3, 5, 150.00),
(27, 50, 1, 5, 45.00),
(28, 51, 1, 5, 45.00),
(29, 52, 3, 5, 150.00),
(30, 108, 72, 30, 60.00),
(31, 108, 73, 30, 65.00),
(61, 109, 90, 3, 170.00),
(62, 110, 91, 1, 99.99),
(63, 110, 92, 1, 350.00),
(64, 111, 70, 2, 15.00),
(65, 111, 71, 2, 45.00),
(66, 112, 73, 6, 65.00),
(67, 112, 89, 3, 80.00),
(68, 113, 91, 5, 100.00),
(69, 113, 92, 1, 350.00),
(70, 114, 70, 4, 15.00),
(71, 114, 71, 4, 45.00),
(72, 115, 90, 3, 170.00),
(73, 116, 91, 3, 100.00),
(74, 116, 92, 1, 350.00),
(75, 117, 70, 2, 15.00),
(76, 117, 71, 2, 45.00),
(77, 118, 73, 1, 65.00),
(78, 118, 89, 1, 80.00),
(79, 119, 91, 1, 100.00),
(80, 119, 92, 1, 350.00),
(81, 120, 94, 1, 55.00),
(82, 121, 92, 1, 350.00),
(83, 121, 93, 1, 50.00),
(84, 121, 96, 1, 110.00),
(85, 122, 93, 5, 50.00),
(86, 123, 97, 1, 89.00),
(87, 124, 70, 1, 15.00),
(88, 124, 71, 1, 45.00),
(89, 124, 89, 1, 80.00),
(90, 124, 91, 1, 100.00),
(91, 124, 97, 1, 89.00),
(92, 124, 98, 1, 10.00),
(93, 124, 99, 1, 14.00),
(94, 125, 90, 1, 170.00),
(95, 125, 92, 1, 350.00),
(96, 125, 94, 1, 55.00),
(97, 125, 97, 1, 89.00),
(98, 125, 99, 1, 14.00),
(99, 126, 98, 12, 10.00),
(100, 127, 91, 1, 100.00),
(101, 127, 95, 1, 120.00),
(102, 127, 98, 1, 10.00),
(103, 127, 100, 1, 34.00),
(104, 128, 99, 1, 15.00),
(105, 129, 97, 1, 89.00),
(106, 129, 99, 1, 15.00),
(107, 130, 97, 1, 89.00),
(108, 130, 98, 1, 10.00),
(109, 130, 100, 1, 34.00),
(110, 131, 94, 1, 55.00),
(111, 131, 100, 1, 34.00),
(112, 131, 102, 1, 120.00),
(113, 131, 103, 1, 40.00),
(114, 132, 89, 1, 80.00),
(115, 132, 91, 1, 100.00),
(116, 133, 71, 1, 45.00),
(117, 133, 97, 1, 89.00),
(118, 133, 100, 1, 34.00),
(119, 134, 73, 1, 65.00),
(120, 134, 90, 1, 170.00),
(121, 134, 95, 1, 120.00),
(122, 135, 4, 1, 70.00),
(123, 135, 69, 1, 70.00),
(124, 135, 101, 1, 50.00),
(125, 136, 2, 1, 55.00),
(126, 136, 3, 1, 150.00),
(127, 136, 4, 1, 70.00),
(128, 136, 70, 1, 15.00),
(129, 136, 71, 1, 45.00),
(130, 136, 72, 1, 60.00),
(131, 136, 89, 1, 80.00),
(132, 136, 96, 1, 110.00),
(133, 136, 99, 1, 15.00),
(134, 136, 100, 1, 34.00),
(135, 136, 101, 1, 50.00),
(136, 136, 102, 1, 120.00),
(137, 137, 2, 1, 55.00),
(138, 137, 70, 1, 15.00),
(139, 137, 71, 1, 45.00),
(140, 137, 72, 1, 60.00),
(141, 137, 91, 1, 100.00),
(142, 137, 97, 1, 89.00),
(143, 137, 99, 1, 15.00),
(144, 137, 101, 1, 50.00),
(145, 138, 70, 1, 15.00),
(146, 138, 97, 1, 89.00),
(147, 139, 73, 100, 65.00),
(148, 140, 4, 1, 70.00),
(149, 141, 93, 1, 50.00),
(150, 141, 94, 1, 55.00),
(151, 142, 69, 50, 70.00),
(152, 142, 105, 100, 80.00),
(153, 143, 107, 30, 25.00),
(154, 144, 107, 200, 25.00),
(155, 145, 104, 40, 25.00),
(156, 146, 103, 1, 40.00),
(157, 147, 103, 1, 40.00),
(158, 148, 105, 20, 80.00),
(159, 149, 109, 150, 25.00),
(160, 150, 109, 150, 25.00),
(161, 151, 108, 50, 30.00),
(162, 152, 105, 20, 80.00),
(163, 153, 105, 20, 80.00),
(164, 154, 103, 1, 40.00),
(165, 155, 103, 1, 40.00),
(166, 156, 103, 1, 40.00),
(167, 157, 99, 1, 15.00),
(168, 157, 100, 1, 34.00),
(169, 157, 107, 1, 25.00),
(170, 158, 69, 2, 70.00),
(171, 158, 73, 2, 65.00),
(172, 158, 93, 2, 50.00),
(173, 158, 98, 2, 10.00),
(174, 159, 109, 20, 25.00),
(175, 160, 102, 100, 120.00),
(176, 161, 104, 30, 25.00),
(177, 162, 103, 20, 40.00),
(178, 163, 108, 50, 30.00),
(179, 164, 108, 10, 30.00),
(180, 165, 108, 50, 30.00),
(181, 166, 105, 10, 80.00),
(182, 167, 106, 10, 400.00),
(183, 168, 92, 4, 350.00),
(184, 169, 108, 20, 30.00),
(185, 170, 109, 10, 25.00),
(186, 171, 108, 10, 30.00),
(187, 172, 108, 5, 30.00),
(188, 173, 108, 50, 30.00),
(189, 174, 108, 10, 30.00),
(190, 175, 109, 10, 25.00),
(191, 176, 108, 10, 30.00),
(192, 177, 108, 2, 30.00),
(193, 178, 108, 1, 30.00),
(194, 179, 108, 5, 30.00),
(195, 180, 105, 10, 80.00),
(196, 181, 105, 5, 80.00),
(197, 182, 105, 2, 80.00),
(198, 183, 109, 20, 25.00),
(199, 184, 110, 40, 80.00),
(200, 185, 109, 5, 25.00),
(201, 186, 109, 5, 25.00),
(202, 187, 96, 1, 110.00),
(203, 187, 101, 1, 55.00),
(204, 187, 106, 1, 400.00),
(205, 188, 3, 1, 150.00),
(206, 188, 99, 1, 15.00),
(207, 188, 100, 1, 34.00),
(208, 188, 105, 1, 80.00),
(209, 189, 106, 3, 400.00),
(210, 189, 107, 1, 25.00),
(211, 190, 103, 1, 40.00);

-- --------------------------------------------------------

--
-- Table structure for table `role`
--

CREATE TABLE `role` (
  `Role_ID` int(11) NOT NULL,
  `Role_name` varchar(100) DEFAULT NULL,
  `Description` text DEFAULT NULL
) ENGINE=InnoDB DEFAULT CHARSET=utf8mb4 COLLATE=utf8mb4_general_ci;

--
-- Dumping data for table `role`
--

INSERT INTO `role` (`Role_ID`, `Role_name`, `Description`) VALUES
(1, 'Admin', 'System administrator with full access'),
(2, 'Manager', 'Oversees inventory and staff operations'),
(3, 'Inventory Clerk', 'Manages inventory entries and adjustments'),
(4, 'Inventory Staff', 'Assists with inventory movements and stock-taking'),
(5, 'Cashier', 'Handles sales and transaction processing');

-- --------------------------------------------------------

--
-- Table structure for table `sale`
--

CREATE TABLE `sale` (
  `Sale_ID` int(11) NOT NULL,
  `Sale_date` date DEFAULT NULL,
  `User_ID` int(11) DEFAULT NULL,
  `Total_Amount` decimal(10,2) DEFAULT NULL,
  `Terminal_ID` int(11) DEFAULT NULL,
  `Payment` varchar(50) DEFAULT NULL
) ENGINE=InnoDB DEFAULT CHARSET=utf8mb4 COLLATE=utf8mb4_general_ci;

--
-- Dumping data for table `sale`
--

INSERT INTO `sale` (`Sale_ID`, `Sale_date`, `User_ID`, `Total_Amount`, `Terminal_ID`, `Payment`) VALUES
(2, '2025-08-09', 1, 100.00, 1, 'CASH'),
(3, '2025-08-09', 1, 100.00, 1, 'CASH'),
(4, '2025-08-09', 1, 200.00, 1, 'CASH'),
(5, '2025-08-10', 1, 100.00, 1, 'CASH'),
(6, '2025-08-11', 1, 100.00, 1, 'CASH'),
(7, '2025-08-11', 1, 150.00, 1, 'CASH'),
(8, '2025-08-11', 1, 500.00, 1, 'GCASH'),
(9, '2025-08-12', 1, 110.00, 1, 'CARD'),
(10, '2025-08-12', 1, 55.00, 1, 'CASH'),
(11, '2025-08-13', 1, 76.00, 1, 'CASH'),
(12, '2025-08-25', 1, 76.00, 1, 'CASH'),
(13, '2025-08-25', 1, 140.00, 1, 'CASH'),
(14, '2025-08-27', 1, 114.00, 1, 'CASH'),
(15, '2025-08-27', 1, 350.00, 1, 'CASH'),
(16, '2025-08-27', 1, 70.00, 1, 'CASH'),
(17, '2025-08-27', 1, 55.00, 1, 'CASH'),
(18, '2025-08-27', 1, 210.00, 1, 'CASH'),
(19, '2025-08-27', 1, 140.00, 1, 'CASH'),
(20, '2025-08-27', 1, 70.00, 1, 'CASH'),
(21, '2025-08-27', 1, 45.00, 1, 'CASH'),
(22, '2025-08-27', 1, 140.00, 1, 'CASH'),
(23, '2025-08-31', 1, 75.00, 1, 'CASH'),
(24, '2025-09-03', 1, 100.00, 1, 'CASH'),
(25, '2025-09-03', 1, 55.00, 1, 'CASH'),
(26, '2025-09-03', 1, 30.00, 1, 'CASH'),
(27, '2025-09-03', 1, 20.00, 1, 'CASH'),
(28, '2025-09-03', 1, 20.00, 1, 'CASH'),
(29, '2025-09-04', 1, 114.00, 1, 'PAYMAYA'),
(30, '2025-09-04', 1, 586.00, 1, 'CASH'),
(31, '2025-09-04', 1, 38.00, 1, 'CASH'),
(32, '2025-09-04', 1, 38.00, 1, 'CASH'),
(33, '2025-09-04', 1, 65.00, 1, 'CASH'),
(34, '2025-09-04', 1, 864.00, 1, 'CASH'),
(35, '2025-09-05', 1, 50.00, 2, 'CASH'),
(36, '2025-09-05', 1, 400.00, 2, 'CASH'),
(58, '2025-09-05', 1, 38.00, 2, 'CARD'),
(59, '2025-09-05', 1, 70.00, 1, 'CASH'),
(60, '2025-09-05', 1, 50.00, 2, 'CARD'),
(61, '2025-09-05', 1, 350.00, 1, 'CASH'),
(62, '2025-09-05', 1, 1000.00, 2, 'PAYMAYA'),
(63, '2025-09-05', 1, 100.00, 1, 'CASH'),
(64, '2025-09-07', 1, 38.00, 2, 'GCASH'),
(65, '2025-09-07', 1, 70.00, 2, 'CARD'),
(66, '2025-09-07', 1, 55.00, 1, 'PAYMAYA'),
(67, '2025-09-07', 1, 105.00, 2, 'CARD'),
(68, '2025-09-07', 1, 120.00, 2, 'CASH'),
(69, '2025-09-07', 1, 10.00, 2, 'CASH'),
(70, '2025-09-07', 1, 139.00, 2, 'CASH'),
(71, '2025-09-07', 1, 55.00, 2, 'PAYMAYA'),
(72, '2025-09-07', 1, 70.00, 2, 'CARD'),
(73, '2025-09-07', 1, 55.00, 2, 'PAYMAYA'),
(74, '2025-09-07', 1, 100.00, 1, 'GCASH'),
(75, '2025-09-07', 1, 350.00, 1, 'GCASH'),
(76, '2025-09-07', 1, 10.00, 1, 'GCASH'),
(77, '2025-09-09', 1, 55.00, 2, 'CASH'),
(78, '2025-09-09', 1, 38.00, 1, 'CASH'),
(79, '2025-09-09', 1, 350.00, 3, 'CASH'),
(80, '2025-09-09', 1, 15.00, 1, 'GCASH'),
(81, '2025-09-09', 1, 10.00, 1, 'GCASH'),
(82, '2025-09-09', 1, 70.00, 2, 'CASH'),
(83, '2025-09-09', 1, 50.00, 3, 'GCASH'),
(84, '2025-09-09', 1, 38.00, 2, 'PAYMAYA'),
(85, '2025-09-09', 1, 70.00, 3, 'CASH'),
(86, '2025-09-09', 1, 100.00, 2, 'GCASH'),
(87, '2025-09-09', 1, 15.00, 3, 'PAYMAYA'),
(88, '2025-09-09', 3, 70.00, 3, 'CASH'),
(89, '2025-09-09', 3, 2405.00, 3, 'CARD'),
(90, '2025-09-09', 3, 168.00, 3, 'CASH'),
(91, '2025-09-10', 3, 70.00, 2, 'CASH'),
(92, '2025-09-10', 1, 15.00, 1, 'CASH'),
(93, '2025-09-10', 6, 400.00, 1, 'CASH'),
(94, '2025-09-11', 6, 70.00, 1, 'CASH'),
(95, '2025-09-11', 7, 34.00, 1, 'GCASH'),
(96, '2025-09-11', 7, 85.00, 1, 'CASH'),
(97, '2025-09-12', 6, 15.00, 1, 'CASH'),
(98, '2025-09-12', 8, 55.00, 1, 'CASH'),
(99, '2025-09-12', 8, 60.00, 1, 'CASH'),
(100, '2025-09-12', 8, 1050.00, 1, 'CASH'),
(101, '2025-09-12', 8, 1050.00, 1, 'GCASH'),
(102, '2025-09-12', 8, 1750.00, 1, 'CASH'),
(103, '2025-09-12', 8, 100.00, 1, 'CASH'),
(104, '2025-09-12', 8, 125.00, 1, 'CASH'),
(105, '2025-09-12', 6, 400.00, 1, 'GCASH'),
(106, '2025-09-12', 6, 350.00, 1, 'GCASH'),
(107, '2025-09-12', 6, 160.00, 1, 'CASH'),
(108, '2025-09-12', 6, 480.00, 1, 'CASH'),
(109, '2025-09-12', 6, 165.00, 1, 'CASH'),
(110, '2025-09-12', 6, 360.00, 1, 'CASH'),
(111, '2025-09-12', 6, 440.00, 1, 'CASH'),
(112, '2025-09-12', 6, 160.00, 1, 'CASH'),
(113, '2025-09-12', 6, 136.00, 1, 'GCASH'),
(114, '2025-09-12', 6, 136.00, 1, 'CASH'),
(115, '2025-09-12', 6, 200.00, 1, 'CASH'),
(116, '2025-09-12', 6, 275.00, 1, 'GCASH'),
(117, '2025-09-12', 6, 90.00, 1, 'CASH'),
(118, '2025-09-12', 6, 400.00, 1, 'CARD'),
(119, '2025-09-12', 6, 125.00, 1, 'CASH'),
(120, '2025-09-12', 6, 50.00, 1, 'CASH'),
(121, '2025-09-12', 6, 400.00, 1, 'CASH'),
(122, '2025-09-12', 6, 50.00, 1, 'CASH'),
(123, '2025-09-12', 7, 75.00, 1, 'CASH'),
(124, '2025-09-12', 7, 125.00, 1, 'CASH'),
(125, '2025-09-12', 7, 75.00, 1, 'CASH'),
(126, '2025-09-13', 6, 125.00, 1, 'CASH'),
(127, '2025-09-13', 7, 200.00, 1, 'CASH'),
(128, '2025-09-13', 7, 125.00, 1, 'CASH'),
(129, '2025-09-13', 7, 100.00, 1, 'CASH'),
(130, '2025-09-13', 7, 34.00, 1, 'CASH'),
(131, '2025-09-13', 7, 160.00, 1, 'CASH'),
(132, '2025-09-13', 7, 240.00, 1, 'CASH'),
(133, '2025-09-13', 7, 400.00, 1, 'CASH'),
(134, '2025-09-13', 7, 400.00, 1, 'CASH'),
(135, '2025-09-13', 7, 400.00, 1, 'CASH'),
(136, '2025-09-13', 7, 160.00, 1, 'CASH'),
(137, '2025-09-13', 7, 50.00, 1, 'CASH'),
(138, '2025-09-13', 7, 50.00, 1, 'CASH'),
(139, '2025-09-13', 7, 50.00, 1, 'CASH'),
(140, '2025-09-13', 7, 80.00, 1, 'CASH'),
(141, '2025-09-13', 7, 50.00, 1, 'CASH'),
(142, '2025-09-13', 7, 75.00, 1, 'CASH'),
(143, '2025-09-13', 7, 278.00, 1, 'CASH'),
(144, '2025-09-13', 7, 453.00, 1, 'CASH'),
(145, '2025-09-19', 6, 70.00, 1, 'CASH'),
(146, '2025-09-23', 6, 184.00, 1, 'CASH');

-- --------------------------------------------------------

--
-- Table structure for table `sales_summary`
--

CREATE TABLE `sales_summary` (
  `Summary_ID` int(11) NOT NULL,
  `Summary_type` varchar(50) DEFAULT NULL,
  `Summary_Date` date DEFAULT NULL,
  `Total_sales` decimal(10,2) DEFAULT NULL,
  `Total_items` int(11) DEFAULT NULL,
  `Generated_at` datetime DEFAULT NULL,
  `Date_from` date DEFAULT NULL,
  `Date_to` date DEFAULT NULL,
  `Generated_by` int(11) DEFAULT NULL,
  `Terminal_ID` int(11) DEFAULT 1
) ENGINE=InnoDB DEFAULT CHARSET=utf8mb4 COLLATE=utf8mb4_general_ci;

--
-- Dumping data for table `sales_summary`
--

INSERT INTO `sales_summary` (`Summary_ID`, `Summary_type`, `Summary_Date`, `Total_sales`, `Total_items`, `Generated_at`, `Date_from`, `Date_to`, `Generated_by`, `Terminal_ID`) VALUES
(1, 'daily', '2025-09-13', 4892.00, 64, '2025-09-13 19:23:31', '2025-09-13', '2025-09-13', 3, 0),
(2, 'weekly', '2025-09-13', 18130.00, 253, '2025-09-13 19:23:36', '2025-09-08', '2025-09-14', 3, 0),
(3, 'monthly', '2025-09-13', 23434.00, 284, '2025-09-13 19:24:01', '2025-09-01', '2025-09-30', 3, 0),
(4, 'daily', '2025-09-11', 274.00, 4, '2025-09-13 19:35:31', '2025-09-11', '2025-09-11', 3, 0),
(5, 'weekly', '2025-09-19', 70.00, 2, '2025-09-21 21:31:41', '2025-09-15', '2025-09-21', 3, 0);

-- --------------------------------------------------------

--
-- Table structure for table `sale_item`
--

CREATE TABLE `sale_item` (
  `SaleItem_ID` int(11) NOT NULL,
  `Sale_ID` int(11) DEFAULT NULL,
  `Product_ID` int(11) DEFAULT NULL,
  `Quantity` int(11) DEFAULT NULL,
  `Sale_Price` decimal(10,2) DEFAULT NULL
) ENGINE=InnoDB DEFAULT CHARSET=utf8mb4 COLLATE=utf8mb4_general_ci;

--
-- Dumping data for table `sale_item`
--

INSERT INTO `sale_item` (`SaleItem_ID`, `Sale_ID`, `Product_ID`, `Quantity`, `Sale_Price`) VALUES
(1, 2, 2, 1, 55.00),
(2, 2, 1, 1, 45.00),
(3, 3, 2, 1, 55.00),
(4, 3, 1, 1, 45.00),
(5, 4, 2, 2, 55.00),
(6, 4, 1, 2, 45.00),
(7, 5, 2, 1, 55.00),
(8, 5, 1, 1, 45.00),
(9, 6, 2, 1, 55.00),
(10, 6, 1, 1, 45.00),
(11, 7, 3, 1, 150.00),
(12, 8, 2, 2, 55.00),
(13, 8, 1, 2, 45.00),
(14, 8, 3, 2, 150.00),
(15, 9, 2, 2, 55.00),
(16, 10, 2, 1, 55.00),
(17, 11, 8, 2, 38.00),
(18, 12, 8, 2, 38.00),
(19, 13, 69, 2, 70.00),
(20, 14, 8, 3, 38.00),
(21, 15, 69, 5, 70.00),
(22, 16, 4, 1, 70.00),
(23, 17, 2, 1, 55.00),
(24, 18, 69, 3, 70.00),
(25, 19, 69, 2, 70.00),
(26, 20, 69, 1, 70.00),
(27, 21, 1, 1, 45.00),
(28, 22, 69, 2, 70.00),
(29, 23, 70, 5, 15.00),
(30, 0, 93, 2, 50.00),
(31, 0, 94, 1, 55.00),
(32, 0, 98, 3, 10.00),
(33, 0, 98, 2, 10.00),
(34, 0, 98, 2, 10.00),
(35, 0, 8, 3, 38.00),
(36, 0, 91, 1, 100.00),
(37, 0, 69, 2, 70.00),
(38, 0, 71, 1, 45.00),
(39, 0, 73, 1, 65.00),
(40, 0, 8, 1, 38.00),
(41, 0, 99, 1, 14.00),
(42, 0, 97, 1, 89.00),
(43, 0, 89, 1, 80.00),
(44, 0, 70, 1, 15.00),
(45, 0, 8, 1, 38.00),
(46, 0, 8, 1, 38.00),
(47, 0, 73, 1, 65.00),
(48, 0, 8, 3, 38.00),
(49, 0, 69, 5, 70.00),
(50, 0, 89, 1, 80.00),
(51, 0, 98, 1, 10.00),
(52, 0, 3, 1, 150.00),
(53, 0, 70, 1, 15.00),
(54, 0, 71, 1, 45.00),
(55, 0, 91, 1, 100.00),
(56, 0, 98, 5, 10.00),
(57, 0, 91, 4, 100.00),
(87, 58, 8, 1, 38.00),
(88, 59, 69, 1, 70.00),
(89, 60, 93, 1, 50.00),
(90, 61, 92, 1, 350.00),
(91, 62, 91, 10, 100.00),
(92, 63, 91, 1, 100.00),
(93, 64, 8, 1, 38.00),
(94, 65, 69, 1, 70.00),
(95, 66, 94, 1, 55.00),
(96, 67, 103, 3, 35.00),
(97, 68, 95, 1, 120.00),
(98, 69, 98, 1, 10.00),
(99, 70, 97, 1, 89.00),
(100, 70, 101, 1, 50.00),
(101, 71, 94, 1, 55.00),
(102, 72, 69, 1, 70.00),
(103, 73, 94, 1, 55.00),
(104, 74, 91, 1, 100.00),
(105, 75, 92, 1, 350.00),
(106, 76, 98, 1, 10.00),
(107, 77, 94, 1, 55.00),
(108, 78, 8, 1, 38.00),
(109, 79, 92, 1, 350.00),
(110, 80, 70, 1, 15.00),
(111, 81, 98, 1, 10.00),
(112, 82, 69, 1, 70.00),
(113, 83, 93, 1, 50.00),
(114, 84, 8, 1, 38.00),
(115, 85, 69, 1, 70.00),
(116, 86, 91, 1, 100.00),
(117, 87, 99, 1, 15.00),
(118, 88, 69, 1, 70.00),
(119, 89, 73, 37, 65.00),
(120, 90, 73, 2, 65.00),
(121, 90, 8, 1, 38.00),
(122, 91, 69, 1, 70.00),
(123, 92, 70, 1, 15.00),
(124, 93, 105, 5, 80.00),
(125, 94, 69, 1, 70.00),
(126, 95, 100, 1, 34.00),
(127, 96, 69, 1, 70.00),
(128, 96, 70, 1, 15.00),
(129, 97, 70, 1, 15.00),
(130, 98, 94, 1, 55.00),
(131, 99, 70, 4, 15.00),
(132, 100, 92, 3, 350.00),
(133, 101, 92, 3, 350.00),
(134, 102, 92, 5, 350.00),
(135, 103, 104, 4, 25.00),
(136, 104, 104, 5, 25.00),
(137, 105, 105, 5, 80.00),
(138, 106, 93, 7, 50.00),
(139, 107, 103, 4, 40.00),
(140, 108, 102, 4, 120.00),
(141, 109, 101, 3, 55.00),
(142, 110, 71, 8, 45.00),
(143, 111, 94, 8, 55.00),
(144, 112, 105, 2, 80.00),
(145, 113, 100, 4, 34.00),
(146, 114, 100, 4, 34.00),
(147, 115, 103, 5, 40.00),
(148, 116, 101, 5, 55.00),
(149, 117, 99, 6, 15.00),
(150, 118, 105, 5, 80.00),
(151, 119, 104, 5, 25.00),
(152, 120, 98, 5, 10.00),
(153, 121, 105, 5, 80.00),
(154, 122, 104, 2, 25.00),
(155, 123, 104, 3, 25.00),
(156, 124, 104, 5, 25.00),
(157, 125, 99, 5, 15.00),
(158, 126, 104, 5, 25.00),
(159, 127, 103, 5, 40.00),
(160, 128, 104, 5, 25.00),
(161, 129, 104, 4, 25.00),
(162, 130, 100, 1, 34.00),
(163, 131, 105, 2, 80.00),
(164, 132, 105, 3, 80.00),
(165, 133, 105, 5, 80.00),
(166, 134, 105, 5, 80.00),
(167, 135, 105, 5, 80.00),
(168, 136, 105, 2, 80.00),
(169, 137, 104, 2, 25.00),
(170, 138, 104, 2, 25.00),
(171, 139, 104, 2, 25.00),
(172, 140, 103, 2, 40.00),
(173, 141, 104, 2, 25.00),
(174, 142, 107, 3, 25.00),
(175, 143, 107, 2, 25.00),
(176, 143, 105, 2, 80.00),
(177, 143, 100, 2, 34.00),
(178, 144, 70, 1, 15.00),
(179, 144, 8, 1, 38.00),
(180, 144, 106, 1, 400.00),
(181, 145, 108, 2, 35.00),
(182, 146, 109, 4, 46.00);

-- --------------------------------------------------------

--
-- Table structure for table `stockin_inventory`
--

CREATE TABLE `stockin_inventory` (
  `Stockin_ID` int(11) NOT NULL,
  `Product_ID` int(11) DEFAULT NULL,
  `Supplier_ID` int(11) DEFAULT NULL,
  `Stock_in_Quantity` int(11) DEFAULT NULL,
  `Quantity_Ordered` int(11) DEFAULT 0,
  `Unit_Cost` decimal(10,2) DEFAULT 0.00,
  `Total_Cost` decimal(10,2) DEFAULT 0.00,
  `Batch_Number` varchar(50) DEFAULT NULL,
  `Expiry_Date` date DEFAULT NULL,
  `Created_Date` datetime DEFAULT current_timestamp(),
  `Updated_Date` datetime DEFAULT current_timestamp() ON UPDATE current_timestamp(),
  `Date_in` date DEFAULT NULL,
  `Approved_by` varchar(100) DEFAULT 'System',
  `Remarks` text DEFAULT NULL,
  `Status` enum('Pending','Received','Partial','Damaged','Rejected') DEFAULT 'Pending',
  `PO_ID` int(11) DEFAULT NULL,
  `Return_Reference_ID` int(11) DEFAULT NULL,
  `Is_Replacement` tinyint(4) DEFAULT 0
) ENGINE=InnoDB DEFAULT CHARSET=utf8mb4 COLLATE=utf8mb4_general_ci;

--
-- Dumping data for table `stockin_inventory`
--

INSERT INTO `stockin_inventory` (`Stockin_ID`, `Product_ID`, `Supplier_ID`, `Stock_in_Quantity`, `Quantity_Ordered`, `Unit_Cost`, `Total_Cost`, `Batch_Number`, `Expiry_Date`, `Created_Date`, `Updated_Date`, `Date_in`, `Approved_by`, `Remarks`, `Status`, `PO_ID`, `Return_Reference_ID`, `Is_Replacement`) VALUES
(43, 3, 4, 5, 5, 150.00, 750.00, '6', '2027-12-29', '2025-08-29 19:43:35', '2025-08-29 19:43:35', '2025-08-29', 'Manager', NULL, 'Received', 42, NULL, 0),
(44, 4, 4, 5, 5, 70.00, 350.00, '6', '2028-11-29', '2025-08-29 19:43:35', '2025-08-29 19:43:35', '2025-08-29', 'Manager', NULL, 'Received', 42, NULL, 0),
(45, 8, 4, 5, 5, 38.00, 190.00, '7', '2027-12-29', '2025-08-29 19:54:09', '2025-08-29 19:54:09', '2025-08-29', 'Warehouse Supervisor', NULL, 'Received', 41, NULL, 0),
(46, 69, 4, 1, 1, 70.00, 70.00, '7', '2028-08-29', '2025-08-29 19:54:09', '2025-08-29 19:54:09', '2025-08-29', 'Warehouse Supervisor', NULL, 'Received', 41, NULL, 0),
(47, 2, 1, 5, 5, 55.00, 275.00, ' 8', '2027-11-29', '2025-08-29 19:57:53', '2025-08-29 19:57:53', '2025-08-29', 'Warehouse Supervisor', NULL, 'Received', 43, NULL, 0),
(48, 3, 1, 5, 5, 150.00, 750.00, '8', '2030-11-29', '2025-08-29 19:57:53', '2025-08-29 19:57:53', '2025-08-29', 'Warehouse Supervisor', NULL, 'Received', 43, NULL, 0),
(49, 4, 1, 5, 5, 70.00, 350.00, '8', '2027-08-29', '2025-08-29 19:57:53', '2025-08-29 19:57:53', '2025-08-29', 'Warehouse Supervisor', NULL, 'Received', 43, NULL, 0),
(50, 8, 2, 1, 1, 38.00, 38.00, NULL, NULL, '2025-08-30 14:33:12', '2025-08-30 14:33:12', '2025-08-30', 'Manager', NULL, 'Received', 44, NULL, 0),
(51, 8, 2, 4, 4, 38.00, 152.00, '9', '2027-08-30', '2025-08-30 14:33:50', '2025-08-30 14:33:50', '2025-08-30', 'Manager', NULL, 'Received', 44, NULL, 0),
(59, 8, 1, 3, 0, 38.00, 0.00, NULL, NULL, '2025-08-30 15:38:38', '2025-08-30 15:38:38', '2025-08-30', '1', 'Good items received - ', 'Received', 45, NULL, 0),
(60, 8, 5, 3, 0, 38.00, 0.00, '9', '2027-07-30', '2025-08-30 15:43:32', '2025-08-30 15:43:32', '2025-08-30', '1', 'Good items received - ', 'Received', 46, NULL, 0),
(61, 8, 5, 3, 0, 38.00, 0.00, NULL, NULL, '2025-08-30 15:43:32', '2025-08-30 15:43:32', '2025-08-30', 'Warehouse Supervisor', 'Replacement for Return #4 (damaged)', '', 46, NULL, 0),
(73, 3, 4, 5, 0, 150.00, 0.00, '9', '2027-12-30', '2025-08-30 17:52:49', '2025-08-30 17:52:49', '2025-08-30', '1', 'Good items received - ', 'Received', 47, NULL, 0),
(74, 3, 4, 5, 0, 150.00, 0.00, NULL, NULL, '2025-08-30 17:52:49', '2025-08-30 17:52:49', '2025-08-30', 'Warehouse Supervisor', 'Replacement for Return #16 (damaged)', '', 47, NULL, 0),
(75, 8, 5, 3, 0, 38.00, 0.00, NULL, NULL, '2025-08-30 20:20:47', '2025-08-30 20:20:47', '2025-08-30', '1', 'Good items received - ', 'Received', 48, NULL, 0),
(76, 8, 5, 3, 0, 38.00, 0.00, NULL, NULL, '2025-08-30 20:20:47', '2025-08-30 20:20:47', '2025-08-30', 'Warehouse Supervisor', 'Replacement for Return #17 (damaged)', '', 48, NULL, 0),
(77, 3, 1, 3, 0, 150.00, 0.00, '9', '2027-08-30', '2025-08-30 20:36:03', '2025-08-30 20:36:03', '2025-08-30', '1', 'Good items received - ', 'Received', 49, NULL, 0),
(78, 3, 1, 2, 0, 150.00, 0.00, NULL, NULL, '2025-08-30 20:36:03', '2025-08-30 20:36:03', '2025-08-30', 'Manager', 'Replacement for Return #18 (damaged)', '', 49, NULL, 0),
(79, 3, 1, 2, 2, 150.00, 300.00, '9', '2027-12-30', '2025-08-30 21:31:49', '2025-08-30 21:31:49', '2025-08-30', 'Return System', 'Replacement items for Return #28', 'Received', NULL, NULL, 0),
(80, 1, 3, 3, 0, 45.00, 0.00, '9', NULL, '2025-08-30 21:36:30', '2025-08-30 21:36:30', '2025-08-30', '1', 'Good items received - ', 'Received', 50, NULL, 0),
(81, 1, 3, 2, 0, 45.00, 0.00, NULL, NULL, '2025-08-30 21:36:30', '2025-08-30 21:36:30', '2025-08-30', 'Warehouse Supervisor', 'Replacement for Return #29 (damaged)', '', 50, NULL, 0),
(82, 1, 3, 2, 2, 45.00, 90.00, '9', '2027-12-30', '2025-08-30 21:39:54', '2025-08-30 21:39:54', '2025-08-30', 'Return System', 'Replacement items for Return #31', 'Received', NULL, NULL, 0),
(83, 1, 4, 3, 0, 45.00, 0.00, '9', '2027-07-31', '2025-08-31 16:04:17', '2025-08-31 16:04:17', '2025-08-31', '1', 'Good items received - ', 'Received', 51, NULL, 0),
(84, 3, 5, 3, 0, 150.00, 450.00, '10', '2027-12-31', '2025-08-31 16:36:42', '2025-08-31 16:36:42', '2025-08-31', '1', '', 'Received', 52, NULL, 0),
(85, 3, 5, 2, 2, 150.00, 300.00, '10', '2028-12-31', '2025-08-31 16:51:03', '2025-08-31 16:51:03', '2025-08-31', 'Return System', 'Replacement items for Return #34', 'Received', NULL, NULL, 0),
(86, 72, 4, 30, 0, 60.00, 0.00, NULL, '2027-12-02', '2025-09-02 20:29:40', '2025-09-02 20:29:40', '2025-09-02', '1', 'Good items received - ', 'Received', 108, NULL, 0),
(87, 73, 4, 25, 0, 65.00, 0.00, NULL, '2029-12-02', '2025-09-02 20:29:40', '2025-09-02 20:29:40', '2025-09-02', '1', 'Good items received - ', 'Received', 108, NULL, 0),
(88, 73, 4, 5, 0, 65.00, 0.00, NULL, NULL, '2025-09-02 20:29:40', '2025-09-02 20:29:40', '2025-09-02', '2', 'Replacement for Return #35 (damaged)', '', 108, NULL, 0),
(89, 73, 4, 5, 5, 65.00, 325.00, NULL, '2027-12-02', '2025-09-02 20:38:31', '2025-09-02 20:38:31', '2025-09-02', 'Return System', 'Replacement items for Return #36', 'Received', NULL, NULL, 0),
(90, 90, 4, 2, 2, 170.00, 340.00, NULL, NULL, '2025-09-02 23:36:35', '2025-09-02 23:36:35', '2025-09-02', '2', '', 'Received', 109, NULL, 0),
(91, 90, 4, 1, 1, 170.00, 170.00, NULL, NULL, '2025-09-02 23:36:44', '2025-09-02 23:36:44', '2025-09-02', '4', '', 'Received', 109, NULL, 0),
(92, 91, 2, 1, 1, 99.99, 99.99, '11', NULL, '2025-09-03 00:42:04', '2025-09-03 00:42:04', '2025-09-02', '2', '', 'Received', 110, NULL, 0),
(93, 92, 2, 1, 1, 350.00, 350.00, '11', NULL, '2025-09-03 00:42:04', '2025-09-03 00:42:04', '2025-09-02', '2', '', 'Received', 110, NULL, 0),
(94, 73, 3, 6, 6, 65.00, 390.00, NULL, NULL, '2025-09-03 00:54:25', '2025-09-03 00:54:25', '2025-09-02', '2', '', 'Received', 112, NULL, 0),
(95, 89, 3, 3, 3, 80.00, 240.00, NULL, NULL, '2025-09-03 00:54:25', '2025-09-03 00:54:25', '2025-09-02', '2', '', 'Received', 112, NULL, 0),
(96, 91, 2, 5, 5, 100.00, 500.00, '11', NULL, '2025-09-03 01:27:40', '2025-09-03 01:27:40', '2025-09-16', '2', '', 'Received', 113, NULL, 0),
(97, 92, 2, 1, 1, 350.00, 350.00, '11', NULL, '2025-09-03 01:27:40', '2025-09-03 01:27:40', '2025-09-16', '2', '', 'Received', 113, NULL, 0),
(98, 70, 5, 2, 0, 15.00, 0.00, '12', '2027-12-03', '2025-09-03 01:37:40', '2025-09-03 01:37:40', '2025-09-02', '1', 'Good items received - ', 'Received', 111, NULL, 0),
(99, 71, 5, 2, 0, 45.00, 0.00, '12', '2025-12-03', '2025-09-03 01:37:40', '2025-09-03 01:37:40', '2025-09-02', '1', 'Good items received - ', 'Received', 111, NULL, 0),
(100, 70, 5, 4, 0, 15.00, 0.00, '11', '2026-12-03', '2025-09-03 02:19:01', '2025-09-03 02:19:01', '2025-09-02', '1', 'Good items received - ', 'Received', 114, NULL, 0),
(101, 71, 5, 4, 0, 45.00, 0.00, '11', '2026-12-03', '2025-09-03 02:19:01', '2025-09-03 02:19:01', '2025-09-02', '1', 'Good items received - ', 'Received', 114, NULL, 0),
(102, 90, 4, 3, 3, 170.00, 510.00, NULL, NULL, '2025-09-03 02:23:51', '2025-09-03 02:23:51', '2025-09-02', '3', '', 'Received', 115, NULL, 0),
(103, 91, 2, 3, 0, 100.00, 0.00, NULL, NULL, '2025-09-03 02:24:54', '2025-09-03 02:24:54', '2025-09-02', '3', 'Good items received - ', 'Received', 116, NULL, 0),
(104, 92, 2, 1, 0, 350.00, 0.00, NULL, NULL, '2025-09-03 02:24:54', '2025-09-03 02:24:54', '2025-09-02', '3', 'Good items received - ', 'Received', 116, NULL, 0),
(105, 70, 5, 2, 2, 15.00, 30.00, NULL, '2027-12-03', '2025-09-03 02:27:58', '2025-09-03 02:27:58', '2025-09-02', '3', '', 'Received', 117, NULL, 0),
(106, 71, 5, 2, 2, 45.00, 90.00, NULL, '2025-12-03', '2025-09-03 02:27:58', '2025-09-03 02:27:58', '2025-09-02', '3', '', 'Received', 117, NULL, 0),
(107, 73, 3, 1, 1, 65.00, 65.00, NULL, NULL, '2025-09-03 02:36:38', '2025-09-03 02:36:38', '2025-09-02', '3', '', 'Received', 118, NULL, 0),
(108, 89, 3, 1, 1, 80.00, 80.00, NULL, NULL, '2025-09-03 02:36:38', '2025-09-03 02:36:38', '2025-09-02', '3', '', 'Received', 118, NULL, 0),
(109, 92, 2, 1, 1, 350.00, 350.00, NULL, NULL, '2025-09-03 03:04:15', '2025-09-03 03:04:15', '2025-09-02', '3', '', 'Received', 119, NULL, 0),
(110, 94, 1, 1, 0, 55.00, 0.00, '11', '2026-03-03', '2025-09-03 03:23:18', '2025-09-03 03:23:18', '2025-09-03', '3', 'Good items received - ', 'Received', 120, NULL, 0),
(111, 92, 2, 1, 1, 350.00, 350.00, NULL, NULL, '2025-09-03 04:37:25', '2025-09-03 04:37:25', '2025-09-02', '3', '', 'Received', 121, NULL, 0),
(112, 93, 2, 1, 1, 50.00, 50.00, NULL, NULL, '2025-09-03 04:37:25', '2025-09-03 04:37:25', '2025-09-02', '3', '', 'Received', 121, NULL, 0),
(113, 96, 2, 1, 1, 110.00, 110.00, NULL, NULL, '2025-09-03 04:37:25', '2025-09-03 04:37:25', '2025-09-02', '3', '', 'Received', 121, NULL, 0),
(114, 93, 2, 5, 5, 50.00, 250.00, NULL, NULL, '2025-09-03 18:47:16', '2025-09-03 18:47:16', '2025-09-03', '3', '', 'Received', 122, NULL, 0),
(115, 97, 6, 2, 2, 89.00, 178.00, NULL, NULL, '2025-09-04 01:59:28', '2025-09-04 01:59:28', '2025-09-03', '3', '', 'Received', 123, NULL, 0),
(116, 90, 2, 1, 1, 170.00, 170.00, NULL, NULL, '2025-09-04 21:38:30', '2025-09-04 21:38:30', '2025-09-04', NULL, 'Requested by: clerk1 - yes', 'Pending', 125, NULL, 0),
(117, 92, 2, 1, 1, 350.00, 350.00, NULL, NULL, '2025-09-04 21:38:30', '2025-09-04 22:22:37', '2025-09-04', '3', 'Requested by: clerk1 - yes\nwqe', 'Received', 125, NULL, 0),
(118, 94, 2, 1, 1, 55.00, 55.00, NULL, NULL, '2025-09-04 21:38:30', '2025-09-04 22:12:06', '2025-09-04', '3', 'Requested by: clerk1 - yes\nweq', 'Received', 125, NULL, 0),
(119, 97, 2, 1, 1, 89.00, 89.00, NULL, NULL, '2025-09-04 21:38:30', '2025-09-04 21:59:29', '2025-09-04', '3', 'Requested by: clerk1 - yes\nnope', 'Rejected', 125, NULL, 0),
(120, 99, 2, 1, 1, 14.00, 14.00, NULL, NULL, '2025-09-04 21:38:30', '2025-09-04 21:59:14', '2025-09-04', '3', 'Requested by: clerk1 - yes\nyes', 'Received', 125, NULL, 0),
(121, 98, 6, 12, 12, 10.00, 120.00, NULL, NULL, '2025-09-04 22:25:54', '2025-09-04 22:26:19', '2025-09-04', '3', 'Requested by: clerk1\n12weq', 'Received', 126, NULL, 0),
(122, 91, 3, 1, 1, 100.00, 100.00, NULL, NULL, '2025-09-07 02:27:44', '2025-09-07 02:27:44', '2025-09-06', NULL, 'Requested by: clerk1', 'Pending', 127, NULL, 0),
(123, 95, 3, 1, 1, 120.00, 120.00, NULL, NULL, '2025-09-07 02:27:44', '2025-09-07 02:34:57', '2025-09-06', '3', 'Requested by: clerk1\nasd', 'Rejected', 127, NULL, 0),
(124, 98, 3, 1, 1, 10.00, 10.00, NULL, NULL, '2025-09-07 02:27:44', '2025-09-07 02:34:48', '2025-09-06', '3', 'Requested by: clerk1\nall good', 'Received', 127, NULL, 0),
(125, 100, 3, 1, 1, 34.00, 34.00, NULL, NULL, '2025-09-07 02:27:44', '2025-09-07 02:28:04', '2025-09-06', '3', 'Requested by: clerk1\ngoods', 'Received', 127, NULL, 0),
(126, 99, 6, 1, 1, 15.00, 15.00, NULL, NULL, '2025-09-07 02:35:25', '2025-09-07 18:32:07', '2025-09-06', '1', 'Requested by: clerk1\nokay good', 'Received', 128, NULL, 0),
(127, 70, 5, 1, 1, 15.00, 15.00, NULL, NULL, '2025-09-07 21:44:43', '2025-09-07 21:44:43', '2025-09-07', NULL, 'Requested by: clerkgwapings', 'Pending', 137, NULL, 0),
(128, 71, 5, 1, 1, 45.00, 45.00, NULL, NULL, '2025-09-07 21:44:43', '2025-09-07 21:44:43', '2025-09-07', NULL, 'Requested by: clerkgwapings', 'Pending', 137, NULL, 0),
(129, 72, 4, 1, 1, 60.00, 60.00, NULL, NULL, '2025-09-07 21:44:43', '2025-09-07 21:44:43', '2025-09-07', NULL, 'Requested by: clerkgwapings', 'Pending', 137, NULL, 0),
(130, 91, 2, 1, 1, 100.00, 100.00, NULL, NULL, '2025-09-07 21:44:43', '2025-09-07 21:59:16', '2025-09-07', '1', 'Requested by: clerkgwapings\nwwer', 'Received', 137, NULL, 0),
(131, 97, 6, 1, 1, 89.00, 89.00, NULL, NULL, '2025-09-07 21:44:43', '2025-09-07 21:58:54', '2025-09-07', '1', 'Requested by: clerkgwapings\nqwe', 'Rejected', 137, NULL, 0),
(132, 99, 6, 1, 1, 15.00, 15.00, NULL, NULL, '2025-09-07 21:44:43', '2025-09-07 21:58:52', '2025-09-07', '1', 'Requested by: clerkgwapings\nqwe', 'Received', 137, NULL, 0),
(133, 101, 1, 1, 1, 50.00, 50.00, NULL, NULL, '2025-09-07 21:44:43', '2025-09-07 21:46:40', '2025-09-07', '1', 'Requested by: clerkgwapings\nwq', 'Received', 137, NULL, 0),
(134, 70, 5, 1, 1, 15.00, 15.00, NULL, NULL, '2025-09-09 12:51:14', '2025-09-09 12:51:14', '2025-09-09', NULL, 'Requested by: clerkgwapings', 'Pending', 136, NULL, 0),
(135, 71, 5, 1, 1, 45.00, 45.00, NULL, NULL, '2025-09-09 12:51:14', '2025-09-09 12:51:14', '2025-09-09', NULL, 'Requested by: clerkgwapings', 'Pending', 136, NULL, 0),
(136, 72, 4, 1, 1, 60.00, 60.00, NULL, NULL, '2025-09-09 12:51:14', '2025-09-09 12:51:14', '2025-09-09', NULL, 'Requested by: clerkgwapings', 'Pending', 136, NULL, 0),
(137, 89, 3, 1, 1, 80.00, 80.00, NULL, NULL, '2025-09-09 12:51:14', '2025-09-09 12:51:14', '2025-09-09', NULL, 'Requested by: clerkgwapings', 'Pending', 136, NULL, 0),
(138, 96, 2, 1, 1, 110.00, 110.00, NULL, NULL, '2025-09-09 12:51:14', '2025-09-09 12:51:14', '2025-09-09', NULL, 'Requested by: clerkgwapings', 'Pending', 136, NULL, 0),
(139, 99, 6, 1, 1, 15.00, 15.00, NULL, NULL, '2025-09-09 12:51:14', '2025-09-09 12:51:14', '2025-09-09', NULL, 'Requested by: clerkgwapings', 'Pending', 136, NULL, 0),
(140, 100, 3, 1, 1, 34.00, 34.00, NULL, NULL, '2025-09-09 12:51:14', '2025-09-09 12:51:14', '2025-09-09', NULL, 'Requested by: clerkgwapings', 'Pending', 136, NULL, 0),
(141, 101, 1, 1, 1, 50.00, 50.00, NULL, NULL, '2025-09-09 12:51:14', '2025-09-09 17:05:25', '2025-09-09', '1', 'Requested by: clerkgwapings\nOkay good boy', 'Received', 136, NULL, 0),
(142, 102, 2, 1, 1, 120.00, 120.00, NULL, NULL, '2025-09-09 12:51:14', '2025-09-09 12:51:39', '2025-09-09', '1', 'Requested by: clerkgwapings\nqwe', 'Received', 136, NULL, 0),
(143, 70, 5, 1, 1, 15.00, 15.00, NULL, NULL, '2025-09-09 14:57:54', '2025-09-09 14:59:32', '2025-09-09', '3', 'Requested by: clerkgwapings - qweq\nqweqe', 'Received', 138, NULL, 0),
(144, 97, 6, 1, 1, 89.00, 89.00, NULL, NULL, '2025-09-09 14:57:54', '2025-09-09 14:58:23', '2025-09-09', '3', 'Requested by: clerkgwapings - qweq\ngoods', 'Received', 138, NULL, 0),
(145, 73, 3, 100, 100, 65.00, 6500.00, NULL, NULL, '2025-09-09 20:02:39', '2025-09-09 20:02:53', '2025-09-09', '1', 'Requested by: clerkgwapings\nall good', 'Received', 139, NULL, 0),
(146, 105, 6, 100, 100, 80.00, 8000.00, '15', '2027-12-10', '2025-09-10 18:31:21', '2025-09-10 18:32:07', '2025-09-10', '1', 'Requested by: clerkgwapings - okay\nOkay good', 'Received', 142, NULL, 0),
(147, 107, 9, 30, 30, 25.00, 750.00, NULL, NULL, '2025-09-13 03:57:36', '2025-09-13 03:59:34', '2025-09-12', '3', 'Requested by: clerkgwapings\nokay good', 'Received', 143, NULL, 0),
(148, 107, 9, 200, 200, 25.00, 5000.00, NULL, NULL, '2025-09-13 04:18:25', '2025-09-13 04:18:37', '2025-09-12', '3', 'Requested by: clerkgwapings\nqweq', 'Received', 144, NULL, 0),
(149, 104, 6, 35, 0, 25.00, 0.00, NULL, NULL, '2025-09-13 14:44:21', '2025-09-13 14:44:21', '2025-09-13', '1', 'Good items received - ', 'Received', 145, NULL, 0),
(150, 104, 6, 3, 0, 25.00, 0.00, NULL, NULL, '2025-09-13 14:44:21', '2025-09-13 14:44:21', '2025-09-13', NULL, 'Replacement for Return #37 (damaged)', '', 145, NULL, 0),
(151, 104, 6, 35, 0, 25.00, 0.00, NULL, NULL, '2025-09-13 14:44:39', '2025-09-13 14:44:39', '2025-09-13', '1', 'Good items received - ', 'Received', 145, NULL, 0),
(152, 104, 6, 3, 0, 25.00, 0.00, NULL, NULL, '2025-09-13 14:44:39', '2025-09-13 14:44:39', '2025-09-13', NULL, 'Replacement for Return #39 (damaged)', '', 145, NULL, 0),
(153, 104, 1, 45, 0, 25.00, 0.00, '', '0000-00-00', '2025-09-13 15:03:11', '2025-09-13 15:03:11', '2025-09-13', '1', 'Good items received - kulang', 'Received', 145, NULL, 0),
(154, 104, 1, 3, 0, 25.00, 0.00, NULL, NULL, '2025-09-13 15:03:11', '2025-09-13 15:03:11', '2025-09-13', NULL, 'Replacement for Return #41 (damaged)', '', 145, NULL, 0),
(155, 104, 1, 2, 0, 25.00, 0.00, NULL, NULL, '2025-09-13 15:03:11', '2025-09-13 15:03:11', '2025-09-13', NULL, 'Replacement for Return #42 (expired)', '', 145, NULL, 0),
(156, 101, 1, 1, 0, 50.00, 0.00, NULL, NULL, '2025-09-13 15:26:53', '2025-09-13 15:26:53', '2025-09-13', '1', 'Good items received - ', 'Received', 135, NULL, 0),
(159, 73, 3, 1, 0, 65.00, 0.00, NULL, NULL, '2025-09-13 15:37:03', '2025-09-13 15:37:03', '2025-09-13', '', 'Good items received (pending approval) - ', 'Pending', 134, NULL, 0),
(160, 90, 4, 1, 0, 170.00, 0.00, NULL, NULL, '2025-09-13 15:37:03', '2025-09-13 15:37:21', '2025-09-13', '3', 'Good items received (pending approval) - \nqwe', 'Received', 134, NULL, 0),
(161, 71, 5, 1, 0, 45.00, 0.00, NULL, NULL, '2025-09-13 16:53:48', '2025-09-13 16:53:48', '2025-09-13', '', 'Good items received (pending approval) - ', 'Pending', 133, NULL, 0),
(162, 94, 1, 1, 0, 55.00, 0.00, NULL, NULL, '2025-09-13 17:09:52', '2025-09-13 17:09:52', '2025-09-13', '', 'Good items received (pending approval) - ', 'Pending', 131, NULL, 0),
(163, 100, 3, 1, 0, 34.00, 0.00, NULL, NULL, '2025-09-13 17:09:52', '2025-09-14 05:18:07', '2025-09-13', '3', 'Good items received (pending approval) - \nqwe', 'Received', 131, NULL, 0),
(164, 102, 2, 1, 0, 120.00, 0.00, NULL, NULL, '2025-09-13 17:09:52', '2025-09-13 17:09:52', '2025-09-13', NULL, 'Replacement for Return #51 (damaged)', '', 131, NULL, 0),
(165, 103, 2, 1, 0, 40.00, 0.00, NULL, NULL, '2025-09-13 17:09:52', '2025-09-13 17:09:52', '2025-09-13', NULL, 'Replacement for Return #52 (damaged)', '', 131, NULL, 0),
(166, 103, 2, 1, 0, 40.00, 0.00, NULL, NULL, '2025-09-13 17:38:51', '2025-09-13 17:38:51', '2025-09-13', NULL, 'Replacement for Return #53 (damaged)', '', 146, NULL, 0),
(167, 103, 2, 1, 1, 40.00, 40.00, NULL, NULL, '2025-09-13 17:40:07', '2025-09-13 17:40:21', '2025-09-13', '3', 'Requested by: clerkgwapings\nqwe', 'Received', 147, NULL, 0),
(168, 70, 5, 1, 0, 15.00, 0.00, NULL, NULL, '2025-09-14 15:45:31', '2025-09-14 15:45:31', '2025-09-14', '3', 'Good items received - ', 'Received', 124, NULL, 0),
(169, 71, 5, 1, 0, 45.00, 0.00, NULL, NULL, '2025-09-14 15:45:31', '2025-09-14 15:45:31', '2025-09-14', '3', 'Good items received - ', 'Received', 124, NULL, 0),
(170, 89, 3, 1, 0, 80.00, 0.00, NULL, NULL, '2025-09-14 15:45:31', '2025-09-14 15:45:31', '2025-09-14', '3', 'Good items received - ', 'Received', 124, NULL, 0),
(171, 91, 2, 1, 0, 100.00, 0.00, NULL, NULL, '2025-09-14 15:45:31', '2025-09-14 15:45:31', '2025-09-14', '3', 'Good items received - ', 'Received', 124, NULL, 0),
(172, 97, 6, 1, 0, 89.00, 0.00, NULL, NULL, '2025-09-14 15:45:31', '2025-09-14 15:45:31', '2025-09-14', '3', 'Good items received - ', 'Received', 124, NULL, 0),
(173, 103, 2, 1, 0, 40.00, 0.00, NULL, NULL, '2025-09-14 17:36:00', '2025-09-14 17:36:00', '2025-09-14', '3', 'Good items received - ', 'Received', 154, NULL, 0),
(174, 103, 2, 11, 11, 40.00, 440.00, NULL, NULL, '2025-09-14 17:43:17', '2025-09-14 17:43:17', '2025-09-14', '3', '', 'Received', 156, NULL, 0),
(175, 103, 2, 1, 1, 40.00, 40.00, NULL, NULL, '2025-09-14 17:44:07', '2025-09-14 17:44:07', '2025-09-14', '3', '', 'Received', 155, NULL, 0),
(176, 99, 6, 1, 0, 15.00, 0.00, NULL, NULL, '2025-09-14 17:50:55', '2025-09-14 17:50:55', '2025-09-14', '3', 'Good items received - ', 'Received', 157, NULL, 0),
(177, 100, 3, 1, 0, 34.00, 0.00, NULL, NULL, '2025-09-14 17:50:55', '2025-09-14 17:50:55', '2025-09-14', '3', 'Good items received - ', 'Received', 157, NULL, 0),
(178, 69, 0, 2, 0, 70.00, 0.00, NULL, NULL, '2025-09-14 18:11:49', '2025-09-14 18:11:49', '2025-09-14', '', 'Good items received (pending approval) - ', 'Pending', 158, NULL, 0),
(179, 73, 3, 2, 0, 65.00, 0.00, NULL, NULL, '2025-09-14 18:11:49', '2025-09-14 18:12:14', '2025-09-14', '3', 'Good items received (pending approval) - \nwew', 'Received', 158, NULL, 0),
(180, 105, 6, 10, 0, 80.00, 0.00, NULL, NULL, '2025-09-14 18:19:26', '2025-09-14 18:20:12', '2025-09-14', '3', 'Good items received (pending approval) - \nqweq', 'Received', 153, NULL, 0),
(181, 105, 6, 15, 0, 80.00, 0.00, NULL, NULL, '2025-09-14 19:04:30', '2025-09-14 19:04:30', '2025-09-14', '', 'Good items received (pending approval) - ', 'Pending', 152, NULL, 0),
(182, 108, 5, 25, 0, 30.00, 0.00, NULL, NULL, '2025-09-14 19:13:01', '2025-09-14 19:13:01', '2025-09-14', '', 'Good items received (pending approval) - ', 'Pending', 151, NULL, 0),
(183, 105, 6, 15, 0, 80.00, 0.00, NULL, NULL, '2025-09-14 20:35:11', '2025-09-14 20:35:11', '2025-09-14', '', 'Good items received (pending approval) - ', 'Pending', 148, NULL, 0),
(184, 100, 3, 1, 0, 34.00, 0.00, NULL, NULL, '2025-09-14 20:52:29', '2025-09-14 20:52:29', '2025-09-14', '', 'Good items received (pending approval) - ', 'Pending', 130, NULL, 0),
(187, 109, 8, 125, 0, 25.00, 0.00, NULL, NULL, '2025-09-14 21:05:33', '2025-09-15 03:57:05', '2025-09-14', '3', 'Good items received (pending approval) -  | Approved: wew', 'Received', 150, NULL, 0),
(188, 109, 8, 110, 0, 25.00, 0.00, NULL, NULL, '2025-09-14 21:45:02', '2025-09-14 21:46:56', '2025-09-14', '3', 'Good items received (pending approval) - \nww', 'Received', 149, NULL, 0),
(189, 109, 8, 20, 0, 25.00, 0.00, NULL, NULL, '2025-09-14 21:46:39', '2025-09-14 21:46:49', '2025-09-14', '3', 'Good items received (pending approval) - \nqwe', 'Received', 159, NULL, 0),
(190, 102, 2, 65, 0, 120.00, 0.00, NULL, NULL, '2025-09-14 22:33:36', '2025-09-15 03:56:20', '2025-09-14', '3', 'Good items received (pending approval) -  | Approved: qewq', 'Received', 160, NULL, 0),
(191, 103, 2, 15, 0, 40.00, 0.00, NULL, NULL, '2025-09-14 22:41:37', '2025-09-15 03:48:04', '2025-09-14', 'System', 'Good items received (pending approval) -  | Approved: qweq', 'Received', 162, NULL, 0),
(192, 104, 6, 15, 0, 25.00, 0.00, NULL, NULL, '2025-09-14 22:50:43', '2025-09-15 01:55:25', '2025-09-14', 'manager1(Manager)', 'Good items received (pending approval) -  | Approved: qe', 'Received', 161, NULL, 0),
(193, 108, 5, 40, 0, 30.00, 0.00, NULL, NULL, '2025-09-14 23:00:01', '2025-09-15 03:47:56', '2025-09-14', 'System', 'Good items received (pending approval) -  | Approved: yes good', 'Received', 163, NULL, 0),
(194, 108, 5, 10, 10, 30.00, 300.00, NULL, NULL, '2025-09-14 23:01:05', '2025-09-14 23:01:20', '2025-09-14', '3', 'Requested by: clerkgwapings\nwew', 'Received', 164, NULL, 0),
(195, 108, 5, 35, 0, 30.00, 0.00, NULL, NULL, '2025-09-14 23:45:23', '2025-09-15 01:55:08', '2025-09-14', 'manager1(Manager)', 'Good items received (pending approval) -  | Approved: qweq', 'Received', 165, NULL, 0),
(196, 105, 6, 5, 0, 80.00, 0.00, NULL, NULL, '2025-09-14 23:46:58', '2025-09-15 01:50:44', '2025-09-14', 'System', 'Good items received (pending approval) -  | Approved: wewe', 'Received', 166, NULL, 0),
(197, 106, 9, 5, 0, 400.00, 0.00, NULL, NULL, '2025-09-15 00:02:25', '2025-09-15 01:49:23', '2025-09-14', 'System', 'Good items received (pending approval) -  | Approved: qwe', 'Received', 167, NULL, 0),
(198, 92, 2, 2, 0, 350.00, 0.00, NULL, NULL, '2025-09-15 00:04:12', '2025-09-15 01:54:05', '2025-09-14', 'admin(Admin)', 'Good items received (pending approval) - \nwqe | Approved: Test approval | Approved: Test approval | Approved: Test approval | Approved: Test approval | Approved: Test approval with user', 'Received', 168, NULL, 0),
(199, 108, 5, 10, 0, 30.00, 0.00, NULL, NULL, '2025-09-15 02:03:46', '2025-09-15 02:51:30', '2025-09-14', 'System', 'Good items received (pending approval) -  | Approved: qweq', 'Received', 169, NULL, 0),
(200, 108, 5, 5, 0, 30.00, 0.00, NULL, NULL, '2025-09-15 02:41:16', '2025-09-15 02:41:16', '2025-09-14', '3', 'Good items received - ', 'Received', 171, NULL, 0),
(201, 108, 5, 5, 0, 30.00, 150.00, NULL, NULL, '2025-09-15 02:44:53', '2025-09-15 02:44:53', '2025-09-14', '3', '', 'Received', 172, NULL, 0),
(202, 108, 5, 30, 0, 30.00, 0.00, NULL, NULL, '2025-09-15 02:47:42', '2025-09-15 02:47:57', '2025-09-14', 'System', 'Good items received (pending approval) -  | Approved: qwe', 'Received', 173, NULL, 0),
(203, 108, 5, 10, 0, 30.00, 300.00, NULL, NULL, '2025-09-15 02:53:10', '2025-09-15 02:53:31', '2025-09-14', 'System', ' | Approved: wew', 'Received', 174, NULL, 0),
(204, 109, 8, 5, 0, 25.00, 0.00, NULL, NULL, '2025-09-15 02:56:30', '2025-09-15 03:26:34', '2025-09-14', 'System', 'Good items received (pending approval) -  | Approved: WEW', 'Received', 175, NULL, 0),
(205, 108, 5, 10, 0, 30.00, 300.00, NULL, NULL, '2025-09-15 03:43:15', '2025-09-15 03:44:03', '2025-09-14', 'System', ' | Approved: wew', 'Received', 176, NULL, 0),
(206, 108, 5, 1, 0, 30.00, 0.00, NULL, NULL, '2025-09-15 03:58:18', '2025-09-15 03:58:41', '2025-09-14', '3', 'Good items received (pending approval) -  | Approved: qwe', 'Received', 177, NULL, 0),
(207, 108, 5, 1, 0, 30.00, 30.00, NULL, NULL, '2025-09-15 03:59:07', '2025-09-15 03:59:07', '2025-09-14', '3', '', 'Received', 178, NULL, 0),
(208, 108, 5, 3, 0, 30.00, 0.00, NULL, NULL, '2025-09-15 04:00:41', '2025-09-15 04:00:41', '2025-09-14', '', 'Good items received (pending approval) - ', 'Pending', 179, NULL, 0),
(209, 105, 6, 5, 0, 80.00, 0.00, NULL, NULL, '2025-09-15 04:01:41', '2025-09-15 04:01:41', '2025-09-14', '3', 'Good items received - ', 'Received', 180, NULL, 0),
(210, 105, 6, 3, 0, 80.00, 0.00, NULL, NULL, '2025-09-15 04:03:49', '2025-09-15 04:04:26', '2025-09-14', '3', 'Good items received (pending approval) -  | Approved: qweq', 'Received', 181, NULL, 0),
(211, 105, 6, 2, 0, 80.00, 160.00, NULL, NULL, '2025-09-15 04:05:10', '2025-09-15 04:05:28', '2025-09-14', '3', ' | Approved: qwe', 'Received', 182, NULL, 0),
(212, 109, 8, 10, 0, 25.00, 0.00, NULL, NULL, '2025-09-19 18:44:41', '2025-09-19 18:45:03', '2025-09-19', '3', 'Good items received (pending approval) -  | Approved: okay', 'Received', 183, NULL, 0),
(213, 109, 8, 5, 0, 25.00, 0.00, NULL, NULL, '2025-09-19 18:45:58', '2025-09-19 18:46:30', '2025-09-19', '3', 'Good items received (pending approval) -  | Approved: qweq', 'Received', 186, NULL, 0),
(214, 109, 8, 5, 0, 25.00, 0.00, NULL, NULL, '2025-09-19 18:46:18', '2025-09-19 18:46:28', '2025-09-19', '3', 'Good items received (pending approval) -  | Approved: qwe', 'Received', 185, NULL, 0);

-- --------------------------------------------------------

--
-- Table structure for table `stock_movements`
--

CREATE TABLE `stock_movements` (
  `Transaction_ID` int(11) NOT NULL,
  `Product_ID` int(11) DEFAULT NULL,
  `Movement_type` enum('PURCHASE_RECEIPT','SALE','RETURN','ADJUSTMENT_IN','ADJUSTMENT_OUT','DAMAGE','TRANSFER_IN','TRANSFER_OUT') NOT NULL,
  `Quantity` int(11) DEFAULT NULL,
  `Reference_ID` int(11) DEFAULT NULL,
  `Performed_by` int(11) DEFAULT NULL,
  `Updated_at` datetime DEFAULT NULL,
  `Source_Table` varchar(100) DEFAULT NULL,
  `Terminal_ID` int(11) DEFAULT NULL,
  `Timestamp` datetime DEFAULT NULL
) ENGINE=InnoDB DEFAULT CHARSET=utf8mb4 COLLATE=utf8mb4_general_ci;

--
-- Dumping data for table `stock_movements`
--

INSERT INTO `stock_movements` (`Transaction_ID`, `Product_ID`, `Movement_type`, `Quantity`, `Reference_ID`, `Performed_by`, `Updated_at`, `Source_Table`, `Terminal_ID`, `Timestamp`) VALUES
(1, 1, '', 100, NULL, NULL, '2025-08-09 17:36:09', 'Initial', NULL, '2025-08-09 17:36:09'),
(2, 2, '', 78, NULL, NULL, '2025-08-09 17:57:57', 'Initial', NULL, '2025-08-09 17:57:57'),
(3, 2, 'SALE', 1, 2, 1, '2025-08-09 18:10:40', 'Sale.create', 1, '2025-08-09 18:10:40'),
(4, 1, 'SALE', 1, 2, 1, '2025-08-09 18:10:40', 'Sale.create', 1, '2025-08-09 18:10:40'),
(5, 2, 'SALE', 1, 3, 1, '2025-08-09 18:46:27', 'Sale.create', 1, '2025-08-09 18:46:27'),
(6, 1, 'SALE', 1, 3, 1, '2025-08-09 18:46:27', 'Sale.create', 1, '2025-08-09 18:46:27'),
(7, 2, 'SALE', 2, 4, 1, '2025-08-09 18:46:40', 'Sale.create', 1, '2025-08-09 18:46:40'),
(8, 1, 'SALE', 2, 4, 1, '2025-08-09 18:46:40', 'Sale.create', 1, '2025-08-09 18:46:40'),
(9, 2, 'SALE', 1, 5, 1, '2025-08-10 17:52:08', 'Sale.create', 1, '2025-08-10 17:52:08'),
(10, 1, 'SALE', 1, 5, 1, '2025-08-10 17:52:08', 'Sale.create', 1, '2025-08-10 17:52:08'),
(11, 2, 'SALE', 1, 6, 1, '2025-08-11 01:54:55', 'Sale.create', 1, '2025-08-11 01:54:55'),
(12, 1, 'SALE', 1, 6, 1, '2025-08-11 01:54:55', 'Sale.create', 1, '2025-08-11 01:54:55'),
(13, 3, '', 30, NULL, NULL, '2025-08-11 02:20:36', 'Initial', NULL, '2025-08-11 02:20:36'),
(14, 3, 'SALE', 1, 7, 1, '2025-08-11 23:51:17', 'Sale.create', 1, '2025-08-11 23:51:17'),
(15, 2, 'SALE', 2, 8, 1, '2025-08-11 23:58:09', 'Sale.create', 1, '2025-08-11 23:58:09'),
(16, 1, 'SALE', 2, 8, 1, '2025-08-11 23:58:09', 'Sale.create', 1, '2025-08-11 23:58:09'),
(17, 3, 'SALE', 2, 8, 1, '2025-08-11 23:58:09', 'Sale.create', 1, '2025-08-11 23:58:09'),
(18, 2, 'SALE', 2, 9, 1, '2025-08-12 00:14:55', 'Sale.create', 1, '2025-08-12 00:14:55'),
(19, 2, 'SALE', 1, 10, 1, '2025-08-12 00:30:12', 'Sale.create', 1, '2025-08-12 00:30:12'),
(20, 4, '', 35, NULL, NULL, '2025-08-12 00:54:31', 'Initial', NULL, '2025-08-12 00:54:31'),
(21, 4, 'PURCHASE_RECEIPT', 5, 35, 1, '2025-08-12 06:14:01', 'purchase_order', NULL, '2025-08-12 06:14:01'),
(22, 3, 'PURCHASE_RECEIPT', 3, 38, 1, '2025-08-12 06:16:17', 'purchase_order', NULL, '2025-08-12 06:16:17'),
(26, 8, '', 30, NULL, NULL, '2025-08-13 03:03:46', 'Initial', NULL, '2025-08-13 03:03:46'),
(27, 8, 'SALE', 2, 11, 1, '2025-08-13 03:06:27', 'Sale.create', 1, '2025-08-13 03:06:27'),
(28, 8, 'ADJUSTMENT_OUT', 3, 2, 3, NULL, 'Manual_Adjustments', 3, '2025-08-25 16:20:21'),
(29, 8, 'SALE', 2, 12, 1, '2025-08-25 16:33:40', 'Sale.create', 1, '2025-08-25 16:33:40'),
(30, 69, '', 60, NULL, 3, '2025-08-25 17:34:14', 'Inventory', NULL, '2025-08-25 17:34:14'),
(31, 69, '', 30, NULL, 3, '2025-08-25 17:34:14', 'Product', NULL, '2025-08-25 17:34:14'),
(32, 69, 'SALE', 2, 13, 1, '2025-08-25 17:53:32', 'Sale.create', 1, '2025-08-25 17:53:32'),
(33, 8, 'SALE', 3, 14, 1, '2025-08-27 13:51:49', 'Sale.create', 1, '2025-08-27 13:51:49'),
(34, 69, '', 40, 18, 1, '2025-08-27 14:16:54', 'Auto-replenish display stock for Coke', 1, '2025-08-27 14:16:54'),
(35, 69, '', 40, 19, 1, '2025-08-27 14:17:40', 'Auto-replenish display stock for Coke', 1, '2025-08-27 14:17:40'),
(36, 69, 'SALE', 1, 20, 1, '2025-08-27 14:42:39', 'Sales', 1, '2025-08-27 14:42:39'),
(37, 1, 'SALE', 1, 21, 1, '2025-08-27 14:43:38', 'Sales', 1, '2025-08-27 14:43:38'),
(38, 1, 'ADJUSTMENT_OUT', 2, 5, 3, NULL, 'Manual_Adjustments', NULL, '2025-08-27 15:14:40'),
(39, 69, 'SALE', 2, 22, 1, '2025-08-27 19:05:29', 'Sales', 1, '2025-08-27 19:05:29'),
(42, 3, '', 5, 43, 1, NULL, 'stockin_inventory', NULL, '2025-08-29 19:43:35'),
(43, 4, '', 5, 44, 1, NULL, 'stockin_inventory', NULL, '2025-08-29 19:43:35'),
(44, 2, 'ADJUSTMENT_OUT', 2, 6, 3, NULL, 'Manual_Adjustments', 3, '2025-08-29 19:44:34'),
(45, 69, 'ADJUSTMENT_IN', 5, 7, 2, NULL, 'Manual_Adjustments', 3, '2025-08-29 19:46:38'),
(46, 8, '', 5, 45, 1, NULL, 'stockin_inventory', NULL, '2025-08-29 19:54:09'),
(47, 69, '', 1, 46, 1, NULL, 'stockin_inventory', NULL, '2025-08-29 19:54:09'),
(48, 2, '', 5, 47, 1, NULL, 'stockin_inventory', NULL, '2025-08-29 19:57:53'),
(49, 3, '', 5, 48, 1, NULL, 'stockin_inventory', NULL, '2025-08-29 19:57:53'),
(50, 4, '', 5, 49, 1, NULL, 'stockin_inventory', NULL, '2025-08-29 19:57:53'),
(51, 8, '', 1, 50, 1, NULL, 'stockin_inventory', NULL, '2025-08-30 14:33:12'),
(52, 8, '', 4, 51, 1, NULL, 'stockin_inventory', NULL, '2025-08-30 14:33:50'),
(60, 8, '', 3, 59, 1, '2025-08-30 15:38:38', 'stockin_inventory', 1, '2025-08-30 15:38:38'),
(61, 8, '', 0, 3, 1, '2025-08-30 15:38:38', 'supplier_return', 1, '2025-08-30 15:38:38'),
(62, 8, '', 3, 60, 1, '2025-08-30 15:43:32', 'stockin_inventory', 1, '2025-08-30 15:43:32'),
(63, 8, '', 0, 4, 1, '2025-08-30 15:43:32', 'supplier_return', 1, '2025-08-30 15:43:32'),
(75, 3, '', 5, 73, 1, '2025-08-30 17:52:49', 'stockin_inventory', 1, '2025-08-30 17:52:49'),
(76, 3, '', 0, 16, 1, '2025-08-30 17:52:49', 'supplier_return', 1, '2025-08-30 17:52:49'),
(77, 8, '', 3, 75, 1, '2025-08-30 20:20:47', 'stockin_inventory', 1, '2025-08-30 20:20:47'),
(78, 8, '', 0, 17, 1, '2025-08-30 20:20:47', 'supplier_return', 1, '2025-08-30 20:20:47'),
(79, 3, '', 3, 77, 1, '2025-08-30 20:36:03', 'stockin_inventory', 1, '2025-08-30 20:36:03'),
(80, 3, '', 0, 18, 1, '2025-08-30 20:36:03', 'supplier_return', 1, '2025-08-30 20:36:03'),
(90, 3, 'RETURN', 2, 28, 1, '2025-08-30 21:05:06', 'supplier_return', 1, '2025-08-30 21:05:06'),
(91, 3, '', 2, 79, 1, '2025-08-30 21:31:49', 'stockin_inventory', 1, '2025-08-30 21:31:49'),
(92, 1, '', 3, 80, 1, '2025-08-30 21:36:30', 'stockin_inventory', 1, '2025-08-30 21:36:30'),
(93, 1, '', 0, 29, 1, '2025-08-30 21:36:30', 'supplier_return', 1, '2025-08-30 21:36:30'),
(94, 1, 'RETURN', 2, 30, 1, '2025-08-30 21:37:31', 'supplier_return', 1, '2025-08-30 21:37:31'),
(95, 1, 'ADJUSTMENT_IN', 2, 30, 1, '2025-08-30 21:37:51', 'supplier_return', 1, '2025-08-30 21:37:51'),
(96, 1, 'RETURN', 2, 31, 1, '2025-08-30 21:39:19', 'supplier_return', 1, '2025-08-30 21:39:19'),
(97, 1, '', 2, 82, 1, '2025-08-30 21:39:54', 'stockin_inventory', 1, '2025-08-30 21:39:54'),
(98, 1, '', 3, 83, 1, '2025-08-31 16:04:17', 'stockin_inventory', 1, '2025-08-31 16:04:17'),
(99, 1, '', 0, 32, 1, '2025-08-31 16:04:17', 'supplier_return', 1, '2025-08-31 16:04:17'),
(100, 3, '', 3, 84, 1, '2025-08-31 16:36:42', 'stockin_inventory', 1, '2025-08-31 16:36:42'),
(101, 3, '', 0, 33, 1, '2025-08-31 16:36:42', 'supplier_return', 1, '2025-08-31 16:36:42'),
(102, 3, '', 2, 85, 1, '2025-08-31 16:51:03', 'stockin_inventory', 1, '2025-08-31 16:51:03'),
(103, 70, '', 50, NULL, 3, '2025-08-31 17:16:54', 'Inventory', NULL, '2025-08-31 17:16:54'),
(104, 70, '', 50, NULL, 3, '2025-08-31 17:16:54', 'Product', NULL, '2025-08-31 17:16:54'),
(105, 71, '', 50, NULL, 3, '2025-08-31 17:53:07', 'Inventory', NULL, '2025-08-31 17:53:07'),
(106, 71, '', 50, NULL, 3, '2025-08-31 17:53:07', 'Product', NULL, '2025-08-31 17:53:07'),
(119, 70, '', 5, NULL, 1, '2025-08-31 21:24:39', 'transfer_stock', NULL, '2025-08-31 21:24:39'),
(120, 69, '', 5, NULL, 1, '2025-08-31 21:24:56', 'transfer_stock', NULL, '2025-08-31 21:24:56'),
(121, 72, '', 5, NULL, 3, '2025-08-31 21:30:08', 'Inventory', NULL, '2025-08-31 21:30:08'),
(122, 72, '', 5, NULL, 3, '2025-08-31 21:30:08', 'Product', NULL, '2025-08-31 21:30:08'),
(123, 70, 'SALE', 5, 23, 1, '2025-08-31 21:53:48', 'Sales', 1, '2025-08-31 21:53:48'),
(124, 73, '', 1, NULL, 3, '2025-09-02 00:51:17', 'Inventory', NULL, '2025-09-02 00:51:17'),
(125, 73, '', 1, NULL, 3, '2025-09-02 00:51:17', 'Product', NULL, '2025-09-02 00:51:17'),
(126, 0, '', 30, NULL, 3, '2025-09-02 09:58:33', 'Inventory', NULL, '2025-09-02 09:58:33'),
(127, 0, '', 3, NULL, 3, '2025-09-02 09:58:33', 'Product', NULL, '2025-09-02 09:58:33'),
(128, 85, '', 30, NULL, 2, '2025-09-02 10:02:29', 'Inventory', NULL, '2025-09-02 10:02:29'),
(129, 85, '', 2, NULL, 2, '2025-09-02 10:02:29', 'Product', NULL, '2025-09-02 10:02:29'),
(130, 86, '', 50, 86, 3, '2025-09-02 19:02:03', 'Inventory', NULL, '2025-09-02 19:02:03'),
(131, 86, '', 5, 86, 3, '2025-09-02 19:02:03', 'Product', NULL, '2025-09-02 19:02:03'),
(132, 87, '', 30, 87, 3, '2025-09-02 19:57:59', 'Inventory', NULL, '2025-09-02 19:57:59'),
(133, 87, '', 3, 87, 3, '2025-09-02 19:57:59', 'Product', NULL, '2025-09-02 19:57:59'),
(215, 88, '', 30, 88, 2, '2025-09-02 20:00:30', 'Inventory', NULL, '2025-09-02 20:00:30'),
(216, 88, '', 3, 88, 2, '2025-09-02 20:00:30', 'Product', NULL, '2025-09-02 20:00:30'),
(217, 70, 'ADJUSTMENT_OUT', 5, 0, 2, NULL, 'Manual_Adjustments', 3, '2025-09-02 20:08:43'),
(218, 70, '', 10, NULL, 1, '2025-09-02 20:18:41', 'transfer_stock', NULL, '2025-09-02 20:18:41'),
(219, 88, '', 5, NULL, 1, '2025-09-02 20:27:42', 'transfer_stock', NULL, '2025-09-02 20:27:42'),
(220, 72, '', 30, 86, 1, '2025-09-02 20:29:40', 'stockin_inventory', 1, '2025-09-02 20:29:40'),
(221, 73, '', 25, 87, 1, '2025-09-02 20:29:40', 'stockin_inventory', 1, '2025-09-02 20:29:40'),
(222, 73, '', 0, 35, 1, '2025-09-02 20:29:40', 'supplier_return', 1, '2025-09-02 20:29:40'),
(223, 73, 'RETURN', 5, 36, 1, '2025-09-02 20:32:25', 'supplier_return', 1, '2025-09-02 20:32:25'),
(224, 73, '', 5, 89, 1, '2025-09-02 20:38:31', 'stockin_inventory', 1, '2025-09-02 20:38:31'),
(225, 89, '', 30, 89, 3, '2025-09-02 20:41:34', 'Inventory', NULL, '2025-09-02 20:41:34'),
(226, 89, '', 20, 89, 3, '2025-09-02 20:41:34', 'Product', NULL, '2025-09-02 20:41:34'),
(227, 90, '', 30, 90, 3, '2025-09-02 20:50:37', 'Inventory', NULL, '2025-09-02 20:50:37'),
(228, 90, '', 3, 90, 3, '2025-09-02 20:50:37', 'Product', NULL, '2025-09-02 20:50:37'),
(229, 90, '', 2, 90, 1, '2025-09-02 23:36:35', 'stockin_inventory', 1, '2025-09-02 23:36:35'),
(230, 90, '', 1, 91, 1, '2025-09-02 23:36:44', 'stockin_inventory', 1, '2025-09-02 23:36:44'),
(231, 91, '', 50, 91, 3, '2025-09-02 23:47:44', 'Inventory', NULL, '2025-09-02 23:47:44'),
(232, 91, '', 50, 91, 3, '2025-09-02 23:47:44', 'Product', NULL, '2025-09-02 23:47:44'),
(233, 91, '', 5, NULL, 1, '2025-09-02 23:52:00', 'transfer_stock', NULL, '2025-09-02 23:52:00'),
(234, 92, 'ADJUSTMENT_IN', 30, 92, 4, '2025-09-02 23:54:15', 'Inventory', NULL, '2025-09-02 23:54:15'),
(235, 92, 'ADJUSTMENT_IN', 30, 92, 4, '2025-09-02 23:54:15', 'Product', NULL, '2025-09-02 23:54:15'),
(236, 69, 'ADJUSTMENT_IN', 4, 15, 3, NULL, 'Manual_Adjustments', NULL, '2025-09-02 23:59:22'),
(237, 92, '', 5, NULL, 1, '2025-09-03 00:00:50', 'transfer_stock', NULL, '2025-09-03 00:00:50'),
(238, 93, 'ADJUSTMENT_IN', 30, 93, 3, '2025-09-03 00:23:06', 'Inventory', NULL, '2025-09-03 00:23:06'),
(239, 93, 'ADJUSTMENT_IN', 30, 93, 3, '2025-09-03 00:23:06', 'Product', NULL, '2025-09-03 00:23:06'),
(240, 93, '', 4, NULL, 1, '2025-09-03 00:23:27', 'transfer_stock', NULL, '2025-09-03 00:23:27'),
(241, 93, 'SALE', 2, 0, 1, '2025-09-03 00:25:48', 'Sales', 1, '2025-09-03 00:25:48'),
(242, 93, '', 5, NULL, 1, '2025-09-03 00:30:33', 'transfer_stock', NULL, '2025-09-03 00:30:33'),
(243, 93, 'TRANSFER_IN', 5, 93, 1, '2025-09-03 00:30:33', 'transfer_stock', 0, '2025-09-03 00:30:33'),
(244, 92, '', 4, NULL, 1, '2025-09-03 00:30:52', 'transfer_stock', NULL, '2025-09-03 00:30:52'),
(245, 92, 'TRANSFER_IN', 4, 92, 1, '2025-09-03 00:30:52', 'transfer_stock', 0, '2025-09-03 00:30:52'),
(246, 72, '', 3, NULL, 1, '2025-09-03 00:31:43', 'transfer_stock', NULL, '2025-09-03 00:31:43'),
(247, 72, 'TRANSFER_IN', 3, 72, 1, '2025-09-03 00:31:43', 'transfer_stock', 0, '2025-09-03 00:31:43'),
(248, 93, '', 3, NULL, 1, '2025-09-03 00:34:48', 'transfer_stock', NULL, '2025-09-03 00:34:48'),
(249, 93, 'TRANSFER_IN', 3, 93, 1, '2025-09-03 00:34:48', 'transfer_stock', 0, '2025-09-03 00:34:48'),
(250, 71, '', 10, NULL, 1, '2025-09-03 00:35:25', 'transfer_stock', NULL, '2025-09-03 00:35:25'),
(251, 71, 'TRANSFER_IN', 10, 71, 1, '2025-09-03 00:35:25', 'transfer_stock', 0, '2025-09-03 00:35:25'),
(252, 90, '', 10, NULL, 1, '2025-09-03 00:36:56', 'transfer_stock', NULL, '2025-09-03 00:36:56'),
(253, 90, 'TRANSFER_IN', 10, 90, 1, '2025-09-03 00:36:56', 'transfer_stock', 0, '2025-09-03 00:36:56'),
(254, 93, 'TRANSFER_OUT', 5, NULL, 1, '2025-09-03 00:40:31', 'transfer_stock', NULL, '2025-09-03 00:40:31'),
(255, 93, 'TRANSFER_IN', 5, 93, 1, '2025-09-03 00:40:31', 'transfer_stock', 0, '2025-09-03 00:40:31'),
(256, 91, '', 1, 92, 1, '2025-09-03 00:42:04', 'stockin_inventory', 1, '2025-09-03 00:42:04'),
(257, 92, '', 1, 93, 1, '2025-09-03 00:42:04', 'stockin_inventory', 1, '2025-09-03 00:42:04'),
(258, 73, 'PURCHASE_RECEIPT', 6, 94, 1, '2025-09-03 00:54:25', 'stockin_inventory', 1, '2025-09-03 00:54:25'),
(259, 89, 'PURCHASE_RECEIPT', 3, 95, 1, '2025-09-03 00:54:25', 'stockin_inventory', 1, '2025-09-03 00:54:25'),
(260, 91, 'PURCHASE_RECEIPT', 5, 96, 1, '2025-09-03 01:27:40', 'stockin_inventory', 1, '2025-09-03 01:27:40'),
(261, 92, 'PURCHASE_RECEIPT', 1, 97, 1, '2025-09-03 01:27:40', 'stockin_inventory', 1, '2025-09-03 01:27:40'),
(262, 70, 'PURCHASE_RECEIPT', 2, 98, 1, '2025-09-03 01:37:40', 'stockin_inventory', 1, '2025-09-03 01:37:40'),
(263, 71, 'PURCHASE_RECEIPT', 2, 99, 1, '2025-09-03 01:37:40', 'stockin_inventory', 1, '2025-09-03 01:37:40'),
(264, 70, 'PURCHASE_RECEIPT', 4, 100, 1, '2025-09-03 02:19:01', 'stockin_inventory', NULL, '2025-09-03 02:19:01'),
(265, 71, 'PURCHASE_RECEIPT', 4, 101, 1, '2025-09-03 02:19:01', 'stockin_inventory', NULL, '2025-09-03 02:19:01'),
(266, 90, 'PURCHASE_RECEIPT', 3, 102, 1, '2025-09-03 02:23:51', 'stockin_inventory', NULL, '2025-09-03 02:23:51'),
(267, 91, 'PURCHASE_RECEIPT', 3, 103, 1, '2025-09-03 02:24:54', 'stockin_inventory', NULL, '2025-09-03 02:24:54'),
(268, 92, 'PURCHASE_RECEIPT', 1, 104, 1, '2025-09-03 02:24:54', 'stockin_inventory', NULL, '2025-09-03 02:24:54'),
(269, 70, 'PURCHASE_RECEIPT', 2, 105, 1, '2025-09-03 02:27:58', 'stockin_inventory', NULL, '2025-09-03 02:27:58'),
(270, 71, 'PURCHASE_RECEIPT', 2, 106, 1, '2025-09-03 02:27:58', 'stockin_inventory', NULL, '2025-09-03 02:27:58'),
(271, 73, 'PURCHASE_RECEIPT', 1, 107, 1, '2025-09-03 02:36:38', 'stockin_inventory', NULL, '2025-09-03 02:36:38'),
(272, 89, 'PURCHASE_RECEIPT', 1, 108, 1, '2025-09-03 02:36:38', 'stockin_inventory', NULL, '2025-09-03 02:36:38'),
(273, 92, 'PURCHASE_RECEIPT', 1, 109, 1, '2025-09-03 03:04:15', 'stockin_inventory', NULL, '2025-09-03 03:04:15'),
(274, 93, 'ADJUSTMENT_IN', 2, 16, 3, NULL, 'Manual_Adjustments', 3, '2025-09-03 03:05:26'),
(275, 94, '', 30, 94, 3, '2025-09-03 03:20:49', 'Inventory', NULL, '2025-09-03 03:20:49'),
(276, 94, '', 20, 94, 3, '2025-09-03 03:20:49', 'Product', NULL, '2025-09-03 03:20:49'),
(277, 94, 'PURCHASE_RECEIPT', 1, 110, 1, '2025-09-03 03:23:18', 'stockin_inventory', NULL, '2025-09-03 03:23:18'),
(278, 94, 'SALE', 1, 0, 1, '2025-09-03 03:34:16', 'Sales', 1, '2025-09-03 03:34:16'),
(279, 94, 'TRANSFER_OUT', 4, NULL, 1, '2025-09-03 03:37:08', 'transfer_stock', NULL, '2025-09-03 03:37:08'),
(280, 94, 'TRANSFER_IN', 4, 94, 1, '2025-09-03 03:37:08', 'transfer_stock', 0, '2025-09-03 03:37:08'),
(281, 95, '', 30, 95, 3, '2025-09-03 04:32:04', 'Inventory', NULL, '2025-09-03 04:32:04'),
(282, 95, '', 30, 95, 3, '2025-09-03 04:32:04', 'Product', NULL, '2025-09-03 04:32:04'),
(283, 96, 'ADJUSTMENT_IN', 40, 96, 3, '2025-09-03 04:35:48', 'Inventory', NULL, '2025-09-03 04:35:48'),
(284, 96, 'ADJUSTMENT_IN', 20, 96, 3, '2025-09-03 04:35:48', 'Product', NULL, '2025-09-03 04:35:48'),
(285, 96, 'TRANSFER_OUT', 5, NULL, 1, '2025-09-03 04:36:05', 'transfer_stock', NULL, '2025-09-03 04:36:05'),
(286, 96, 'TRANSFER_IN', 5, 96, 1, '2025-09-03 04:36:05', 'transfer_stock', 0, '2025-09-03 04:36:05'),
(287, 92, 'PURCHASE_RECEIPT', 1, 111, 1, '2025-09-03 04:37:25', 'stockin_inventory', NULL, '2025-09-03 04:37:25'),
(288, 93, 'PURCHASE_RECEIPT', 1, 112, 1, '2025-09-03 04:37:25', 'stockin_inventory', NULL, '2025-09-03 04:37:25'),
(289, 96, 'PURCHASE_RECEIPT', 1, 113, 1, '2025-09-03 04:37:25', 'stockin_inventory', NULL, '2025-09-03 04:37:25'),
(290, 96, 'TRANSFER_OUT', 5, NULL, 1, '2025-09-03 13:00:09', 'transfer_stock', NULL, '2025-09-03 13:00:09'),
(291, 96, 'TRANSFER_IN', 5, 96, 1, '2025-09-03 13:00:09', 'transfer_stock', 0, '2025-09-03 13:00:09'),
(292, 97, 'ADJUSTMENT_IN', 40, 97, 3, '2025-09-03 13:14:12', 'Inventory', NULL, '2025-09-03 13:14:12'),
(293, 97, 'ADJUSTMENT_IN', 20, 97, 3, '2025-09-03 13:14:12', 'Product', NULL, '2025-09-03 13:14:12'),
(294, 98, 'ADJUSTMENT_IN', 30, 98, 2, '2025-09-03 13:17:15', 'Inventory', NULL, '2025-09-03 13:17:15'),
(295, 98, 'ADJUSTMENT_IN', 30, 98, 2, '2025-09-03 13:17:15', 'Product', NULL, '2025-09-03 13:17:15'),
(296, 98, 'TRANSFER_OUT', 5, NULL, 1, '2025-09-03 13:19:05', 'transfer_stock', NULL, '2025-09-03 13:19:05'),
(297, 98, 'TRANSFER_IN', 5, 98, 1, '2025-09-03 13:19:05', 'transfer_stock', 0, '2025-09-03 13:19:05'),
(298, 93, 'PURCHASE_RECEIPT', 5, 114, 1, '2025-09-03 18:47:16', 'stockin_inventory', NULL, '2025-09-03 18:47:16'),
(299, 98, 'SALE', 3, 0, 1, '2025-09-03 18:48:48', 'Sales', 1, '2025-09-03 18:48:48'),
(300, 98, 'SALE', 2, 0, 1, '2025-09-03 18:51:31', 'Sales', 1, '2025-09-03 18:51:31'),
(301, 97, 'TRANSFER_OUT', 5, NULL, 1, '2025-09-03 18:52:11', 'transfer_stock', NULL, '2025-09-03 18:52:11'),
(302, 97, 'TRANSFER_IN', 5, 97, 1, '2025-09-03 18:52:11', 'transfer_stock', 0, '2025-09-03 18:52:11'),
(303, 98, 'TRANSFER_OUT', 5, NULL, 1, '2025-09-03 18:52:36', 'transfer_stock', NULL, '2025-09-03 18:52:36'),
(304, 98, 'TRANSFER_IN', 5, 98, 1, '2025-09-03 18:52:36', 'transfer_stock', 0, '2025-09-03 18:52:36'),
(305, 98, 'TRANSFER_OUT', 5, NULL, 1, '2025-09-03 20:42:54', 'transfer_stock', NULL, '2025-09-03 20:42:54'),
(306, 98, 'TRANSFER_IN', 5, 98, 1, '2025-09-03 20:42:54', 'transfer_stock', 0, '2025-09-03 20:42:54'),
(307, 98, 'SALE', 2, 0, 1, '2025-09-03 20:43:19', 'Sales', 1, '2025-09-03 20:43:19'),
(308, 98, 'TRANSFER_OUT', 3, NULL, 1, '2025-09-04 01:45:42', 'transfer_stock', NULL, '2025-09-04 01:45:42'),
(309, 98, 'TRANSFER_IN', 3, 98, 1, '2025-09-04 01:45:42', 'transfer_stock', 0, '2025-09-04 01:45:42'),
(310, 98, 'TRANSFER_OUT', 4, NULL, 1, '2025-09-04 01:53:18', 'transfer_stock', NULL, '2025-09-04 01:53:18'),
(311, 98, 'TRANSFER_IN', 4, 98, 1, '2025-09-04 01:53:18', 'transfer_stock', 0, '2025-09-04 01:53:18'),
(312, 98, 'TRANSFER_OUT', 5, NULL, 1, '2025-09-04 01:57:39', 'transfer_stock', NULL, '2025-09-04 01:57:39'),
(313, 98, 'TRANSFER_IN', 5, 98, 1, '2025-09-04 01:57:39', 'transfer_stock', 0, '2025-09-04 01:57:39'),
(314, 98, 'ADJUSTMENT_IN', 2, 17, 2, NULL, 'Manual_Adjustments', NULL, '2025-09-04 01:58:13'),
(315, 97, 'PURCHASE_RECEIPT', 2, 115, 1, '2025-09-04 01:59:28', 'stockin_inventory', NULL, '2025-09-04 01:59:28'),
(316, 99, 'ADJUSTMENT_IN', 20, 99, 3, '2025-09-04 02:00:57', 'Inventory', NULL, '2025-09-04 02:00:57'),
(317, 99, 'ADJUSTMENT_IN', 20, 99, 3, '2025-09-04 02:00:57', 'Product', NULL, '2025-09-04 02:00:57'),
(318, 8, 'TRANSFER_OUT', 30, NULL, 1, '2025-09-04 02:22:05', 'transfer_stock', NULL, '2025-09-04 02:22:05'),
(319, 8, 'TRANSFER_IN', 30, 8, 1, '2025-09-04 02:22:05', 'transfer_stock', 0, '2025-09-04 02:22:05'),
(320, 8, 'SALE', 3, 0, 1, '2025-09-04 02:22:24', 'Sales', 1, '2025-09-04 02:22:24'),
(321, 91, 'SALE', 1, 0, 1, '2025-09-04 02:36:36', 'Sales', 1, '2025-09-04 02:36:36'),
(322, 69, 'SALE', 2, 0, 1, '2025-09-04 02:36:36', 'Sales', 1, '2025-09-04 02:36:36'),
(323, 71, 'SALE', 1, 0, 1, '2025-09-04 02:36:36', 'Sales', 1, '2025-09-04 02:36:36'),
(324, 73, 'SALE', 1, 0, 1, '2025-09-04 02:36:36', 'Sales', 1, '2025-09-04 02:36:36'),
(325, 8, 'SALE', 1, 0, 1, '2025-09-04 02:36:36', 'Sales', 1, '2025-09-04 02:36:36'),
(326, 99, 'SALE', 1, 0, 1, '2025-09-04 02:36:36', 'Sales', 1, '2025-09-04 02:36:36'),
(327, 97, 'SALE', 1, 0, 1, '2025-09-04 02:36:36', 'Sales', 1, '2025-09-04 02:36:36'),
(328, 89, 'SALE', 1, 0, 1, '2025-09-04 02:36:36', 'Sales', 1, '2025-09-04 02:36:36'),
(329, 70, 'SALE', 1, 0, 1, '2025-09-04 02:36:36', 'Sales', 1, '2025-09-04 02:36:36'),
(330, 8, 'SALE', 1, 0, 1, '2025-09-04 03:48:50', 'Sales', 1, '2025-09-04 03:48:50'),
(331, 8, 'SALE', 1, 0, 1, '2025-09-04 03:49:07', 'Sales', 1, '2025-09-04 03:49:07'),
(332, 73, 'TRANSFER_OUT', 5, NULL, 1, '2025-09-04 04:55:08', 'transfer_stock', NULL, '2025-09-04 04:55:08'),
(333, 73, 'TRANSFER_IN', 5, 73, 1, '2025-09-04 04:55:08', 'transfer_stock', 0, '2025-09-04 04:55:08'),
(334, 73, 'SALE', 1, 0, 1, '2025-09-04 04:55:32', 'Sales', 1, '2025-09-04 04:55:32'),
(335, 8, 'SALE', 3, 0, 1, '2025-09-04 16:52:42', 'Sales', 1, '2025-09-04 16:52:42'),
(336, 69, 'SALE', 5, 0, 1, '2025-09-04 16:52:42', 'Sales', 1, '2025-09-04 16:52:42'),
(337, 89, 'SALE', 1, 0, 1, '2025-09-04 16:52:42', 'Sales', 1, '2025-09-04 16:52:42'),
(338, 98, 'SALE', 1, 0, 1, '2025-09-04 16:52:42', 'Sales', 1, '2025-09-04 16:52:42'),
(339, 3, 'SALE', 1, 0, 1, '2025-09-04 16:52:42', 'Sales', 1, '2025-09-04 16:52:42'),
(340, 70, 'SALE', 1, 0, 1, '2025-09-04 16:52:42', 'Sales', 1, '2025-09-04 16:52:42'),
(341, 71, 'SALE', 1, 0, 1, '2025-09-04 16:52:42', 'Sales', 1, '2025-09-04 16:52:42'),
(342, 91, 'SALE', 1, 0, 1, '2025-09-04 16:52:42', 'Sales', 1, '2025-09-04 16:52:42'),
(343, 98, 'TRANSFER_OUT', 5, NULL, 1, '2025-09-04 17:07:43', 'transfer_stock', NULL, '2025-09-04 17:07:43'),
(344, 98, 'TRANSFER_IN', 5, 98, 1, '2025-09-04 17:07:43', 'transfer_stock', 0, '2025-09-04 17:07:43'),
(345, 97, 'TRANSFER_OUT', 5, NULL, 1, '2025-09-04 17:07:50', 'transfer_stock', NULL, '2025-09-04 17:07:50'),
(346, 97, 'TRANSFER_IN', 5, 97, 1, '2025-09-04 17:07:50', 'transfer_stock', 0, '2025-09-04 17:07:50'),
(347, 96, 'ADJUSTMENT_OUT', 30, 19, 3, NULL, 'Manual_Adjustments', 3, '2025-09-04 19:40:53'),
(348, 96, 'ADJUSTMENT_IN', 30, 20, 3, NULL, 'Manual_Adjustments', 3, '2025-09-04 19:41:50'),
(349, 99, 'ADJUSTMENT_IN', 5, 18, 3, NULL, 'Manual_Adjustments', 3, '2025-09-04 19:51:49'),
(350, 89, 'ADJUSTMENT_IN', 1, 23, 3, NULL, 'Manual_Adjustments', 3, '2025-09-04 20:18:04'),
(351, 99, 'PURCHASE_RECEIPT', 1, 120, 3, '2025-09-04 21:59:14', 'stockin_inventory', NULL, '2025-09-04 21:59:14'),
(352, 94, 'PURCHASE_RECEIPT', 1, 118, 3, '2025-09-04 22:12:06', 'stockin_inventory', NULL, '2025-09-04 22:12:06'),
(353, 92, 'PURCHASE_RECEIPT', 1, 117, 3, '2025-09-04 22:22:37', 'stockin_inventory', NULL, '2025-09-04 22:22:37'),
(354, 98, 'PURCHASE_RECEIPT', 12, 121, 3, '2025-09-04 22:26:19', 'stockin_inventory', NULL, '2025-09-04 22:26:19'),
(355, 98, 'SALE', 5, 0, 1, '2025-09-05 02:37:10', 'Sales', 2, '2025-09-05 02:37:10'),
(356, 91, 'SALE', 4, 0, 1, '2025-09-05 02:52:49', 'Sales', 2, '2025-09-05 02:52:49'),
(357, 8, 'SALE', 1, 58, 1, '2025-09-05 03:07:32', 'Sales', 2, '2025-09-05 03:07:32'),
(358, 69, 'SALE', 1, 59, 1, '2025-09-05 03:16:17', 'Sales', 1, '2025-09-05 03:16:17'),
(359, 93, 'SALE', 1, 60, 1, '2025-09-05 03:20:56', 'Sales', 2, '2025-09-05 03:20:56'),
(360, 92, 'SALE', 1, 61, 1, '2025-09-05 11:00:16', 'Sales', 1, '2025-09-05 11:00:16'),
(361, 91, 'SALE', 10, 62, 1, '2025-09-05 11:05:59', 'Sales', 2, '2025-09-05 11:05:59'),
(362, 98, 'ADJUSTMENT_IN', 3, 24, 3, NULL, 'manual_adjustments', 3, '2025-09-05 11:08:55'),
(363, 99, 'ADJUSTMENT_IN', 4, 25, 3, NULL, 'manual_adjustments', 3, '2025-09-05 11:53:26'),
(364, 91, 'SALE', 1, 63, 1, '2025-09-05 17:21:54', 'Sales', 1, '2025-09-05 17:21:54'),
(365, 99, 'TRANSFER_OUT', 3, NULL, 1, '2025-09-05 17:44:24', 'transfer_stock', NULL, '2025-09-05 17:44:24'),
(366, 99, 'TRANSFER_IN', 3, 99, 1, '2025-09-05 17:44:24', 'transfer_stock', 0, '2025-09-05 17:44:24'),
(367, 98, 'TRANSFER_OUT', 4, NULL, 1, '2025-09-05 17:57:34', 'transfer_stock', NULL, '2025-09-05 17:57:34'),
(368, 98, 'TRANSFER_IN', 4, 98, 1, '2025-09-05 17:57:34', 'transfer_stock', 0, '2025-09-05 17:57:34'),
(369, 100, 'ADJUSTMENT_IN', 35, 100, 3, '2025-09-06 18:21:25', 'Inventory', NULL, '2025-09-06 18:21:25'),
(370, 100, 'ADJUSTMENT_IN', 30, 100, 3, '2025-09-06 18:21:25', 'Product', NULL, '2025-09-06 18:21:25'),
(371, 101, 'ADJUSTMENT_IN', 30, 101, 3, '2025-09-06 18:29:39', 'Inventory', NULL, '2025-09-06 18:29:39'),
(372, 101, 'ADJUSTMENT_IN', 30, 101, 3, '2025-09-06 18:29:39', 'Product', NULL, '2025-09-06 18:29:39'),
(373, 102, 'ADJUSTMENT_IN', 40, 102, NULL, '2025-09-06 18:37:45', 'Inventory', NULL, '2025-09-06 18:37:45'),
(374, 102, 'ADJUSTMENT_IN', 4, 102, NULL, '2025-09-06 18:37:45', 'Product', NULL, '2025-09-06 18:37:45'),
(375, 103, 'ADJUSTMENT_IN', 40, 103, 3, '2025-09-06 18:50:52', 'Inventory', NULL, '2025-09-06 18:50:52'),
(376, 103, 'ADJUSTMENT_IN', 4, 103, 3, '2025-09-06 18:50:52', 'Product', NULL, '2025-09-06 18:50:52'),
(377, 8, 'SALE', 1, 64, 1, '2025-09-07 00:40:09', 'Sales', 2, '2025-09-07 00:40:09'),
(378, 69, 'SALE', 1, 65, 1, '2025-09-07 00:41:16', 'Sales', 2, '2025-09-07 00:41:16'),
(379, 94, 'SALE', 1, 66, 1, '2025-09-07 00:44:01', 'Sales', 1, '2025-09-07 00:44:01'),
(380, 103, 'TRANSFER_OUT', 3, NULL, 1, '2025-09-07 00:45:55', 'transfer_stock', NULL, '2025-09-07 00:45:55'),
(381, 103, 'TRANSFER_IN', 3, 103, 1, '2025-09-07 00:45:55', 'transfer_stock', 0, '2025-09-07 00:45:55'),
(382, 103, 'SALE', 3, 67, 1, '2025-09-07 00:55:42', 'Sales', 2, '2025-09-07 00:55:42'),
(383, 95, 'SALE', 1, 68, 1, '2025-09-07 01:08:48', 'Sales', 2, '2025-09-07 01:08:48'),
(384, 98, 'SALE', 1, 69, 1, '2025-09-07 01:52:21', 'Sales', 2, '2025-09-07 01:52:21'),
(385, 97, 'SALE', 1, 70, 1, '2025-09-07 02:17:41', 'Sales', 2, '2025-09-07 02:17:41'),
(386, 101, 'SALE', 1, 70, 1, '2025-09-07 02:17:41', 'Sales', 2, '2025-09-07 02:17:41'),
(387, 94, 'SALE', 1, 71, 1, '2025-09-07 02:24:53', 'Sales', 2, '2025-09-07 02:24:53'),
(388, 100, 'PURCHASE_RECEIPT', 1, 125, 3, '2025-09-07 02:28:04', 'stockin_inventory', NULL, '2025-09-07 02:28:04'),
(389, 98, 'PURCHASE_RECEIPT', 1, 124, 3, '2025-09-07 02:34:48', 'stockin_inventory', NULL, '2025-09-07 02:34:48'),
(390, 69, 'SALE', 1, 72, 1, '2025-09-07 18:08:06', 'Sales', 2, '2025-09-07 18:08:06'),
(391, 94, 'SALE', 1, 73, 1, '2025-09-07 18:15:58', 'Sales', 2, '2025-09-07 18:15:58'),
(392, 91, 'SALE', 1, 74, 1, '2025-09-07 18:16:16', 'Sales', 1, '2025-09-07 18:16:16'),
(393, 92, 'SALE', 1, 75, 1, '2025-09-07 18:24:44', 'Sales', 1, '2025-09-07 18:24:44'),
(394, 98, 'SALE', 1, 76, 1, '2025-09-07 18:30:44', 'Sales', 1, '2025-09-07 18:30:44'),
(395, 99, 'PURCHASE_RECEIPT', 1, 126, 1, '2025-09-07 18:32:07', 'stockin_inventory', NULL, '2025-09-07 18:32:07'),
(396, 101, 'PURCHASE_RECEIPT', 1, 133, 1, '2025-09-07 21:46:40', 'stockin_inventory', NULL, '2025-09-07 21:46:40'),
(397, 101, 'TRANSFER_OUT', 4, NULL, 1, '2025-09-07 21:46:54', 'transfer_stock', NULL, '2025-09-07 21:46:54'),
(398, 101, 'TRANSFER_IN', 4, 101, 1, '2025-09-07 21:46:54', 'transfer_stock', 0, '2025-09-07 21:46:54'),
(399, 99, 'PURCHASE_RECEIPT', 1, 132, 1, '2025-09-07 21:58:52', 'stockin_inventory', NULL, '2025-09-07 21:58:52'),
(400, 91, 'PURCHASE_RECEIPT', 1, 130, 1, '2025-09-07 21:59:16', 'stockin_inventory', NULL, '2025-09-07 21:59:16'),
(401, 94, 'SALE', 1, 77, 1, '2025-09-09 12:27:46', 'Sales', 2, '2025-09-09 12:27:46'),
(402, 8, 'SALE', 1, 78, 1, '2025-09-09 12:28:03', 'Sales', 1, '2025-09-09 12:28:03'),
(403, 92, 'SALE', 1, 79, 1, '2025-09-09 12:28:18', 'Sales', 3, '2025-09-09 12:28:18'),
(404, 102, 'PURCHASE_RECEIPT', 1, 142, 1, '2025-09-09 12:51:39', 'stockin_inventory', NULL, '2025-09-09 12:51:39'),
(405, 104, 'ADJUSTMENT_IN', 30, 104, 1, '2025-09-09 14:48:34', 'Inventory', NULL, '2025-09-09 14:48:34'),
(406, 104, 'ADJUSTMENT_IN', 20, 104, 1, '2025-09-09 14:48:34', 'Product', NULL, '2025-09-09 14:48:34'),
(407, 104, 'TRANSFER_OUT', 5, NULL, 1, '2025-09-09 14:49:25', 'transfer_stock', NULL, '2025-09-09 14:49:25'),
(408, 104, 'TRANSFER_IN', 5, 104, 1, '2025-09-09 14:49:25', 'transfer_stock', 0, '2025-09-09 14:49:25'),
(409, 104, 'TRANSFER_OUT', 5, NULL, 1, '2025-09-09 14:49:35', 'transfer_stock', NULL, '2025-09-09 14:49:35'),
(410, 104, 'TRANSFER_IN', 5, 104, 1, '2025-09-09 14:49:35', 'transfer_stock', 0, '2025-09-09 14:49:35'),
(411, 104, 'ADJUSTMENT_IN', 10, 26, 1, NULL, 'manual_adjustments', 3, '2025-09-09 14:55:27'),
(412, 97, 'PURCHASE_RECEIPT', 1, 144, 3, '2025-09-09 14:58:23', 'stockin_inventory', NULL, '2025-09-09 14:58:23'),
(413, 70, 'PURCHASE_RECEIPT', 1, 143, 3, '2025-09-09 14:59:32', 'stockin_inventory', NULL, '2025-09-09 14:59:32'),
(414, 70, 'SALE', 1, 80, 1, '2025-09-09 15:01:57', 'Sales', 1, '2025-09-09 15:01:57'),
(415, 98, 'SALE', 1, 81, 1, '2025-09-09 15:02:53', 'Sales', 1, '2025-09-09 15:02:53'),
(416, 69, 'SALE', 1, 82, 1, '2025-09-09 15:06:04', 'Sales', 2, '2025-09-09 15:06:04'),
(417, 93, 'SALE', 1, 83, 1, '2025-09-09 15:07:09', 'Sales', 3, '2025-09-09 15:07:09'),
(418, 8, 'SALE', 1, 84, 1, '2025-09-09 16:18:24', 'Sales', 2, '2025-09-09 16:18:24'),
(419, 69, 'SALE', 1, 85, 1, '2025-09-09 16:34:17', 'Sales', 3, '2025-09-09 16:34:17'),
(420, 91, 'SALE', 1, 86, 1, '2025-09-09 16:35:10', 'Sales', 2, '2025-09-09 16:35:10'),
(421, 99, 'SALE', 1, 87, 1, '2025-09-09 16:35:45', 'Sales', 3, '2025-09-09 16:35:45'),
(422, 69, 'SALE', 1, 88, 3, '2025-09-09 16:36:32', 'Sales', 3, '2025-09-09 16:36:32'),
(423, 104, 'ADJUSTMENT_IN', 2, 28, 3, NULL, 'manual_adjustments', NULL, '2025-09-09 16:45:59'),
(424, 101, 'PURCHASE_RECEIPT', 1, 141, 1, '2025-09-09 17:05:25', 'stockin_inventory', NULL, '2025-09-09 17:05:25'),
(425, 95, 'ADJUSTMENT_OUT', 1, 31, 1, NULL, 'manual_adjustments', NULL, '2025-09-09 17:53:20'),
(426, 103, 'ADJUSTMENT_IN', 3, 32, 1, NULL, 'manual_adjustments', NULL, '2025-09-09 18:04:53'),
(427, 104, 'TRANSFER_OUT', 2, NULL, 1, '2025-09-09 18:13:03', 'transfer_stock', NULL, '2025-09-09 18:13:03'),
(428, 104, 'TRANSFER_IN', 2, 104, 1, '2025-09-09 18:13:03', 'transfer_stock', 0, '2025-09-09 18:13:03'),
(429, 101, 'ADJUSTMENT_IN', 2, 34, 1, NULL, 'manual_adjustments', NULL, '2025-09-09 18:13:56'),
(430, 4, 'TRANSFER_OUT', 25, NULL, 1, '2025-09-09 18:18:11', 'transfer_stock', NULL, '2025-09-09 18:18:11'),
(431, 4, 'TRANSFER_IN', 25, 4, 1, '2025-09-09 18:18:11', 'transfer_stock', 0, '2025-09-09 18:18:11'),
(432, 73, 'TRANSFER_OUT', 33, NULL, 1, '2025-09-09 19:58:58', 'transfer_stock', NULL, '2025-09-09 19:58:58'),
(433, 73, 'TRANSFER_IN', 33, 73, 1, '2025-09-09 19:58:58', 'transfer_stock', 0, '2025-09-09 19:58:58'),
(434, 73, 'SALE', 37, 89, 3, '2025-09-09 20:00:05', 'Sales', 3, '2025-09-09 20:00:05'),
(435, 73, 'PURCHASE_RECEIPT', 100, 145, 1, '2025-09-09 20:02:53', 'stockin_inventory', NULL, '2025-09-09 20:02:53'),
(436, 73, 'TRANSFER_OUT', 40, NULL, 1, '2025-09-09 20:03:22', 'transfer_stock', NULL, '2025-09-09 20:03:22'),
(437, 73, 'TRANSFER_IN', 40, 73, 1, '2025-09-09 20:03:22', 'transfer_stock', 0, '2025-09-09 20:03:22'),
(438, 93, 'ADJUSTMENT_OUT', 1, 36, 3, NULL, 'manual_adjustments', NULL, '2025-09-09 20:19:09'),
(439, 73, 'SALE', 2, 90, 3, '2025-09-09 20:21:37', 'Sales', 3, '2025-09-09 20:21:37'),
(440, 8, 'SALE', 1, 90, 3, '2025-09-09 20:21:37', 'Sales', 3, '2025-09-09 20:21:37'),
(441, 104, 'TRANSFER_OUT', 2, NULL, 1, '2025-09-09 22:45:31', 'transfer_stock', NULL, '2025-09-09 22:45:31'),
(442, 104, 'TRANSFER_IN', 2, 104, 1, '2025-09-09 22:45:31', 'transfer_stock', 0, '2025-09-09 22:45:31'),
(443, 69, 'SALE', 1, 91, 3, '2025-09-10 13:36:52', 'Sales', 2, '2025-09-10 13:36:52'),
(444, 70, 'SALE', 1, 92, 1, '2025-09-10 17:28:50', 'Sales', 1, '2025-09-10 17:28:50'),
(445, 102, 'ADJUSTMENT_IN', 4, 37, 3, NULL, 'manual_adjustments', NULL, '2025-09-10 18:03:57'),
(446, 105, 'ADJUSTMENT_IN', 100, 105, 1, '2025-09-10 18:23:52', 'Inventory', NULL, '2025-09-10 18:23:52'),
(447, 105, 'TRANSFER_OUT', 5, NULL, 1, '2025-09-10 18:27:04', 'transfer_stock', NULL, '2025-09-10 18:27:04'),
(448, 105, 'TRANSFER_IN', 5, 105, 1, '2025-09-10 18:27:04', 'transfer_stock', 0, '2025-09-10 18:27:04'),
(449, 105, 'PURCHASE_RECEIPT', 100, 146, 1, '2025-09-10 18:32:07', 'stockin_inventory', NULL, '2025-09-10 18:32:07'),
(450, 105, 'SALE', 5, 93, 6, '2025-09-10 18:34:04', 'Sales', 1, '2025-09-10 18:34:04'),
(451, 105, 'ADJUSTMENT_IN', 2, 38, 1, NULL, 'manual_adjustments', NULL, '2025-09-10 18:37:39'),
(452, 69, 'SALE', 1, 94, 6, '2025-09-11 22:03:16', 'Sales', 1, '2025-09-11 22:03:16'),
(453, 100, 'SALE', 1, 95, 7, '2025-09-11 22:15:32', 'Sales', 1, '2025-09-11 22:15:32'),
(454, 69, 'SALE', 1, 96, 7, '2025-09-11 23:27:42', 'Sales', 1, '2025-09-11 23:27:42'),
(455, 70, 'SALE', 1, 96, 7, '2025-09-11 23:27:42', 'Sales', 1, '2025-09-11 23:27:42'),
(456, 100, 'RETURN', 1, 126, 3, '2025-09-11 23:50:25', 'customer_return', NULL, '2025-09-11 23:50:25'),
(457, 100, 'RETURN', 1, 126, 3, '2025-09-11 23:50:33', 'customer_return', NULL, '2025-09-11 23:50:33'),
(458, 69, 'DAMAGE', 1, 2, 3, '2025-09-12 00:29:22', 'customer_return', NULL, '2025-09-12 00:29:22'),
(459, 69, 'RETURN', 1, 125, 3, '2025-09-12 00:59:19', 'customer_return', NULL, '2025-09-12 00:59:19'),
(460, 70, 'SALE', 1, 97, 6, '2025-09-12 02:02:57', 'Sales', 1, '2025-09-12 02:02:57'),
(461, 94, 'SALE', 1, 98, 8, '2025-09-12 02:03:53', 'Sales', 1, '2025-09-12 02:03:53'),
(462, 94, 'DAMAGE', 1, 6, 3, '2025-09-12 02:06:22', 'customer_return', NULL, '2025-09-12 02:06:22'),
(463, 99, 'DAMAGE', 1, 7, 3, '2025-09-12 02:52:32', 'customer_return', NULL, '2025-09-12 02:52:32'),
(464, 70, 'RETURN', 3, 29, 3, '2025-09-12 03:29:19', 'customer_return', NULL, '2025-09-12 03:29:19'),
(465, 70, 'SALE', 4, 99, 8, '2025-09-12 03:32:16', 'Sales', 1, '2025-09-12 03:32:16'),
(466, 92, 'SALE', 3, 100, 8, '2025-09-12 03:41:11', 'Sales', 1, '2025-09-12 03:41:11'),
(467, 92, 'RETURN', 2, 132, 3, '2025-09-12 03:43:28', 'customer_return', NULL, '2025-09-12 03:43:28'),
(468, 92, 'SALE', 3, 101, 8, '2025-09-12 03:44:49', 'Sales', 1, '2025-09-12 03:44:49'),
(469, 92, 'SALE', 5, 102, 8, '2025-09-12 04:00:47', 'Sales', 1, '2025-09-12 04:00:47'),
(470, 104, 'SALE', 4, 103, 8, '2025-09-12 04:03:29', 'Sales', 1, '2025-09-12 04:03:29'),
(471, 104, 'RETURN', 4, 135, 3, '2025-09-12 04:04:11', 'customer_return', 1, '2025-09-12 04:04:11'),
(472, 104, 'SALE', 5, 104, 8, '2025-09-12 04:05:21', 'Sales', 1, '2025-09-12 04:05:21'),
(473, 104, 'DAMAGE', 5, 14, 3, '2025-09-12 04:06:18', 'customer_return', 1, '2025-09-12 04:06:18'),
(474, 70, 'RETURN', 1, 129, 3, '2025-09-12 04:35:53', 'customer_return', 1, '2025-09-12 04:35:53'),
(475, 105, 'TRANSFER_OUT', 37, NULL, 1, '2025-09-12 16:01:13', 'transfer_stock', NULL, '2025-09-12 16:01:13'),
(476, 105, 'TRANSFER_IN', 37, 105, 1, '2025-09-12 16:01:13', 'transfer_stock', 0, '2025-09-12 16:01:13'),
(477, 105, 'SALE', 5, 105, 6, '2025-09-12 16:42:18', 'Sales', 1, '2025-09-12 16:42:18'),
(478, 93, 'SALE', 7, 106, 6, '2025-09-12 16:43:10', 'Sales', 1, '2025-09-12 16:43:10'),
(479, 93, 'RETURN', 5, 138, 3, '2025-09-12 16:48:05', 'customer_return', 1, '2025-09-12 16:48:05'),
(480, 103, 'SALE', 4, 107, 6, '2025-09-12 17:46:42', 'Sales', 1, '2025-09-12 17:46:42'),
(481, 103, 'RETURN', 2, 139, 3, '2025-09-12 17:50:55', 'customer_return', 1, '2025-09-12 17:50:55'),
(482, 102, 'SALE', 4, 108, 6, '2025-09-12 17:55:44', 'Sales', 1, '2025-09-12 17:55:44'),
(483, 101, 'SALE', 3, 109, 6, '2025-09-12 18:11:32', 'Sales', 1, '2025-09-12 18:11:32'),
(484, 71, 'SALE', 8, 110, 6, '2025-09-12 18:13:34', 'Sales', 1, '2025-09-12 18:13:34'),
(485, 71, 'RETURN', 4, 142, 3, '2025-09-12 18:14:55', 'customer_return', 1, '2025-09-12 18:14:55'),
(486, 94, 'SALE', 8, 111, 6, '2025-09-12 18:22:56', 'Sales', 1, '2025-09-12 18:22:56'),
(487, 94, 'DAMAGE', 2, 22, 3, '2025-09-12 18:24:31', 'customer_return', 1, '2025-09-12 18:24:31'),
(488, 94, 'DAMAGE', 2, 22, 3, '2025-09-12 18:24:32', 'customer_return', 1, '2025-09-12 18:24:32'),
(489, 94, 'DAMAGE', 2, 22, 3, '2025-09-12 18:24:36', 'customer_return', 1, '2025-09-12 18:24:36'),
(490, 94, 'DAMAGE', 2, 22, 3, '2025-09-12 18:24:37', 'customer_return', 1, '2025-09-12 18:24:37'),
(491, 94, '', 2, 143, 3, '2025-09-12 18:27:07', 'customer_return', 1, '2025-09-12 18:27:07'),
(492, 94, '', 1, 143, 3, '2025-09-12 18:29:36', 'customer_return', 1, '2025-09-12 18:29:36'),
(493, 105, 'SALE', 2, 112, 6, '2025-09-12 18:38:10', 'Sales', 1, '2025-09-12 18:38:10'),
(494, 105, '', 1, 144, 3, '2025-09-12 18:38:45', 'customer_return', 1, '2025-09-12 18:38:45'),
(495, 101, '', 2, 141, 3, '2025-09-12 18:46:40', 'customer_return', 1, '2025-09-12 18:46:40'),
(496, 100, 'SALE', 4, 113, 6, '2025-09-12 18:51:57', 'Sales', 1, '2025-09-12 18:51:57'),
(497, 100, '', 2, 145, 3, '2025-09-12 18:53:14', 'customer_return', 1, '2025-09-12 18:53:14'),
(498, 100, 'SALE', 4, 114, 6, '2025-09-12 19:23:25', 'Sales', 1, '2025-09-12 19:23:25'),
(499, 100, 'DAMAGE', 2, 27, 3, '2025-09-12 19:25:44', 'customer_return', 1, '2025-09-12 19:25:44'),
(500, 100, 'DAMAGE', 2, 27, 3, '2025-09-12 19:25:45', 'customer_return', 1, '2025-09-12 19:25:45'),
(501, 103, 'TRANSFER_OUT', 5, NULL, 1, '2025-09-12 19:26:48', 'transfer_stock', NULL, '2025-09-12 19:26:48'),
(502, 103, 'TRANSFER_IN', 5, 103, 1, '2025-09-12 19:26:48', 'transfer_stock', 0, '2025-09-12 19:26:48'),
(503, 103, 'SALE', 5, 115, 6, '2025-09-12 19:27:08', 'Sales', 1, '2025-09-12 19:27:08'),
(504, 103, 'DAMAGE', 3, 28, 3, '2025-09-12 19:28:08', 'customer_return', 1, '2025-09-12 19:28:08'),
(505, 102, '', 2, 140, 3, '2025-09-12 19:43:13', 'customer_return', 1, '2025-09-12 19:43:13'),
(506, 105, 'ADJUSTMENT_OUT', 1, 40, 3, NULL, 'manual_adjustments', NULL, '2025-09-12 20:38:47'),
(507, 104, '', 2, 41, 3, NULL, 'manual_adjustments', NULL, '2025-09-12 20:47:15'),
(508, 103, 'DAMAGE', 2, 42, 3, NULL, 'manual_adjustments', NULL, '2025-09-12 20:56:13'),
(509, 101, 'SALE', 5, 116, 6, '2025-09-12 20:57:38', 'Sales', 1, '2025-09-12 20:57:38'),
(510, 99, 'SALE', 6, 117, 6, '2025-09-12 21:11:42', 'Sales', 1, '2025-09-12 21:11:42'),
(511, 99, '', 6, 149, 3, '2025-09-12 21:13:05', 'customer_return', 1, '2025-09-12 21:13:05'),
(512, 105, 'SALE', 5, 118, 6, '2025-09-12 21:26:14', 'Sales', 1, '2025-09-12 21:26:14'),
(513, 104, 'SALE', 5, 119, 6, '2025-09-12 21:36:51', 'Sales', 1, '2025-09-12 21:36:51'),
(514, 98, 'SALE', 5, 120, 6, '2025-09-12 21:42:00', 'Sales', 1, '2025-09-12 21:42:00'),
(515, 105, 'SALE', 5, 121, 6, '2025-09-12 21:47:27', 'Sales', 1, '2025-09-12 21:47:27'),
(516, 105, '', 2, 38, 3, '2025-09-12 21:49:26', 'customer_return', 1, '2025-09-12 21:49:26'),
(517, 105, '', 2, 34, 3, '2025-09-12 22:55:20', 'customer_return', 1, '2025-09-12 22:55:20'),
(518, 105, '', 3, 153, 3, '2025-09-12 22:55:39', 'customer_return', 1, '2025-09-12 22:55:39'),
(519, 104, 'SALE', 2, 122, 6, '2025-09-12 23:27:57', 'Sales', 1, '2025-09-12 23:27:57'),
(520, 104, '', 1, 40, 3, '2025-09-12 23:28:55', 'customer_return', 1, '2025-09-12 23:28:55'),
(521, 104, 'SALE', 3, 123, 7, '2025-09-12 23:43:36', 'Sales', 1, '2025-09-12 23:43:36'),
(522, 104, '', 1, 42, 3, '2025-09-12 23:49:52', 'customer_return', 1, '2025-09-12 23:49:52'),
(523, 104, '', 2, 155, 3, '2025-09-12 23:50:28', 'customer_return', 1, '2025-09-12 23:50:28'),
(524, 104, 'SALE', 5, 124, 7, '2025-09-12 23:51:06', 'Sales', 1, '2025-09-12 23:51:06'),
(525, 104, '', 2, 44, 3, '2025-09-12 23:51:52', 'customer_return', 1, '2025-09-12 23:51:52'),
(526, 104, '', 3, 156, 3, '2025-09-12 23:52:30', 'customer_return', 1, '2025-09-12 23:52:30'),
(527, 99, 'SALE', 5, 125, 7, '2025-09-12 23:55:24', 'Sales', 1, '2025-09-12 23:55:24'),
(528, 99, 'DAMAGE', 3, 45, 3, '2025-09-12 23:56:03', 'customer_return', 1, '2025-09-12 23:56:03'),
(529, 104, '', 1, 154, 3, '2025-09-12 23:57:50', 'customer_return', 1, '2025-09-12 23:57:50'),
(530, 104, '', 3, 35, 3, '2025-09-12 23:58:30', 'customer_return', 1, '2025-09-12 23:58:30'),
(531, 104, 'SALE', 5, 126, 6, '2025-09-13 00:23:33', 'Sales', 1, '2025-09-13 00:23:33'),
(532, 103, 'TRANSFER_OUT', 5, NULL, 1, '2025-09-13 00:24:49', 'transfer_stock', NULL, '2025-09-13 00:24:49'),
(533, 103, 'TRANSFER_IN', 5, 103, 1, '2025-09-13 00:24:49', 'transfer_stock', 0, '2025-09-13 00:24:49'),
(534, 103, 'SALE', 5, 127, 7, '2025-09-13 00:25:19', 'Sales', 1, '2025-09-13 00:25:19'),
(535, 103, '', 2, 159, 3, '2025-09-13 00:26:01', 'customer_return', 1, '2025-09-13 00:26:01'),
(536, 103, 'DAMAGE', 3, 48, 3, '2025-09-13 00:27:30', 'customer_return', 1, '2025-09-13 00:27:30'),
(537, 104, '', 3, 46, 3, '2025-09-13 00:30:54', 'customer_return', 1, '2025-09-13 00:30:54'),
(538, 8, '', 1, 9, 3, '2025-09-13 00:35:47', 'customer_return', NULL, '2025-09-13 00:35:47'),
(539, 104, 'SALE', 5, 128, 7, '2025-09-13 00:37:13', 'Sales', 1, '2025-09-13 00:37:13'),
(540, 104, '', 2, 51, 3, '2025-09-13 00:38:19', 'customer_return', 1, '2025-09-13 00:38:19'),
(541, 104, '', 3, 160, 3, '2025-09-13 00:44:55', 'customer_return', 1, '2025-09-13 00:44:55'),
(542, 104, 'TRANSFER_OUT', 4, NULL, 1, '2025-09-13 00:45:32', 'transfer_stock', NULL, '2025-09-13 00:45:32'),
(543, 104, 'TRANSFER_IN', 4, 104, 1, '2025-09-13 00:45:32', 'transfer_stock', 0, '2025-09-13 00:45:32'),
(544, 104, 'SALE', 4, 129, 7, '2025-09-13 00:45:44', 'Sales', 1, '2025-09-13 00:45:44'),
(545, 104, '', 4, 52, 3, '2025-09-13 00:48:10', 'customer_return', 1, '2025-09-13 00:48:10'),
(546, 104, '', 2, 158, 3, '2025-09-13 00:49:20', 'customer_return', 1, '2025-09-13 00:49:20'),
(547, 100, 'SALE', 1, 130, 7, '2025-09-13 00:51:08', 'Sales', 1, '2025-09-13 00:51:08'),
(548, 100, '', 1, 53, 3, '2025-09-13 00:52:13', 'customer_return', 1, '2025-09-13 00:52:13'),
(549, 105, 'SALE', 2, 131, 7, '2025-09-13 00:58:57', 'Sales', 1, '2025-09-13 00:58:57'),
(550, 105, '', 1, 54, 3, '2025-09-13 00:59:47', 'customer_return', 1, '2025-09-13 00:59:47'),
(551, 105, 'SALE', 3, 132, 7, '2025-09-13 01:00:49', 'Sales', 1, '2025-09-13 01:00:49'),
(552, 105, '', 2, 56, 3, '2025-09-13 01:01:45', 'customer_return', 1, '2025-09-13 01:01:45'),
(553, 105, '', 1, 163, 3, '2025-09-13 01:02:30', 'customer_return', 1, '2025-09-13 01:02:30'),
(554, 98, '', 1, 98, 3, '2025-09-13 01:04:18', 'customer_return', NULL, '2025-09-13 01:04:18'),
(555, 105, 'SALE', 5, 133, 7, '2025-09-13 01:05:30', 'Sales', 1, '2025-09-13 01:05:30'),
(556, 105, '', 3, 57, 3, '2025-09-13 01:06:35', 'customer_return', 1, '2025-09-13 01:06:35'),
(557, 105, '', 2, 165, 3, '2025-09-13 01:06:57', 'customer_return', 1, '2025-09-13 01:06:57'),
(558, 104, 'TRANSFER_OUT', 2, NULL, 1, '2025-09-13 01:15:08', 'transfer_stock', NULL, '2025-09-13 01:15:08'),
(559, 104, 'TRANSFER_IN', 2, 104, 1, '2025-09-13 01:15:08', 'transfer_stock', 0, '2025-09-13 01:15:08'),
(560, 105, 'SALE', 5, 134, 7, '2025-09-13 01:15:24', 'Sales', 1, '2025-09-13 01:15:24'),
(561, 105, '', 2, 60, 3, '2025-09-13 01:17:18', 'customer_return', 1, '2025-09-13 01:17:18'),
(562, 105, '', 3, 166, 3, '2025-09-13 01:17:31', 'customer_return', 1, '2025-09-13 01:17:31'),
(563, 105, 'SALE', 5, 135, 7, '2025-09-13 01:24:23', 'Sales', 1, '2025-09-13 01:24:23'),
(564, 105, '', 3, 167, 3, '2025-09-13 01:25:01', 'customer_return', 1, '2025-09-13 01:25:01'),
(565, 105, 'TRANSFER_OUT', 2, NULL, 1, '2025-09-13 01:32:33', 'transfer_stock', NULL, '2025-09-13 01:32:33'),
(566, 105, 'TRANSFER_IN', 2, 105, 1, '2025-09-13 01:32:33', 'transfer_stock', 0, '2025-09-13 01:32:33'),
(567, 105, 'SALE', 2, 136, 7, '2025-09-13 01:33:02', 'Sales', 1, '2025-09-13 01:33:02'),
(568, 105, '', 1, 168, 3, '2025-09-13 01:33:30', 'customer_return', 1, '2025-09-13 01:33:30'),
(569, 105, 'DAMAGE', 1, 64, 3, '2025-09-13 01:33:49', 'customer_return', 1, '2025-09-13 01:33:49'),
(570, 104, 'SALE', 2, 137, 7, '2025-09-13 01:39:55', 'Sales', 1, '2025-09-13 01:39:55'),
(571, 104, '', 1, 169, 3, '2025-09-13 01:40:28', 'customer_return', 1, '2025-09-13 01:40:28'),
(572, 104, 'TRANSFER_OUT', 2, NULL, 1, '2025-09-13 01:46:24', 'transfer_stock', NULL, '2025-09-13 01:46:24'),
(573, 104, 'TRANSFER_IN', 2, 104, 1, '2025-09-13 01:46:24', 'transfer_stock', 0, '2025-09-13 01:46:24'),
(574, 104, 'SALE', 2, 138, 7, '2025-09-13 01:50:35', 'Sales', 1, '2025-09-13 01:50:35'),
(575, 104, '', 1, 170, 3, '2025-09-13 01:51:16', 'customer_return', 1, '2025-09-13 01:51:16'),
(576, 104, 'DAMAGE', 1, 67, 3, '2025-09-13 01:51:56', 'customer_return', 1, '2025-09-13 01:51:56'),
(577, 104, 'TRANSFER_OUT', 2, NULL, 1, '2025-09-13 01:52:07', 'transfer_stock', NULL, '2025-09-13 01:52:07'),
(578, 104, 'TRANSFER_IN', 2, 104, 1, '2025-09-13 01:52:07', 'transfer_stock', 0, '2025-09-13 01:52:07'),
(579, 104, 'SALE', 2, 139, 7, '2025-09-13 01:52:20', 'Sales', 1, '2025-09-13 01:52:20'),
(580, 104, '', 1, 171, 3, '2025-09-13 01:53:07', 'customer_return', 1, '2025-09-13 01:53:07'),
(581, 104, '', 1, 70, 3, '2025-09-13 01:53:39', 'customer_return', 1, '2025-09-13 01:53:39'),
(582, 104, 'TRANSFER_OUT', 2, NULL, 1, '2025-09-13 02:09:10', 'transfer_stock', NULL, '2025-09-13 02:09:10'),
(583, 104, 'TRANSFER_IN', 2, 104, 1, '2025-09-13 02:09:10', 'transfer_stock', 0, '2025-09-13 02:09:10'),
(584, 103, 'TRANSFER_OUT', 2, NULL, 1, '2025-09-13 02:09:16', 'transfer_stock', NULL, '2025-09-13 02:09:16'),
(585, 103, 'TRANSFER_IN', 2, 103, 1, '2025-09-13 02:09:16', 'transfer_stock', 0, '2025-09-13 02:09:16'),
(586, 103, 'SALE', 2, 140, 7, '2025-09-13 02:09:32', 'Sales', 1, '2025-09-13 02:09:32'),
(587, 103, '', 1, 172, 3, '2025-09-13 02:10:00', 'customer_return', 1, '2025-09-13 02:10:00'),
(588, 103, 'DAMAGE', 1, 72, 3, '2025-09-13 02:10:13', 'customer_return', 1, '2025-09-13 02:10:13'),
(589, 104, 'SALE', 2, 141, 7, '2025-09-13 02:15:28', 'Sales', 1, '2025-09-13 02:15:28'),
(590, 104, '', 1, 73, 3, '2025-09-13 02:16:01', 'customer_return', 1, '2025-09-13 02:16:01'),
(591, 104, 'DAMAGE', 1, 74, 3, '2025-09-13 02:16:18', 'customer_return', 1, '2025-09-13 02:16:18'),
(592, 106, 'ADJUSTMENT_IN', 100, 43, 1, NULL, 'manual_adjustments', NULL, '2025-09-13 02:45:43'),
(593, 106, 'TRANSFER_OUT', 45, NULL, 1, '2025-09-13 03:13:14', 'transfer_stock', NULL, '2025-09-13 03:13:14'),
(594, 106, 'TRANSFER_IN', 45, 106, 1, '2025-09-13 03:13:14', 'transfer_stock', 0, '2025-09-13 03:13:14'),
(595, 106, 'TRANSFER_IN', 5, NULL, 1, '2025-09-13 03:13:35', 'transfer_stock', NULL, '2025-09-13 03:13:35'),
(596, 106, 'TRANSFER_OUT', 5, 106, 1, '2025-09-13 03:13:35', 'transfer_stock', 0, '2025-09-13 03:13:35'),
(597, 103, '', 1, 44, 1, NULL, 'manual_adjustments', NULL, '2025-09-13 03:25:24'),
(598, 107, 'PURCHASE_RECEIPT', 30, 147, 3, '2025-09-13 03:59:34', 'stockin_inventory', NULL, '2025-09-13 03:59:34'),
(599, 107, 'PURCHASE_RECEIPT', 200, 148, 3, '2025-09-13 04:18:37', 'stockin_inventory', NULL, '2025-09-13 04:18:37'),
(600, 107, 'TRANSFER_OUT', 20, NULL, 1, '2025-09-13 13:55:44', 'transfer_stock', NULL, '2025-09-13 13:55:44'),
(601, 107, 'TRANSFER_IN', 20, 107, 1, '2025-09-13 13:55:44', 'transfer_stock', 0, '2025-09-13 13:55:44'),
(602, 107, 'SALE', 3, 142, 7, '2025-09-13 13:56:05', 'Sales', 1, '2025-09-13 13:56:05'),
(603, 107, 'DAMAGE', 1, 76, 3, '2025-09-13 13:56:48', 'customer_return', 1, '2025-09-13 13:56:48'),
(604, 107, '', 1, 75, 3, '2025-09-13 13:57:28', 'customer_return', 1, '2025-09-13 13:57:28'),
(605, 105, 'TRANSFER_OUT', 2, NULL, 1, '2025-09-13 14:03:30', 'transfer_stock', NULL, '2025-09-13 14:03:30'),
(606, 105, 'TRANSFER_IN', 2, 105, 1, '2025-09-13 14:03:30', 'transfer_stock', 0, '2025-09-13 14:03:30'),
(607, 107, 'SALE', 2, 143, 7, '2025-09-13 14:04:14', 'Sales', 1, '2025-09-13 14:04:14'),
(608, 105, 'SALE', 2, 143, 7, '2025-09-13 14:04:14', 'Sales', 1, '2025-09-13 14:04:14'),
(609, 100, 'SALE', 2, 143, 7, '2025-09-13 14:04:14', 'Sales', 1, '2025-09-13 14:04:14'),
(610, 105, '', 1, 78, 3, '2025-09-13 14:05:47', 'customer_return', 1, '2025-09-13 14:05:47'),
(611, 107, '', 1, 77, 3, '2025-09-13 14:06:05', 'customer_return', 1, '2025-09-13 14:06:05'),
(612, 70, 'SALE', 1, 144, 7, '2025-09-13 14:07:51', 'Sales', 1, '2025-09-13 14:07:51'),
(613, 8, 'SALE', 1, 144, 7, '2025-09-13 14:07:51', 'Sales', 1, '2025-09-13 14:07:51'),
(614, 106, 'SALE', 1, 144, 7, '2025-09-13 14:07:51', 'Sales', 1, '2025-09-13 14:07:51'),
(615, 104, 'PURCHASE_RECEIPT', 35, 149, 1, '2025-09-13 14:44:21', 'stockin_inventory', NULL, '2025-09-13 14:44:21'),
(616, 104, '', 0, 37, 1, '2025-09-13 14:44:21', 'supplier_return', NULL, '2025-09-13 14:44:21'),
(617, 104, '', 0, 38, 1, '2025-09-13 14:44:21', 'supplier_return', NULL, '2025-09-13 14:44:21'),
(618, 104, 'PURCHASE_RECEIPT', 35, 151, 1, '2025-09-13 14:44:39', 'stockin_inventory', NULL, '2025-09-13 14:44:39'),
(619, 104, '', 0, 39, 1, '2025-09-13 14:44:39', 'supplier_return', NULL, '2025-09-13 14:44:39'),
(620, 104, '', 0, 40, 1, '2025-09-13 14:44:39', 'supplier_return', NULL, '2025-09-13 14:44:39'),
(621, 104, 'PURCHASE_RECEIPT', 45, 153, 1, '2025-09-13 15:03:11', 'stockin_inventory', NULL, '2025-09-13 15:03:11'),
(622, 104, '', 0, 41, 1, '2025-09-13 15:03:11', 'supplier_return', NULL, '2025-09-13 15:03:11'),
(623, 104, '', 0, 42, 1, '2025-09-13 15:03:11', 'supplier_return', NULL, '2025-09-13 15:03:11'),
(624, 93, '', 0, 43, 1, '2025-09-13 15:12:39', 'supplier_return', NULL, '2025-09-13 15:12:39'),
(625, 94, '', 0, 44, 1, '2025-09-13 15:12:39', 'supplier_return', NULL, '2025-09-13 15:12:39'),
(626, 4, '', 0, 45, 1, '2025-09-13 15:17:35', 'supplier_return', NULL, '2025-09-13 15:17:35'),
(627, 101, 'PURCHASE_RECEIPT', 1, 156, 1, '2025-09-13 15:26:53', 'stockin_inventory', NULL, '2025-09-13 15:26:53'),
(628, 95, '', 0, 46, 4, '2025-09-13 15:37:03', 'supplier_return', NULL, '2025-09-13 15:37:03'),
(629, 90, 'PURCHASE_RECEIPT', 1, 160, 3, '2025-09-13 15:37:21', 'stockin_inventory', NULL, '2025-09-13 15:37:21'),
(630, 107, 'TRANSFER_OUT', 5, NULL, 1, '2025-09-13 16:28:05', 'transfer_stock', NULL, '2025-09-13 16:28:05'),
(631, 107, 'TRANSFER_IN', 5, 107, 1, '2025-09-13 16:28:05', 'transfer_stock', 0, '2025-09-13 16:28:05'),
(632, 97, '', 0, 47, 4, '2025-09-13 16:53:48', 'supplier_return', NULL, '2025-09-13 16:53:48'),
(633, 100, '', 0, 48, 4, '2025-09-13 16:53:48', 'supplier_return', NULL, '2025-09-13 16:53:48'),
(634, 89, '', 0, 49, 4, '2025-09-13 16:57:00', 'supplier_return', NULL, '2025-09-13 16:57:00'),
(635, 91, '', 0, 50, 4, '2025-09-13 16:57:00', 'supplier_return', NULL, '2025-09-13 16:57:00'),
(636, 102, '', 0, 51, 4, '2025-09-13 17:09:52', 'supplier_return', NULL, '2025-09-13 17:09:52'),
(637, 103, '', 0, 52, 4, '2025-09-13 17:09:52', 'supplier_return', NULL, '2025-09-13 17:09:52'),
(638, 103, '', 0, 53, 4, '2025-09-13 17:38:51', 'supplier_return', NULL, '2025-09-13 17:38:51'),
(639, 103, 'PURCHASE_RECEIPT', 1, 167, 3, '2025-09-13 17:40:21', 'stockin_inventory', NULL, '2025-09-13 17:40:21'),
(640, 109, 'ADJUSTMENT_IN', 10, 45, 3, NULL, 'manual_adjustments', NULL, '2025-09-14 04:10:40'),
(641, 108, 'ADJUSTMENT_IN', 23, 46, 3, NULL, 'manual_adjustments', NULL, '2025-09-14 04:14:08'),
(642, 100, 'PURCHASE_RECEIPT', 1, 163, 3, '2025-09-14 05:18:07', 'stockin_inventory', NULL, '2025-09-14 05:18:07'),
(643, 70, 'PURCHASE_RECEIPT', 1, 168, 3, '2025-09-14 15:45:31', 'stockin_inventory', NULL, '2025-09-14 15:45:31'),
(644, 71, 'PURCHASE_RECEIPT', 1, 169, 3, '2025-09-14 15:45:31', 'stockin_inventory', NULL, '2025-09-14 15:45:31'),
(645, 89, 'PURCHASE_RECEIPT', 1, 170, 3, '2025-09-14 15:45:31', 'stockin_inventory', NULL, '2025-09-14 15:45:31'),
(646, 91, 'PURCHASE_RECEIPT', 1, 171, 3, '2025-09-14 15:45:31', 'stockin_inventory', NULL, '2025-09-14 15:45:31'),
(647, 97, 'PURCHASE_RECEIPT', 1, 172, 3, '2025-09-14 15:45:31', 'stockin_inventory', NULL, '2025-09-14 15:45:31'),
(648, 102, 'ADJUSTMENT_IN', 1, 51, 1, '2025-09-14 15:56:10', 'supplier_return', 1, '2025-09-14 15:56:10');
INSERT INTO `stock_movements` (`Transaction_ID`, `Product_ID`, `Movement_type`, `Quantity`, `Reference_ID`, `Performed_by`, `Updated_at`, `Source_Table`, `Terminal_ID`, `Timestamp`) VALUES
(649, 103, 'PURCHASE_RECEIPT', 1, 173, 3, '2025-09-14 17:36:00', 'stockin_inventory', NULL, '2025-09-14 17:36:00'),
(650, 103, 'PURCHASE_RECEIPT', 11, 174, 3, '2025-09-14 17:43:17', 'stockin_inventory', NULL, '2025-09-14 17:43:17'),
(651, 103, 'PURCHASE_RECEIPT', 1, 175, 3, '2025-09-14 17:44:07', 'stockin_inventory', NULL, '2025-09-14 17:44:07'),
(652, 99, 'PURCHASE_RECEIPT', 1, 176, 3, '2025-09-14 17:50:55', 'stockin_inventory', NULL, '2025-09-14 17:50:55'),
(653, 100, 'PURCHASE_RECEIPT', 1, 177, 3, '2025-09-14 17:50:55', 'stockin_inventory', NULL, '2025-09-14 17:50:55'),
(654, 73, 'PURCHASE_RECEIPT', 2, 179, 3, '2025-09-14 18:12:14', 'stockin_inventory', NULL, '2025-09-14 18:12:14'),
(655, 105, 'PURCHASE_RECEIPT', 10, 180, 3, '2025-09-14 18:20:12', 'stockin_inventory', NULL, '2025-09-14 18:20:12'),
(656, 109, '', 0, 56, 4, '2025-09-14 21:45:02', 'supplier_return', NULL, '2025-09-14 21:45:02'),
(657, 109, '', 0, 57, 4, '2025-09-14 21:45:02', 'supplier_return', NULL, '2025-09-14 21:45:02'),
(658, 109, 'PURCHASE_RECEIPT', 20, 189, 3, '2025-09-14 21:46:49', 'stockin_inventory', NULL, '2025-09-14 21:46:49'),
(659, 109, 'PURCHASE_RECEIPT', 110, 188, 3, '2025-09-14 21:46:56', 'stockin_inventory', NULL, '2025-09-14 21:46:56'),
(660, 109, '', 0, 56, 1, '2025-09-14 22:23:48', 'supplier_return', 1, '2025-09-14 22:23:48'),
(661, 109, '', 0, 56, 1, '2025-09-14 22:23:48', 'supplier_return', 1, '2025-09-14 22:23:48'),
(662, 103, '', 1, 53, 1, '2025-09-14 22:29:56', 'supplier_return', 1, '2025-09-14 22:29:56'),
(663, 103, '', 1, 52, 1, '2025-09-14 22:30:05', 'supplier_return', 1, '2025-09-14 22:30:05'),
(664, 103, '', 0, 58, 4, '2025-09-14 22:41:37', 'supplier_return', NULL, '2025-09-14 22:41:37'),
(665, 104, '', 0, 59, 4, '2025-09-14 22:50:43', 'supplier_return', NULL, '2025-09-14 22:50:43'),
(666, 108, '', 0, 60, 4, '2025-09-14 23:00:01', 'supplier_return', NULL, '2025-09-14 23:00:01'),
(667, 108, 'PURCHASE_RECEIPT', 10, 194, 3, '2025-09-14 23:01:20', 'stockin_inventory', NULL, '2025-09-14 23:01:20'),
(668, 108, '', 0, 60, 1, '2025-09-14 23:31:35', 'supplier_return', 1, '2025-09-14 23:31:35'),
(669, 108, '', 0, 61, 4, '2025-09-14 23:45:23', 'supplier_return', NULL, '2025-09-14 23:45:23'),
(670, 108, '', 0, 62, 4, '2025-09-14 23:45:23', 'supplier_return', NULL, '2025-09-14 23:45:23'),
(671, 105, '', 0, 63, 4, '2025-09-14 23:46:58', 'supplier_return', NULL, '2025-09-14 23:46:58'),
(672, 105, '', 0, 63, 1, '2025-09-15 00:01:26', 'supplier_return', 1, '2025-09-15 00:01:26'),
(673, 92, 'PURCHASE_RECEIPT', 2, 198, 3, '2025-09-15 00:06:45', 'stockin_inventory', NULL, '2025-09-15 00:06:45'),
(674, 92, 'PURCHASE_RECEIPT', 2, 198, NULL, '2025-09-15 01:48:53', 'stockin_inventory', NULL, '2025-09-15 01:48:53'),
(675, 92, 'PURCHASE_RECEIPT', 2, 198, NULL, '2025-09-15 01:49:15', 'stockin_inventory', NULL, '2025-09-15 01:49:15'),
(676, 106, 'PURCHASE_RECEIPT', 5, 197, NULL, '2025-09-15 01:49:23', 'stockin_inventory', NULL, '2025-09-15 01:49:23'),
(677, 105, 'PURCHASE_RECEIPT', 5, 196, NULL, '2025-09-15 01:50:44', 'stockin_inventory', NULL, '2025-09-15 01:50:44'),
(678, 92, 'PURCHASE_RECEIPT', 2, 198, NULL, '2025-09-15 01:54:05', 'stockin_inventory', NULL, '2025-09-15 01:54:05'),
(679, 108, 'PURCHASE_RECEIPT', 35, 195, NULL, '2025-09-15 01:55:08', 'stockin_inventory', NULL, '2025-09-15 01:55:08'),
(680, 104, 'PURCHASE_RECEIPT', 15, 192, NULL, '2025-09-15 01:55:25', 'stockin_inventory', NULL, '2025-09-15 01:55:25'),
(681, 108, 'PURCHASE_RECEIPT', 5, 200, 3, '2025-09-15 02:41:16', 'stockin_inventory', NULL, '2025-09-15 02:41:16'),
(682, 108, '', 0, 64, 3, '2025-09-15 02:41:16', 'supplier_return', NULL, '2025-09-15 02:41:16'),
(683, 108, '', 0, 64, 1, '2025-09-15 02:45:36', 'supplier_return', 1, '2025-09-15 02:45:36'),
(684, 108, '', 0, 65, 4, '2025-09-15 02:47:42', 'supplier_return', NULL, '2025-09-15 02:47:42'),
(685, 108, '', 0, 66, 4, '2025-09-15 02:47:42', 'supplier_return', NULL, '2025-09-15 02:47:42'),
(686, 108, '', 10, 199, 0, '2025-09-15 02:51:30', 'stockin_inventory', NULL, '2025-09-15 02:51:30'),
(687, 108, '', 10, 203, 0, '2025-09-15 02:53:31', 'stockin_inventory', NULL, '2025-09-15 02:53:31'),
(688, 108, '', 0, 66, 1, '2025-09-15 02:53:51', 'supplier_return', 1, '2025-09-15 02:53:51'),
(689, 109, '', 0, 67, 4, '2025-09-15 02:56:30', 'supplier_return', NULL, '2025-09-15 02:56:30'),
(690, 109, '', 5, 204, 0, '2025-09-15 03:26:34', 'stockin_inventory', NULL, '2025-09-15 03:26:34'),
(691, 108, '', 10, 205, 0, '2025-09-15 03:44:03', 'stockin_inventory', NULL, '2025-09-15 03:44:03'),
(692, 108, '', 40, 193, 0, '2025-09-15 03:47:56', 'stockin_inventory', NULL, '2025-09-15 03:47:56'),
(693, 103, '', 15, 191, 0, '2025-09-15 03:48:04', 'stockin_inventory', NULL, '2025-09-15 03:48:04'),
(694, 108, '', 0, 65, 1, '2025-09-15 03:50:14', 'supplier_return', 1, '2025-09-15 03:50:14'),
(695, 102, '', 65, 190, 3, '2025-09-15 03:56:20', 'stockin_inventory', NULL, '2025-09-15 03:56:20'),
(696, 109, '', 125, 187, 3, '2025-09-15 03:57:05', 'stockin_inventory', NULL, '2025-09-15 03:57:05'),
(697, 108, '', 0, 68, 4, '2025-09-15 03:58:18', 'supplier_return', NULL, '2025-09-15 03:58:18'),
(698, 108, '', 1, 206, 3, '2025-09-15 03:58:41', 'stockin_inventory', NULL, '2025-09-15 03:58:41'),
(699, 108, '', 0, 69, 4, '2025-09-15 04:00:41', 'supplier_return', NULL, '2025-09-15 04:00:41'),
(700, 105, 'PURCHASE_RECEIPT', 5, 209, 3, '2025-09-15 04:01:41', 'stockin_inventory', NULL, '2025-09-15 04:01:41'),
(701, 105, '', 0, 70, 3, '2025-09-15 04:01:41', 'supplier_return', NULL, '2025-09-15 04:01:41'),
(702, 105, '', 0, 71, 4, '2025-09-15 04:03:49', 'supplier_return', NULL, '2025-09-15 04:03:49'),
(703, 105, '', 3, 210, 3, '2025-09-15 04:04:26', 'stockin_inventory', NULL, '2025-09-15 04:04:26'),
(704, 105, '', 2, 211, 3, '2025-09-15 04:05:28', 'stockin_inventory', NULL, '2025-09-15 04:05:28'),
(705, 108, 'ADJUSTMENT_OUT', 9, 49, 3, NULL, 'manual_adjustments', NULL, '2025-09-16 21:39:38'),
(706, 108, 'TRANSFER_OUT', 10, NULL, 1, '2025-09-16 21:40:21', 'transfer_stock', NULL, '2025-09-16 21:40:21'),
(707, 108, 'TRANSFER_IN', 10, 108, 1, '2025-09-16 21:40:21', 'transfer_stock', 0, '2025-09-16 21:40:21'),
(708, 108, 'TRANSFER_IN', 5, NULL, 1, '2025-09-16 21:40:37', 'transfer_stock', NULL, '2025-09-16 21:40:37'),
(709, 108, 'TRANSFER_OUT', 5, 108, 1, '2025-09-16 21:40:37', 'transfer_stock', 0, '2025-09-16 21:40:37'),
(710, 110, '', 0, 72, 4, '2025-09-19 02:57:51', 'supplier_return', NULL, '2025-09-19 02:57:51'),
(711, 110, '', 0, 73, 4, '2025-09-19 02:57:51', 'supplier_return', NULL, '2025-09-19 02:57:51'),
(712, 110, '', 0, 74, 4, '2025-09-19 02:58:47', 'supplier_return', NULL, '2025-09-19 02:58:47'),
(713, 110, '', 0, 75, 4, '2025-09-19 02:58:47', 'supplier_return', NULL, '2025-09-19 02:58:47'),
(714, 110, 'ADJUSTMENT_IN', 5, 72, 1, '2025-09-19 02:59:25', 'supplier_return', 1, '2025-09-19 02:59:25'),
(715, 110, 'ADJUSTMENT_IN', 5, 73, 1, '2025-09-19 02:59:29', 'supplier_return', 1, '2025-09-19 02:59:29'),
(716, 110, 'ADJUSTMENT_IN', 5, 74, 1, '2025-09-19 02:59:36', 'supplier_return', 1, '2025-09-19 02:59:36'),
(717, 108, 'SALE', 2, 145, 6, '2025-09-19 18:02:23', 'Sales', 1, '2025-09-19 18:02:23'),
(718, 109, '', 0, 76, 4, '2025-09-19 18:44:41', 'supplier_return', NULL, '2025-09-19 18:44:41'),
(719, 109, '', 0, 77, 4, '2025-09-19 18:44:41', 'supplier_return', NULL, '2025-09-19 18:44:41'),
(720, 109, '', 10, 212, 3, '2025-09-19 18:45:03', 'stockin_inventory', NULL, '2025-09-19 18:45:03'),
(721, 109, '', 5, 214, 3, '2025-09-19 18:46:28', 'stockin_inventory', NULL, '2025-09-19 18:46:28'),
(722, 109, '', 5, 213, 3, '2025-09-19 18:46:30', 'stockin_inventory', NULL, '2025-09-19 18:46:30'),
(723, 109, '', 0, 77, 1, '2025-09-19 18:46:37', 'supplier_return', 1, '2025-09-19 18:46:37'),
(724, 109, '', 0, 76, 1, '2025-09-19 18:46:40', 'supplier_return', 1, '2025-09-19 18:46:40'),
(725, 109, 'TRANSFER_OUT', 100, NULL, 1, '2025-09-21 22:57:34', 'transfer_stock', NULL, '2025-09-21 22:57:34'),
(726, 109, 'TRANSFER_IN', 100, 109, 1, '2025-09-21 22:57:34', 'transfer_stock', 0, '2025-09-21 22:57:34'),
(727, 108, '', 1, 83, 3, '2025-09-22 21:52:55', 'customer_return', 1, '2025-09-22 21:52:55'),
(728, 109, 'DAMAGE', 5, 50, 1, NULL, 'manual_adjustments', NULL, '2025-09-23 11:10:18'),
(729, 109, '', 3, 51, 3, NULL, 'manual_adjustments', NULL, '2025-09-23 13:18:42'),
(730, 109, 'SALE', 4, 146, 6, '2025-09-23 14:24:35', 'Sales', 1, '2025-09-23 14:24:35'),
(731, 109, '', 2, 84, 1, '2025-09-23 14:26:21', 'customer_return', 1, '2025-09-23 14:26:21');

-- --------------------------------------------------------

--
-- Table structure for table `supplier`
--

CREATE TABLE `supplier` (
  `Supplier_ID` int(11) NOT NULL,
  `Name` varchar(100) DEFAULT NULL,
  `Contact_info` text DEFAULT NULL,
  `Address` text DEFAULT NULL,
  `is_active` tinyint(1) DEFAULT 1
) ENGINE=InnoDB DEFAULT CHARSET=utf8mb4 COLLATE=utf8mb4_general_ci;

--
-- Dumping data for table `supplier`
--

INSERT INTO `supplier` (`Supplier_ID`, `Name`, `Contact_info`, `Address`, `is_active`) VALUES
(1, 'Shaifa.Corp', '09087274056S', 'Gusa Galaxy', 1),
(2, 'Gavesteel.INC', '090823343', 'Lapasans CDO', 1),
(3, 'MR.DIY', '0908235342', 'Puerto Cdo', 1),
(4, 'Mr.Jeff', '09087474867', 'Tablon Purok 3', 1),
(5, 'S&R', '09096466789', 'Bulua Cdo', 1),
(6, 'Gaisanossx', '093842723142', 'Bulua CDO', 1),
(7, 'Mr.Clean', '09456142418', '', 0),
(8, 'Island Boy', '09456142434', 'CDO Cogon', 1),
(9, 'Nagamoto Surplus', '094562543', 'Davao City', 1),
(10, 'NASA', '0938427323411', 'UNITED STATE OF THE AMERICA', 1),
(11, 'XXX', '092334124', 'Japan', 1);

-- --------------------------------------------------------

--
-- Table structure for table `supplier_claim_queue`
--

CREATE TABLE `supplier_claim_queue` (
  `Claim_ID` int(11) NOT NULL,
  `Return_ID` int(11) NOT NULL,
  `Product_ID` int(11) NOT NULL,
  `Quantity` int(11) NOT NULL,
  `Reason` varchar(64) NOT NULL,
  `Status` varchar(16) NOT NULL DEFAULT 'Pending',
  `Created_at` datetime NOT NULL DEFAULT current_timestamp()
) ENGINE=InnoDB DEFAULT CHARSET=utf8mb4 COLLATE=utf8mb4_general_ci;

--
-- Dumping data for table `supplier_claim_queue`
--

INSERT INTO `supplier_claim_queue` (`Claim_ID`, `Return_ID`, `Product_ID`, `Quantity`, `Reason`, `Status`, `Created_at`) VALUES
(1, 34, 105, 2, 'EXPIRED', 'Pending', '2025-09-12 21:28:06'),
(2, 35, 104, 3, 'EXPIRED', 'Pending', '2025-09-12 21:37:20'),
(3, 38, 105, 2, 'EXPIRED', 'Pending', '2025-09-12 21:47:40'),
(4, 40, 104, 1, 'EXPIRED', 'Pending', '2025-09-12 23:28:12'),
(5, 42, 104, 1, 'EXPIRED', 'Pending', '2025-09-12 23:43:59'),
(6, 44, 104, 2, 'EXPIRED', 'Pending', '2025-09-12 23:51:33'),
(7, 46, 104, 3, 'EXPIRED', 'Pending', '2025-09-13 00:24:01'),
(8, 51, 104, 2, 'EXPIRED', 'Pending', '2025-09-13 00:37:42'),
(9, 52, 104, 4, 'EXPIRED', 'Pending', '2025-09-13 00:46:11'),
(10, 53, 100, 1, 'EXPIRED', 'Pending', '2025-09-13 00:51:30'),
(11, 54, 105, 1, 'EXPIRED', 'Pending', '2025-09-13 00:59:26'),
(12, 56, 105, 2, 'EXPIRED', 'Pending', '2025-09-13 01:01:20'),
(13, 57, 105, 3, 'EXPIRED', 'Pending', '2025-09-13 01:06:05'),
(14, 60, 105, 2, 'EXPIRED', 'Pending', '2025-09-13 01:15:52'),
(15, 62, 105, 2, 'EXPIRED', 'Pending', '2025-09-13 01:24:42'),
(16, 70, 104, 1, 'EXPIRED', 'Pending', '2025-09-13 01:52:36'),
(17, 79, 100, 1, 'EXPIRED', 'Pending', '2025-09-13 14:05:08');

-- --------------------------------------------------------

--
-- Table structure for table `supplier_products`
--

CREATE TABLE `supplier_products` (
  `SupplierProduct_ID` int(11) NOT NULL,
  `Supplier_ID` int(11) DEFAULT NULL,
  `Product_ID` int(11) DEFAULT NULL,
  `Price_Offered` decimal(10,2) DEFAULT NULL
) ENGINE=InnoDB DEFAULT CHARSET=utf8mb4 COLLATE=utf8mb4_general_ci;

-- --------------------------------------------------------

--
-- Table structure for table `supplier_return`
--

CREATE TABLE `supplier_return` (
  `SupplierReturn_ID` int(11) NOT NULL,
  `Supplier_ID` int(11) DEFAULT NULL,
  `Product_ID` int(11) DEFAULT NULL,
  `Quantity` int(11) DEFAULT NULL,
  `Reason` text DEFAULT NULL,
  `Return_Type` enum('Refund','Replace') NOT NULL DEFAULT 'Refund',
  `Total_Amount` decimal(10,2) DEFAULT 0.00,
  `Return_Date` date DEFAULT NULL,
  `Status` enum('Pending','Approved','Rejected','Processing','Completed','Cancelled') NOT NULL DEFAULT 'Pending',
  `Approved_Date` datetime DEFAULT NULL,
  `Approved_by` int(11) DEFAULT NULL,
  `PO_ID` int(11) DEFAULT NULL,
  `Refund_Amount` decimal(10,2) DEFAULT 0.00,
  `Replacement_Quantity` int(11) DEFAULT 0,
  `Unit_Cost` decimal(10,2) DEFAULT 0.00,
  `Batch_Number` varchar(50) DEFAULT NULL,
  `Expiry_Date` date DEFAULT NULL,
  `Return_Notes` text DEFAULT NULL,
  `Created_by` int(11) DEFAULT NULL,
  `Created_at` timestamp NOT NULL DEFAULT current_timestamp(),
  `Updated_at` timestamp NOT NULL DEFAULT current_timestamp() ON UPDATE current_timestamp(),
  `Original_Stockin_ID` int(11) DEFAULT NULL,
  `Is_Replacement_Received` tinyint(4) DEFAULT 0
) ENGINE=InnoDB DEFAULT CHARSET=utf8mb4 COLLATE=utf8mb4_general_ci;

--
-- Dumping data for table `supplier_return`
--

INSERT INTO `supplier_return` (`SupplierReturn_ID`, `Supplier_ID`, `Product_ID`, `Quantity`, `Reason`, `Return_Type`, `Total_Amount`, `Return_Date`, `Status`, `Approved_Date`, `Approved_by`, `PO_ID`, `Refund_Amount`, `Replacement_Quantity`, `Unit_Cost`, `Batch_Number`, `Expiry_Date`, `Return_Notes`, `Created_by`, `Created_at`, `Updated_at`, `Original_Stockin_ID`, `Is_Replacement_Received`) VALUES
(3, 1, 8, 2, 'Damaged', 'Refund', 76.00, '2025-08-30', 'Completed', '2025-08-30 15:38:38', 1, 45, 76.00, 0, 38.00, NULL, NULL, 'Auto-processed during stock-in - damaged items', 1, '2025-08-30 07:38:38', '2025-08-30 07:38:38', NULL, 0),
(4, 5, 8, 3, 'Damaged', 'Replace', 114.00, '2025-08-30', 'Completed', '2025-08-30 15:43:32', 1, 46, 0.00, 3, 38.00, '9', '2027-07-30', 'Auto-processed during stock-in - damaged items', 1, '2025-08-30 07:43:32', '2025-08-30 07:43:32', NULL, 0),
(16, 4, 3, 5, 'Damaged', 'Replace', 750.00, '2025-08-30', 'Completed', '2025-08-30 17:52:49', 1, 47, 0.00, 5, 150.00, '9', '2027-12-30', 'Auto-processed during stock-in - damaged items', 1, '2025-08-30 09:52:49', '2025-08-30 09:52:49', NULL, 0),
(17, 5, 8, 3, 'Damaged', 'Replace', 114.00, '2025-08-30', 'Completed', '2025-08-30 20:20:47', 1, 48, 0.00, 3, 38.00, NULL, NULL, 'Auto-processed during stock-in - damaged items', 1, '2025-08-30 12:20:47', '2025-08-30 12:20:47', NULL, 0),
(18, 1, 3, 2, 'Damaged', 'Replace', 300.00, '2025-08-30', 'Completed', '2025-08-30 20:36:03', 1, 49, 0.00, 2, 150.00, '9', '2027-08-30', 'Auto-processed during stock-in - damaged items', 1, '2025-08-30 12:36:03', '2025-08-30 12:36:03', NULL, 0),
(28, 1, 3, 2, 'Damaged', 'Replace', 300.00, '2025-08-30', 'Completed', NULL, NULL, 49, 0.00, 2, 150.00, '9', '2027-12-30', NULL, 1, '2025-08-30 13:05:06', '2025-08-30 13:31:49', NULL, 0),
(29, 3, 1, 2, 'Damaged', 'Replace', 90.00, '2025-08-30', 'Completed', '2025-08-30 21:36:30', 1, 50, 0.00, 2, 45.00, '9', NULL, 'Auto-processed during stock-in - damaged items', 1, '2025-08-30 13:36:30', '2025-08-30 13:36:30', NULL, 0),
(30, 3, 1, 2, 'Expired', 'Replace', 90.00, '2025-08-30', 'Rejected', '2025-08-30 21:37:51', NULL, 50, 0.00, 2, 45.00, '9', '2027-12-30', NULL, 1, '2025-08-30 13:37:31', '2025-08-30 13:37:51', NULL, 0),
(31, 3, 1, 2, 'Expired', 'Replace', 90.00, '2025-08-30', 'Completed', NULL, NULL, 50, 0.00, 2, 45.00, '9', '2027-12-30', NULL, 1, '2025-08-30 13:39:19', '2025-08-30 13:39:54', NULL, 0),
(32, 4, 1, 2, 'Expired', 'Refund', 90.00, '2025-08-31', 'Completed', '2025-08-31 16:04:17', 1, 51, 90.00, 0, 45.00, '9', '2027-07-31', 'Auto-processed during stock-in - expired items', 1, '2025-08-31 08:04:17', '2025-08-31 08:04:17', NULL, 0),
(33, 5, 3, 2, 'Expired', 'Refund', 300.00, '2025-08-31', 'Completed', NULL, NULL, 52, 0.00, 0, 150.00, '10', '2027-12-31', 'Auto-created during enhanced receiving. Issue: Expired', 1, '2025-08-31 08:36:42', '2025-08-31 08:36:42', NULL, 0),
(34, 5, 3, 2, 'Expired', 'Replace', 300.00, '2025-08-31', 'Completed', NULL, NULL, 52, 0.00, 0, 150.00, '10', '2028-12-31', NULL, 1, '2025-08-31 08:38:03', '2025-08-31 08:51:03', NULL, 0),
(35, 4, 73, 5, 'Damaged', 'Replace', 325.00, '2025-09-02', 'Completed', '2025-09-02 20:29:40', 1, 108, 0.00, 5, 65.00, NULL, '2029-12-02', 'Auto-processed during stock-in - damaged items', 1, '2025-09-02 12:29:40', '2025-09-02 12:29:40', NULL, 0),
(36, 4, 73, 5, 'Wrong_item', 'Replace', 325.00, '2025-09-02', 'Completed', NULL, NULL, 108, 0.00, 5, 65.00, NULL, '2027-12-02', NULL, 1, '2025-09-02 12:32:25', '2025-09-02 12:38:31', NULL, 0),
(37, 6, 104, 3, 'Damaged', 'Replace', 75.00, '2025-09-13', 'Completed', '2025-09-13 14:44:21', 1, 145, 0.00, 3, 25.00, NULL, NULL, 'Auto-processed during stock-in - damaged items', 1, '2025-09-13 06:44:21', '2025-09-13 06:44:21', NULL, 0),
(38, 6, 104, 2, 'Expired', 'Refund', 50.00, '2025-09-13', 'Completed', '2025-09-13 14:44:21', 1, 145, 50.00, 0, 25.00, NULL, NULL, 'Auto-processed during stock-in - expired items', 1, '2025-09-13 06:44:21', '2025-09-13 06:44:21', NULL, 0),
(39, 6, 104, 3, 'Damaged', 'Replace', 75.00, '2025-09-13', 'Completed', '2025-09-13 14:44:39', 1, 145, 0.00, 3, 25.00, NULL, NULL, 'Auto-processed during stock-in - damaged items', 1, '2025-09-13 06:44:39', '2025-09-13 06:44:39', NULL, 0),
(40, 6, 104, 2, 'Expired', 'Refund', 50.00, '2025-09-13', 'Completed', '2025-09-13 14:44:39', 1, 145, 50.00, 0, 25.00, NULL, NULL, 'Auto-processed during stock-in - expired items', 1, '2025-09-13 06:44:39', '2025-09-13 06:44:39', NULL, 0),
(41, 1, 104, 3, 'Damaged', 'Replace', 75.00, '2025-09-13', 'Completed', '2025-09-13 15:03:11', 1, 145, 0.00, 3, 25.00, '', '0000-00-00', 'Auto-processed during stock-in - damaged items', 1, '2025-09-13 07:03:11', '2025-09-13 07:03:11', NULL, 0),
(42, 1, 104, 2, 'Expired', 'Replace', 50.00, '2025-09-13', 'Completed', '2025-09-13 15:03:11', 1, 145, 0.00, 2, 25.00, '', '0000-00-00', 'Auto-processed during stock-in - expired items', 1, '2025-09-13 07:03:11', '2025-09-13 07:03:11', NULL, 0),
(43, 2, 93, 1, 'Damaged', 'Refund', 50.00, '2025-09-13', 'Completed', '2025-09-13 15:12:39', 1, 141, 50.00, 0, 50.00, NULL, NULL, 'Auto-processed during stock-in - damaged items', 1, '2025-09-13 07:12:39', '2025-09-13 07:12:39', NULL, 0),
(44, 1, 94, 1, 'Expired', 'Refund', 55.00, '2025-09-13', 'Completed', '2025-09-13 15:12:39', 1, 141, 55.00, 0, 55.00, NULL, NULL, 'Auto-processed during stock-in - expired items', 1, '2025-09-13 07:12:39', '2025-09-13 07:12:39', NULL, 0),
(45, 0, 4, 1, 'Damaged', 'Refund', 70.00, '2025-09-13', 'Completed', '2025-09-13 15:17:35', 1, 140, 70.00, 0, 70.00, NULL, NULL, 'Auto-processed during stock-in - damaged items', 1, '2025-09-13 07:17:35', '2025-09-13 07:17:35', NULL, 0),
(46, 2, 95, 1, 'Damaged', 'Refund', 120.00, '2025-09-13', 'Completed', '2025-09-13 15:37:03', NULL, 134, 120.00, 0, 120.00, NULL, NULL, 'Auto-processed during stock-in - damaged items', 4, '2025-09-13 07:37:03', '2025-09-13 07:37:03', NULL, 0),
(47, 6, 97, 1, 'Damaged', 'Refund', 89.00, '2025-09-13', 'Completed', '2025-09-13 16:53:48', NULL, 133, 89.00, 0, 89.00, NULL, NULL, 'Auto-processed during stock-in - damaged items', 4, '2025-09-13 08:53:48', '2025-09-13 08:53:48', NULL, 0),
(48, 3, 100, 1, 'Expired', 'Refund', 34.00, '2025-09-13', 'Completed', '2025-09-13 16:53:48', NULL, 133, 34.00, 0, 34.00, NULL, NULL, 'Auto-processed during stock-in - expired items', 4, '2025-09-13 08:53:48', '2025-09-13 08:53:48', NULL, 0),
(49, 3, 89, 1, 'Damaged', 'Refund', 80.00, '2025-09-13', 'Completed', NULL, NULL, 132, 80.00, 0, 80.00, NULL, NULL, 'Auto-processed during stock-in - damaged items', 4, '2025-09-13 08:57:00', '2025-09-14 09:37:25', NULL, 0),
(50, 2, 91, 1, 'Expired', 'Refund', 100.00, '2025-09-13', 'Completed', NULL, NULL, 132, 100.00, 0, 100.00, NULL, NULL, 'Auto-processed during stock-in - expired items', 4, '2025-09-13 08:57:00', '2025-09-13 08:57:44', NULL, 0),
(51, 2, 102, 1, 'Damaged', 'Replace', 120.00, '2025-09-13', 'Rejected', '2025-09-14 15:56:10', NULL, 131, 0.00, 1, 120.00, NULL, NULL, 'Auto-processed during stock-in - damaged items', 4, '2025-09-13 09:09:52', '2025-09-14 07:56:10', NULL, 0),
(52, 2, 103, 1, 'Damaged', 'Replace', 40.00, '2025-09-13', 'Completed', NULL, NULL, 131, 0.00, 1, 40.00, NULL, NULL, 'Auto-processed during stock-in - damaged items', 4, '2025-09-13 09:09:52', '2025-09-14 14:30:05', NULL, 0),
(53, 2, 103, 1, 'Damaged', 'Replace', 40.00, '2025-09-13', 'Completed', NULL, NULL, 146, 0.00, 1, 40.00, NULL, NULL, 'Auto-processed during stock-in - damaged items', 4, '2025-09-13 09:38:51', '2025-09-14 14:29:56', NULL, 0),
(56, 8, 109, 20, 'Damaged', 'Replace', 500.00, '2025-09-14', 'Completed', NULL, NULL, 149, 0.00, 0, 25.00, NULL, NULL, 'Auto-processed during stock-in - damaged items', 4, '2025-09-14 13:45:02', '2025-09-14 14:23:48', NULL, 0),
(57, 8, 109, 20, 'Wrong_item', 'Replace', 500.00, '2025-09-14', 'Completed', NULL, NULL, 149, 0.00, 0, 25.00, NULL, NULL, 'Auto-processed during stock-in - wrong_item items', 4, '2025-09-14 13:45:02', '2025-09-14 14:07:45', NULL, 0),
(58, 2, 103, 5, 'Damaged', 'Refund', 200.00, '2025-09-14', 'Completed', NULL, NULL, 162, 0.00, 0, 40.00, NULL, NULL, 'Auto-processed during stock-in - damaged items', 4, '2025-09-14 14:41:37', '2025-09-14 15:32:33', NULL, 0),
(59, 6, 104, 15, 'Expired', 'Refund', 375.00, '2025-09-14', 'Completed', NULL, NULL, 161, 0.00, 0, 25.00, NULL, NULL, 'Auto-processed during stock-in - expired items', 4, '2025-09-14 14:50:43', '2025-09-14 15:00:26', NULL, 0),
(60, 5, 108, 10, 'Expired', 'Replace', 300.00, '2025-09-14', 'Completed', NULL, NULL, 163, 0.00, 0, 30.00, NULL, NULL, 'Auto-processed during stock-in - expired items', 4, '2025-09-14 15:00:01', '2025-09-14 15:31:35', NULL, 0),
(61, 5, 108, 10, 'Damaged', 'Refund', 300.00, '2025-09-14', 'Completed', NULL, NULL, 165, 0.00, 0, 30.00, NULL, NULL, 'Auto-processed during stock-in - damaged items', 4, '2025-09-14 15:45:23', '2025-09-14 16:06:13', NULL, 0),
(62, 5, 108, 5, 'Expired', 'Refund', 150.00, '2025-09-14', 'Completed', NULL, NULL, 165, 0.00, 0, 30.00, NULL, NULL, 'Auto-processed during stock-in - expired items', 4, '2025-09-14 15:45:23', '2025-09-14 16:01:38', NULL, 0),
(63, 6, 105, 5, 'Expired', 'Replace', 400.00, '2025-09-14', 'Completed', NULL, NULL, 166, 0.00, 0, 80.00, NULL, NULL, 'Auto-processed during stock-in - expired items', 4, '2025-09-14 15:46:58', '2025-09-14 16:01:26', NULL, 1),
(64, 5, 108, 5, 'Damaged', 'Replace', 150.00, '2025-09-15', 'Completed', NULL, NULL, 171, 0.00, 0, 30.00, NULL, NULL, 'Auto-processed during stock-in - damaged items', 3, '2025-09-14 18:41:16', '2025-09-14 18:45:36', NULL, 0),
(65, 5, 108, 10, 'Damaged', 'Replace', 300.00, '2025-09-15', 'Completed', NULL, NULL, 173, 0.00, 0, 30.00, NULL, NULL, 'Auto-processed during stock-in - damaged items', 4, '2025-09-14 18:47:42', '2025-09-14 19:50:14', NULL, 0),
(66, 5, 108, 10, 'Wrong_item', 'Replace', 300.00, '2025-09-15', 'Completed', NULL, NULL, 173, 0.00, 0, 30.00, NULL, NULL, 'Auto-processed during stock-in - wrong_item items', 4, '2025-09-14 18:47:42', '2025-09-14 18:53:51', NULL, 0),
(67, 8, 109, 5, 'Damaged', 'Refund', 125.00, '2025-09-15', 'Completed', NULL, NULL, 175, 0.00, 0, 25.00, NULL, NULL, 'Auto-processed during stock-in - damaged items', 4, '2025-09-14 18:56:30', '2025-09-14 19:27:26', NULL, 0),
(68, 5, 108, 1, 'Damaged', 'Replace', 30.00, '2025-09-15', 'Processing', NULL, NULL, 177, 0.00, 0, 30.00, NULL, NULL, 'Auto-processed during stock-in - damaged items', 4, '2025-09-14 19:58:18', '2025-09-14 19:58:52', NULL, 0),
(69, 5, 108, 2, 'Damaged', 'Refund', 60.00, '2025-09-15', 'Processing', NULL, NULL, 179, 0.00, 0, 30.00, NULL, NULL, 'Auto-processed during stock-in - damaged items', 4, '2025-09-14 20:00:41', '2025-09-14 20:00:55', NULL, 0),
(70, 6, 105, 5, 'Damaged', 'Replace', 400.00, '2025-09-15', 'Pending', NULL, NULL, 180, 0.00, 0, 80.00, NULL, NULL, 'Auto-processed during stock-in - damaged items', 3, '2025-09-14 20:01:41', '2025-09-14 20:01:41', NULL, 0),
(71, 6, 105, 2, 'Damaged', 'Replace', 160.00, '2025-09-15', 'Processing', NULL, NULL, 181, 0.00, 0, 80.00, NULL, NULL, 'Auto-processed during stock-in - damaged items', 4, '2025-09-14 20:03:49', '2025-09-14 20:04:59', NULL, 0),
(72, 1, 110, 5, 'Damaged', 'Refund', 400.00, '2025-09-19', 'Rejected', '2025-09-19 02:59:25', NULL, 184, 0.00, 0, 80.00, NULL, NULL, 'Auto-processed during stock-in - damaged items', 4, '2025-09-18 18:57:51', '2025-09-18 18:59:25', NULL, 0),
(73, 1, 110, 5, 'Wrong_item', 'Refund', 400.00, '2025-09-19', 'Rejected', '2025-09-19 02:59:29', NULL, 184, 0.00, 0, 80.00, NULL, NULL, 'Auto-processed during stock-in - wrong_item items', 4, '2025-09-18 18:57:51', '2025-09-18 18:59:29', NULL, 0),
(74, 1, 110, 5, 'Damaged', 'Refund', 400.00, '2025-09-19', 'Rejected', '2025-09-19 02:59:36', NULL, 184, 0.00, 0, 80.00, NULL, NULL, 'Auto-processed during stock-in - damaged items', 4, '2025-09-18 18:58:47', '2025-09-18 18:59:36', NULL, 0),
(75, 1, 110, 5, 'Wrong_item', 'Refund', 400.00, '2025-09-19', 'Pending', NULL, NULL, 184, 0.00, 0, 80.00, NULL, NULL, 'Auto-processed during stock-in - wrong_item items', 4, '2025-09-18 18:58:47', '2025-09-18 18:58:47', NULL, 0),
(76, 8, 109, 5, 'Damaged', 'Replace', 125.00, '2025-09-19', 'Completed', NULL, NULL, 183, 0.00, 0, 25.00, NULL, NULL, 'Auto-processed during stock-in - damaged items', 4, '2025-09-19 10:44:41', '2025-09-19 10:46:40', NULL, 0),
(77, 8, 109, 5, 'Wrong_item', 'Replace', 125.00, '2025-09-19', 'Completed', NULL, NULL, 183, 0.00, 0, 25.00, NULL, NULL, 'Auto-processed during stock-in - wrong_item items', 4, '2025-09-19 10:44:41', '2025-09-19 10:46:37', NULL, 0);

-- --------------------------------------------------------

--
-- Table structure for table `terminal`
--

CREATE TABLE `terminal` (
  `Terminal_ID` int(11) NOT NULL,
  `Name` varchar(100) NOT NULL,
  `Location` text DEFAULT NULL,
  `Status` enum('online','offline','maintenance') DEFAULT 'online',
  `Current_User_ID` int(11) DEFAULT NULL,
  `Notes` text DEFAULT NULL,
  `Created_Date` timestamp NULL DEFAULT current_timestamp(),
  `Last_Activity` timestamp NULL DEFAULT current_timestamp() ON UPDATE current_timestamp()
) ENGINE=InnoDB DEFAULT CHARSET=utf8mb4 COLLATE=utf8mb4_general_ci;

--
-- Dumping data for table `terminal`
--

INSERT INTO `terminal` (`Terminal_ID`, `Name`, `Location`, `Status`, `Current_User_ID`, `Notes`, `Created_Date`, `Last_Activity`) VALUES
(1, ' Terminal 1', 'Counter 1', 'online', NULL, '', '2025-09-04 18:03:21', '2025-09-23 06:24:40'),
(2, 'Terminal 2', 'Counter 2', 'online', 1, '', '2025-09-04 18:03:21', '2025-09-13 11:47:10'),
(3, 'Terminal 3', 'Counter 3 Left Side', 'online', NULL, '', '2025-09-04 18:03:21', '2025-09-11 18:41:25');

-- --------------------------------------------------------

--
-- Table structure for table `users`
--

CREATE TABLE `users` (
  `User_ID` int(11) NOT NULL,
  `User_name` varchar(100) DEFAULT NULL,
  `Password` varchar(255) DEFAULT NULL,
  `Role_ID` int(11) DEFAULT NULL,
  `Status` varchar(50) DEFAULT NULL
) ENGINE=InnoDB DEFAULT CHARSET=utf8mb4 COLLATE=utf8mb4_general_ci;

--
-- Dumping data for table `users`
--

INSERT INTO `users` (`User_ID`, `User_name`, `Password`, `Role_ID`, `Status`) VALUES
(1, 'admin', '$2y$10$xr.XmJMqYhfZAvMmT10wGeTH.gFqriYWC6ePNQelIQQcXuQS1GDhi', 1, 'active'),
(2, 'admin', '$2y$10$CXqr0ApaHI9ibHiZMQgS2OmVpe6CJmEuo4CrZrgzvt.0DOA9Dnx9G', 1, 'inactive'),
(3, 'manager1', '$2y$10$nzuFxVg8xKWwFS66I2TMCuW9S0v/tf56nWPCxs5VVH.zhaEiAH5O6', 2, 'active'),
(4, 'clerkgwapings', '$2y$10$5y989oWByzCSZutCn8Oi/eaGDMWX/1q8acsviONvs2mhQ46FgkToe', 3, 'active'),
(5, 'staff1', '$2y$10$W8BurPYUrwOOgGegIBxXgOotJm2S5s0WhYvcznkwrc8S9AIlG0fli', 4, 'active'),
(6, 'cashier1', '$2y$10$h3c7EAReNFhbf0VF1ZmYOu/TN52kZJ2/rWFougJiDOxa5AV7WgabS', 5, 'active'),
(7, 'cashier2', '$2y$10$TqocvXMXvilIe3WV67uZUuzcsA.QGArLODHayAITNspCB3OvWYb76', 5, 'active'),
(8, 'cashier12', '$2y$10$DS/gCurn2bpXyZXxL1gJbOh16QFZn1U85U7JrcMGz3R5egjcO4Z6y', 5, 'active'),
(9, 'staff', '$2y$10$k6lqbR14QmusOruG03RmkuCgNCK4rDNGO4/.dj0wR1Ro0kGis4fLK', 4, 'active'),
(10, 'shai cashier', '$2y$10$nYtqVcxBFoV9XOexk0K3NuoFp.km8C/U/XFp9ppmmzui8ExXYLMBG', 5, 'active'),
(11, 'Tarik12', '$2y$10$yE76MfymGvkJE5zWrlf89uBTwwsQOa03wKoRuoRzdQEV/qRn.ITPq', 2, 'deleted'),
(12, 'Tarik14', '$2y$10$PM49XBr2m835kLrmivqVa.kBUApja.4g1eRTrZ8EeLYUKY9XkfGhO', 4, 'deleted');

-- --------------------------------------------------------

--
-- Table structure for table `user_sessions`
--

CREATE TABLE `user_sessions` (
  `Session_ID` varchar(128) NOT NULL,
  `User_ID` int(11) NOT NULL,
  `Created_at` datetime NOT NULL DEFAULT current_timestamp(),
  `Last_seen` datetime NOT NULL DEFAULT current_timestamp(),
  `User_Agent` text DEFAULT NULL,
  `Ip_Address` varchar(64) DEFAULT NULL
) ENGINE=InnoDB DEFAULT CHARSET=utf8mb4 COLLATE=utf8mb4_general_ci;

--
-- Dumping data for table `user_sessions`
--

INSERT INTO `user_sessions` (`Session_ID`, `User_ID`, `Created_at`, `Last_seen`, `User_Agent`, `Ip_Address`) VALUES
('0bthmjolfpu57mmlghsghu0p8i', 1, '2025-09-12 01:04:36', '2025-09-12 01:04:36', 'Mozilla/5.0 (Windows NT 10.0; Win64; x64) AppleWebKit/537.36 (KHTML, like Gecko) Chrome/140.0.0.0 Safari/537.36 Edg/140.0.0.0', '::1'),
('0ohe09bub8pdj3abhmq7dih3l8', 3, '2025-09-12 02:21:49', '2025-09-12 02:21:49', 'Mozilla/5.0 (Windows NT 10.0; Win64; x64) AppleWebKit/537.36 (KHTML, like Gecko) Chrome/140.0.0.0 Safari/537.36', '::1'),
('0ra4lq6gam61ilth5gve08l06u', 1, '2025-09-07 00:30:40', '2025-09-07 00:30:40', 'Mozilla/5.0 (Windows NT 10.0; Win64; x64) AppleWebKit/537.36 (KHTML, like Gecko) Chrome/140.0.0.0 Safari/537.36', '::1'),
('27abjrmvs4749a6e7hv7n60j0k', 1, '2025-09-09 15:09:54', '2025-09-09 15:09:54', 'Mozilla/5.0 (Windows NT 10.0; Win64; x64) AppleWebKit/537.36 (KHTML, like Gecko) Chrome/140.0.0.0 Safari/537.36', '::1'),
('2d78tfatv3ekr5unkvkliujj7k', 6, '2025-09-11 21:46:01', '2025-09-11 21:46:01', 'Mozilla/5.0 (Windows NT 10.0; Win64; x64) AppleWebKit/537.36 (KHTML, like Gecko) Chrome/140.0.0.0 Safari/537.36', '::1'),
('3m531p691n1d2097889nlja4mu', 3, '2025-09-06 18:49:38', '2025-09-06 18:49:38', 'Mozilla/5.0 (Windows NT 10.0; Win64; x64) AppleWebKit/537.36 (KHTML, like Gecko) Chrome/140.0.0.0 Safari/537.36', '::1'),
('46ff56m5u7tomp5k7sl9u2had2', 6, '2025-09-05 17:18:18', '2025-09-05 17:18:18', 'Mozilla/5.0 (Windows NT 10.0; Win64; x64) AppleWebKit/537.36 (KHTML, like Gecko) Chrome/140.0.0.0 Safari/537.36', '::1'),
('4oomfcit0qg2d6hli839j9tshh', 3, '2025-09-05 11:34:56', '2025-09-05 11:34:56', 'Mozilla/5.0 (Windows NT 10.0; Win64; x64) AppleWebKit/537.36 (KHTML, like Gecko) Chrome/140.0.0.0 Safari/537.36', '::1'),
('5p15j54hs0a19njrosj4bnmb2v', 7, '2025-09-07 18:24:32', '2025-09-07 18:24:32', 'Mozilla/5.0 (Windows NT 10.0; Win64; x64) AppleWebKit/537.36 (KHTML, like Gecko) Chrome/140.0.0.0 Safari/537.36', '::1'),
('5vf5e2ce41hool7cubeabtl427', 6, '2025-09-05 17:19:05', '2025-09-05 17:19:05', 'Mozilla/5.0 (Windows NT 10.0; Win64; x64) AppleWebKit/537.36 (KHTML, like Gecko) Chrome/140.0.0.0 Safari/537.36', '::1'),
('61l02r76jd5eik60tjf18ksiml', 3, '2025-09-09 17:58:51', '2025-09-09 17:58:51', 'Mozilla/5.0 (Windows NT 10.0; Win64; x64) AppleWebKit/537.36 (KHTML, like Gecko) Chrome/140.0.0.0 Safari/537.36', '::1'),
('64op8cj0pss711ju1n9sdhnjb6', 3, '2025-09-09 12:27:18', '2025-09-09 12:27:18', 'Mozilla/5.0 (Windows NT 10.0; Win64; x64) AppleWebKit/537.36 (KHTML, like Gecko) Chrome/140.0.0.0 Safari/537.36', '::1'),
('68laf282p16tfamfpoj31erhmf', 1, '2025-09-10 13:35:01', '2025-09-10 13:35:01', 'Mozilla/5.0 (Windows NT 10.0; Win64; x64) AppleWebKit/537.36 (KHTML, like Gecko) Chrome/140.0.0.0 Safari/537.36', '::1'),
('72enlqejid7fe1bv7hpmnv0i7t', 3, '2025-09-05 17:44:09', '2025-09-05 17:44:09', 'Mozilla/5.0 (Windows NT 10.0; Win64; x64) AppleWebKit/537.36 (KHTML, like Gecko) Chrome/140.0.0.0 Safari/537.36', '::1'),
('72evoir4s9uld137spe7rbe6is', 1, '2025-09-07 00:39:04', '2025-09-07 00:39:04', 'Mozilla/5.0 (Windows NT 10.0; Win64; x64) AppleWebKit/537.36 (KHTML, like Gecko) Chrome/140.0.0.0 Safari/537.36', '::1'),
('7rsjm79jf9ta51rjqte48cj4mq', 1, '2025-09-07 17:38:16', '2025-09-07 17:38:16', 'Mozilla/5.0 (Windows NT 10.0; Win64; x64) AppleWebKit/537.36 (KHTML, like Gecko) Chrome/140.0.0.0 Safari/537.36', '::1'),
('816499dmgk4rcdb5otrebkna7r', 3, '2025-09-07 16:31:10', '2025-09-07 16:31:10', 'Mozilla/5.0 (Windows NT 10.0; Win64; x64) AppleWebKit/537.36 (KHTML, like Gecko) Chrome/140.0.0.0 Safari/537.36', '::1'),
('83mueseud7sa7qiseu70v1l396', 6, '2025-09-09 15:01:42', '2025-09-09 15:01:42', 'Mozilla/5.0 (Windows NT 10.0; Win64; x64) AppleWebKit/537.36 (KHTML, like Gecko) Chrome/140.0.0.0 Safari/537.36', '::1'),
('8jhkghjtuukp450nev397glfp9', 3, '2025-09-09 19:59:23', '2025-09-09 19:59:23', 'Mozilla/5.0 (Windows NT 10.0; Win64; x64) AppleWebKit/537.36 (KHTML, like Gecko) Chrome/140.0.0.0 Safari/537.36', '::1'),
('93iet5sudd8ikbag7b312tqbk7', 3, '2025-09-05 17:43:58', '2025-09-05 17:43:58', 'Mozilla/5.0 (Windows NT 10.0; Win64; x64) AppleWebKit/537.36 (KHTML, like Gecko) Chrome/140.0.0.0 Safari/537.36', '::1'),
('9o43jfhgraaq5db8nbern3620j', 3, '2025-09-09 20:14:41', '2025-09-09 20:14:41', 'Mozilla/5.0 (Windows NT 10.0; Win64; x64) AppleWebKit/537.36 (KHTML, like Gecko) Chrome/140.0.0.0 Safari/537.36', '::1'),
('akj4hgt52rkmr0vj39beni1gou', 3, '2025-09-12 00:15:10', '2025-09-12 00:15:10', 'Mozilla/5.0 (Windows NT 10.0; Win64; x64) AppleWebKit/537.36 (KHTML, like Gecko) Chrome/140.0.0.0 Safari/537.36', '::1'),
('at9ugg8v8scrjlr9v2upakul45', 6, '2025-09-12 04:34:35', '2025-09-12 04:34:35', 'Mozilla/5.0 (Windows NT 10.0; Win64; x64) AppleWebKit/537.36 (KHTML, like Gecko) Chrome/140.0.0.0 Safari/537.36', '::1'),
('bb0bqnjggiij58loeoigqk53hu', 6, '2025-09-05 17:18:57', '2025-09-05 17:18:57', 'Mozilla/5.0 (Windows NT 10.0; Win64; x64) AppleWebKit/537.36 (KHTML, like Gecko) Chrome/140.0.0.0 Safari/537.36', '::1'),
('be6m695co2qul79kgn97bd3d9a', 8, '2025-09-05 15:49:47', '2025-09-05 15:49:47', 'Mozilla/5.0 (Windows NT 10.0; Win64; x64) AppleWebKit/537.36 (KHTML, like Gecko) Chrome/140.0.0.0 Safari/537.36', '::1'),
('bno6t22cb9i9i5nejur4646s0c', 3, '2025-09-09 17:58:55', '2025-09-09 17:58:55', 'Mozilla/5.0 (Windows NT 10.0; Win64; x64) AppleWebKit/537.36 (KHTML, like Gecko) Chrome/140.0.0.0 Safari/537.36', '::1'),
('bsifd83oaem07516jrfpv0ri0k', 8, '2025-09-05 15:49:51', '2025-09-05 15:49:51', 'Mozilla/5.0 (Windows NT 10.0; Win64; x64) AppleWebKit/537.36 (KHTML, like Gecko) Chrome/140.0.0.0 Safari/537.36', '::1'),
('c0e56h3ekrcd7n96jg5j8rvvss', 6, '2025-09-05 17:21:24', '2025-09-05 17:21:24', 'Mozilla/5.0 (Windows NT 10.0; Win64; x64) AppleWebKit/537.36 (KHTML, like Gecko) Chrome/140.0.0.0 Safari/537.36', '::1'),
('c45kkgsqnkced6q0olci91n9s5', 1, '2025-09-09 17:58:15', '2025-09-09 17:58:15', 'Mozilla/5.0 (Windows NT 10.0; Win64; x64) AppleWebKit/537.36 (KHTML, like Gecko) Chrome/140.0.0.0 Safari/537.36', '::1'),
('cbgh7i5q0bmg21rd8jhj5sblnt', 3, '2025-09-07 00:59:35', '2025-09-07 00:59:35', 'Mozilla/5.0 (Windows NT 10.0; Win64; x64) AppleWebKit/537.36 (KHTML, like Gecko) Chrome/140.0.0.0 Safari/537.36', '::1'),
('dhoanvpunv24enmhniv85nkl0f', 3, '2025-09-09 20:28:24', '2025-09-09 20:28:24', 'Mozilla/5.0 (Windows NT 10.0; Win64; x64) AppleWebKit/537.36 (KHTML, like Gecko) Chrome/140.0.0.0 Safari/537.36', '::1'),
('dqtdj1fv69v16a43ntp3uo0rl2', 3, '2025-09-10 13:38:21', '2025-09-10 13:38:21', 'Mozilla/5.0 (Windows NT 10.0; Win64; x64) AppleWebKit/537.36 (KHTML, like Gecko) Chrome/140.0.0.0 Safari/537.36', '::1'),
('e4n9bfr750mqlumlm40fpcl2r9', 6, '2025-09-09 16:50:10', '2025-09-09 16:50:10', 'Mozilla/5.0 (Windows NT 10.0; Win64; x64) AppleWebKit/537.36 (KHTML, like Gecko) Chrome/140.0.0.0 Safari/537.36', '::1'),
('e8rd7vrk87lj6aje7u7nlrndd3', 1, '2025-09-09 14:43:19', '2025-09-09 14:43:19', 'Mozilla/5.0 (Windows NT 10.0; Win64; x64) AppleWebKit/537.36 (KHTML, like Gecko) Chrome/140.0.0.0 Safari/537.36', '::1'),
('eesrdncbdalht4bg16fsvs5h8k', 8, '2025-09-12 04:32:09', '2025-09-12 04:32:09', 'Mozilla/5.0 (Windows NT 10.0; Win64; x64) AppleWebKit/537.36 (KHTML, like Gecko) Chrome/140.0.0.0 Safari/537.36', '::1'),
('eq38ofgnk8vcvqed6e3e0urn99', 3, '2025-09-07 02:24:32', '2025-09-07 02:24:32', 'Mozilla/5.0 (Windows NT 10.0; Win64; x64) AppleWebKit/537.36 (KHTML, like Gecko) Chrome/140.0.0.0 Safari/537.36', '::1'),
('f4t4otd8lqunfhffacuekio3jg', 6, '2025-09-10 17:51:29', '2025-09-10 17:51:29', 'Mozilla/5.0 (Windows NT 10.0; Win64; x64) AppleWebKit/537.36 (KHTML, like Gecko) Chrome/140.0.0.0 Safari/537.36', '::1'),
('fbg9nhjdmc2pu470cqoajura8v', 3, '2025-09-07 02:24:28', '2025-09-07 02:24:28', 'Mozilla/5.0 (Windows NT 10.0; Win64; x64) AppleWebKit/537.36 (KHTML, like Gecko) Chrome/140.0.0.0 Safari/537.36', '::1'),
('fiadr189okg203bsu8cfkb57ed', 1, '2025-09-07 00:59:51', '2025-09-07 00:59:51', 'Mozilla/5.0 (Windows NT 10.0; Win64; x64) AppleWebKit/537.36 (KHTML, like Gecko) Chrome/140.0.0.0 Safari/537.36', '::1'),
('frb4uimlj0p8n9srqcoum427oh', 7, '2025-09-07 18:24:25', '2025-09-07 18:24:25', 'Mozilla/5.0 (Windows NT 10.0; Win64; x64) AppleWebKit/537.36 (KHTML, like Gecko) Chrome/140.0.0.0 Safari/537.36', '::1'),
('frfksjc92a3fgqthp00505f0b8', 3, '2025-09-07 00:59:39', '2025-09-07 00:59:39', 'Mozilla/5.0 (Windows NT 10.0; Win64; x64) AppleWebKit/537.36 (KHTML, like Gecko) Chrome/140.0.0.0 Safari/537.36', '::1'),
('g480lnkakr0sjrtlmbdaun0gv7', 3, '2025-09-11 22:14:23', '2025-09-11 22:14:23', 'Mozilla/5.0 (Windows NT 10.0; Win64; x64) AppleWebKit/537.36 (KHTML, like Gecko) Chrome/140.0.0.0 Safari/537.36', '::1'),
('g5h0epmvf3pjl6of9e68ric8fa', 1, '2025-09-10 17:52:55', '2025-09-10 17:52:55', 'Mozilla/5.0 (Windows NT 10.0; Win64; x64) AppleWebKit/537.36 (KHTML, like Gecko) Chrome/140.0.0.0 Safari/537.36', '::1'),
('g6k51ti6gobabc7d6vkijj9auh', 8, '2025-09-12 02:39:50', '2025-09-12 02:39:50', 'Mozilla/5.0 (Windows NT 10.0; Win64; x64) AppleWebKit/537.36 (KHTML, like Gecko) Chrome/140.0.0.0 Safari/537.36', '::1'),
('g85iqk3bfn8oh2gtvifugb5ihn', 1, '2025-09-05 11:38:31', '2025-09-05 11:38:31', 'Mozilla/5.0 (Windows NT 10.0; Win64; x64) AppleWebKit/537.36 (KHTML, like Gecko) Chrome/140.0.0.0 Safari/537.36', '::1'),
('ggs5h658fdscsiriia4mfjmljq', 3, '2025-09-09 19:59:26', '2025-09-09 19:59:26', 'Mozilla/5.0 (Windows NT 10.0; Win64; x64) AppleWebKit/537.36 (KHTML, like Gecko) Chrome/140.0.0.0 Safari/537.36', '::1'),
('gv7rv3ti68b9c5ihacvg9nvllh', 1, '2025-09-12 00:12:37', '2025-09-12 00:12:37', 'Mozilla/5.0 (Windows NT 10.0; Win64; x64) AppleWebKit/537.36 (KHTML, like Gecko) Chrome/140.0.0.0 Safari/537.36', '::1'),
('imvv80gmf8luhq7fma3bi529tq', 3, '2025-09-12 00:15:06', '2025-09-12 00:15:06', 'Mozilla/5.0 (Windows NT 10.0; Win64; x64) AppleWebKit/537.36 (KHTML, like Gecko) Chrome/140.0.0.0 Safari/537.36', '::1'),
('j9qpecmb3v5p8e0jjc2r0i1che', 1, '2025-09-09 12:23:36', '2025-09-09 12:23:36', 'Mozilla/5.0 (Windows NT 10.0; Win64; x64) AppleWebKit/537.36 (KHTML, like Gecko) Chrome/140.0.0.0 Safari/537.36', '::1'),
('jejrfhkn820rg3rski9ce124gr', 1, '2025-09-10 17:17:27', '2025-09-10 17:17:27', 'Mozilla/5.0 (Windows NT 10.0; Win64; x64) AppleWebKit/537.36 (KHTML, like Gecko) Chrome/140.0.0.0 Safari/537.36', '::1'),
('jk02ndh1nog8j5ieac138aifs6', 1, '2025-09-08 01:25:11', '2025-09-08 01:25:11', 'Mozilla/5.0 (Windows NT 10.0; Win64; x64) AppleWebKit/537.36 (KHTML, like Gecko) Chrome/140.0.0.0 Safari/537.36', '::1'),
('k6154evomfmal721tpsrqomk65', 1, '2025-09-07 17:27:37', '2025-09-07 17:27:37', 'Mozilla/5.0 (Windows NT 10.0; Win64; x64) AppleWebKit/537.36 (KHTML, like Gecko) Chrome/140.0.0.0 Safari/537.36', '::1'),
('l268bofa7c71lhckrjmmukv09c', 3, '2025-09-05 11:35:14', '2025-09-05 11:35:14', 'Mozilla/5.0 (Windows NT 10.0; Win64; x64) AppleWebKit/537.36 (KHTML, like Gecko) Chrome/140.0.0.0 Safari/537.36', '::1'),
('lfe92ojjpve4946148m7kl8p4d', 7, '2025-09-07 18:27:08', '2025-09-07 18:27:08', 'Mozilla/5.0 (Windows NT 10.0; Win64; x64) AppleWebKit/537.36 (KHTML, like Gecko) Chrome/140.0.0.0 Safari/537.36', '::1'),
('mkn672atbf5rvt2ftj3oee088j', 7, '2025-09-07 18:26:55', '2025-09-07 18:26:55', 'Mozilla/5.0 (Windows NT 10.0; Win64; x64) AppleWebKit/537.36 (KHTML, like Gecko) Chrome/140.0.0.0 Safari/537.36', '::1'),
('ons85hf6nqlj2d3tos1n2mg0ui', 1, '2025-09-09 20:15:48', '2025-09-09 20:15:48', 'Mozilla/5.0 (Windows NT 10.0; Win64; x64) AppleWebKit/537.36 (KHTML, like Gecko) Chrome/140.0.0.0 Safari/537.36', '::1'),
('os38jeot39q9ua43is1al8h51h', 7, '2025-09-11 22:15:11', '2025-09-11 22:15:11', 'Mozilla/5.0 (Windows NT 10.0; Win64; x64) AppleWebKit/537.36 (KHTML, like Gecko) Chrome/140.0.0.0 Safari/537.36', '::1'),
('p0v6jcdea8t9jg0jf20i20ver5', 1, '2025-09-09 15:09:51', '2025-09-09 15:09:51', 'Mozilla/5.0 (Windows NT 10.0; Win64; x64) AppleWebKit/537.36 (KHTML, like Gecko) Chrome/140.0.0.0 Safari/537.36', '::1'),
('qdef4oh9q8c7asiu1aecu6hius', 8, '2025-09-12 02:03:30', '2025-09-12 02:03:30', 'Mozilla/5.0 (Windows NT 10.0; Win64; x64) AppleWebKit/537.36 (KHTML, like Gecko) Chrome/140.0.0.0 Safari/537.36', '::1'),
('ql61o6r3decfb5n7hd6cijsblb', 3, '2025-09-05 11:46:41', '2025-09-05 11:46:41', 'Mozilla/5.0 (Windows NT 10.0; Win64; x64) AppleWebKit/537.36 (KHTML, like Gecko) Chrome/140.0.0.0 Safari/537.36', '::1'),
('r0u9fcel0o5bfsu504qlsc6rae', 1, '2025-09-12 02:05:39', '2025-09-12 02:05:39', 'Mozilla/5.0 (Windows NT 10.0; Win64; x64) AppleWebKit/537.36 (KHTML, like Gecko) Chrome/140.0.0.0 Safari/537.36', '::1'),
('r7n3s405f46rhfot7m1e4sh7gc', 8, '2025-09-12 03:29:05', '2025-09-12 03:29:05', 'Mozilla/5.0 (Windows NT 10.0; Win64; x64) AppleWebKit/537.36 (KHTML, like Gecko) Chrome/140.0.0.0 Safari/537.36', '::1'),
('rirvbdtour3dhv8posb7sio8n6', 1, '2025-09-05 11:38:36', '2025-09-05 11:38:36', 'Mozilla/5.0 (Windows NT 10.0; Win64; x64) AppleWebKit/537.36 (KHTML, like Gecko) Chrome/140.0.0.0 Safari/537.36', '::1'),
('sm5ha85ef1l8d8mosjai4ls50t', 1, '2025-09-06 18:51:06', '2025-09-06 18:51:06', 'Mozilla/5.0 (Windows NT 10.0; Win64; x64) AppleWebKit/537.36 (KHTML, like Gecko) Chrome/140.0.0.0 Safari/537.36', '::1'),
('t1rni463dcsstv1k7l8n01tbib', 3, '2025-09-05 11:38:17', '2025-09-05 11:38:17', 'Mozilla/5.0 (Windows NT 10.0; Win64; x64) AppleWebKit/537.36 (KHTML, like Gecko) Chrome/140.0.0.0 Safari/537.36', '::1'),
('tb338uq5879c08vbnof1j00der', 3, '2025-09-09 14:43:09', '2025-09-09 14:43:09', 'Mozilla/5.0 (Windows NT 10.0; Win64; x64) AppleWebKit/537.36 (KHTML, like Gecko) Chrome/140.0.0.0 Safari/537.36', '::1'),
('vac4dvsdfbh5qk0blko6ae041j', 7, '2025-09-07 18:26:35', '2025-09-07 18:26:35', 'Mozilla/5.0 (Windows NT 10.0; Win64; x64) AppleWebKit/537.36 (KHTML, like Gecko) Chrome/140.0.0.0 Safari/537.36', '::1'),
('ve9664eu5kmpqd06jn0cojikao', 3, '2025-09-10 17:31:32', '2025-09-10 17:31:32', 'Mozilla/5.0 (Windows NT 10.0; Win64; x64) AppleWebKit/537.36 (KHTML, like Gecko) Chrome/140.0.0.0 Safari/537.36', '::1'),
('vhc50h3p5erstvl67vi081ltpm', 6, '2025-09-05 17:18:33', '2025-09-05 17:18:33', 'Mozilla/5.0 (Windows NT 10.0; Win64; x64) AppleWebKit/537.36 (KHTML, like Gecko) Chrome/140.0.0.0 Safari/537.36', '::1'),
('0iu3hf17dvqatpkpg3nssf4k5l', 3, '2025-09-12 15:59:36', '2025-09-12 15:59:36', 'Mozilla/5.0 (Windows NT 10.0; Win64; x64) AppleWebKit/537.36 (KHTML, like Gecko) Chrome/139.0.0.0 Safari/537.36', '::1'),
('3rqki066dck7cu73dndfk1ddst', 6, '2025-09-12 16:40:48', '2025-09-12 16:40:48', 'Mozilla/5.0 (Windows NT 10.0; Win64; x64) AppleWebKit/537.36 (KHTML, like Gecko) Chrome/139.0.0.0 Safari/537.36', '::1'),
('fo34bdsovm1sj2akm8m282k5mp', 3, '2025-09-12 16:44:03', '2025-09-12 16:44:03', 'Mozilla/5.0 (Windows NT 10.0; Win64; x64) AppleWebKit/537.36 (KHTML, like Gecko) Chrome/139.0.0.0 Safari/537.36', '::1'),
('hdtq23qsdjcridn7elbqp9vncv', 6, '2025-09-12 17:17:09', '2025-09-12 17:17:09', 'Mozilla/5.0 (Windows NT 10.0; Win64; x64) AppleWebKit/537.36 (KHTML, like Gecko) Chrome/139.0.0.0 Safari/537.36', '::1'),
('tko77fjduakmg5flu416ph4enm', 3, '2025-09-12 17:18:02', '2025-09-12 17:18:02', 'Mozilla/5.0 (Windows NT 10.0; Win64; x64) AppleWebKit/537.36 (KHTML, like Gecko) Chrome/139.0.0.0 Safari/537.36', '::1'),
('af1oo8jrjqcgrhnsj2imhtfi8k', 6, '2025-09-12 18:12:59', '2025-09-12 18:12:59', 'Mozilla/5.0 (Windows NT 10.0; Win64; x64) AppleWebKit/537.36 (KHTML, like Gecko) Chrome/139.0.0.0 Safari/537.36', '::1'),
('tjhffv1m7j17sfkc8hem6uaug7', 1, '2025-09-12 18:45:07', '2025-09-12 18:45:07', 'Mozilla/5.0 (Windows NT 10.0; Win64; x64) AppleWebKit/537.36 (KHTML, like Gecko) Chrome/139.0.0.0 Safari/537.36', '::1'),
('esvf7hsm4i68er9s1eb83qqp4n', 3, '2025-09-12 18:47:25', '2025-09-12 18:47:25', 'Mozilla/5.0 (Windows NT 10.0; Win64; x64) AppleWebKit/537.36 (KHTML, like Gecko) Chrome/139.0.0.0 Safari/537.36', '::1'),
('oeb3c5spgem6cdi85pfi8nfmku', 6, '2025-09-12 19:22:39', '2025-09-12 19:22:39', 'Mozilla/5.0 (Windows NT 10.0; Win64; x64) AppleWebKit/537.36 (KHTML, like Gecko) Chrome/139.0.0.0 Safari/537.36', '::1'),
('epdquptpp5g36oh6ftmbo644ip', 7, '2025-09-12 23:42:53', '2025-09-12 23:42:53', 'Mozilla/5.0 (Windows NT 10.0; Win64; x64) AppleWebKit/537.36 (KHTML, like Gecko) Chrome/139.0.0.0 Safari/537.36', '::1'),
('em244ni1r0tp60hjqh87chjcnp', 3, '2025-09-13 00:20:27', '2025-09-13 00:20:27', 'Mozilla/5.0 (Windows NT 10.0; Win64; x64) AppleWebKit/537.36 (KHTML, like Gecko) Chrome/139.0.0.0 Safari/537.36', '::1'),
('er4pdqk877hhqu327kcv1qrqlf', 7, '2025-09-13 00:24:39', '2025-09-13 00:24:39', 'Mozilla/5.0 (Windows NT 10.0; Win64; x64) AppleWebKit/537.36 (KHTML, like Gecko) Chrome/139.0.0.0 Safari/537.36', '::1'),
('pegd7ek4n0c8dmifec8t1bj6ap', 7, '2025-09-13 00:24:41', '2025-09-13 00:24:41', 'Mozilla/5.0 (Windows NT 10.0; Win64; x64) AppleWebKit/537.36 (KHTML, like Gecko) Chrome/139.0.0.0 Safari/537.36', '::1'),
('i8k291qvntd3pplinohdjb935k', 1, '2025-09-13 03:05:37', '2025-09-13 03:05:37', 'Mozilla/5.0 (Windows NT 10.0; Win64; x64) AppleWebKit/537.36 (KHTML, like Gecko) Chrome/139.0.0.0 Safari/537.36', '::1'),
('n7icnljmh8cpvnapcke9kcgalv', 1, '2025-09-13 03:06:34', '2025-09-13 03:06:34', 'Mozilla/5.0 (Windows NT 10.0; Win64; x64) AppleWebKit/537.36 (KHTML, like Gecko) Chrome/139.0.0.0 Safari/537.36', '::1'),
('kbq8ss4oaq3b016qta4n04jlbu', 3, '2025-09-13 03:59:11', '2025-09-13 03:59:11', 'Mozilla/5.0 (Windows NT 10.0; Win64; x64) AppleWebKit/537.36 (KHTML, like Gecko) Chrome/139.0.0.0 Safari/537.36', '::1'),
('191ltl2g3otuuknr34bbvnrdkm', 3, '2025-09-13 03:59:14', '2025-09-13 03:59:14', 'Mozilla/5.0 (Windows NT 10.0; Win64; x64) AppleWebKit/537.36 (KHTML, like Gecko) Chrome/139.0.0.0 Safari/537.36', '::1'),
('untjb75mbi377fvb7s1iaofbh7', 3, '2025-09-13 04:03:54', '2025-09-13 04:03:54', 'Mozilla/5.0 (Windows NT 10.0; Win64; x64) AppleWebKit/537.36 (KHTML, like Gecko) Chrome/139.0.0.0 Safari/537.36', '::1'),
('kndnd046ncgl9mgfs0nna11i3v', 3, '2025-09-13 04:04:52', '2025-09-13 04:04:52', 'Mozilla/5.0 (Windows NT 10.0; Win64; x64) AppleWebKit/537.36 (KHTML, like Gecko) Chrome/139.0.0.0 Safari/537.36', '::1'),
('nh86eimtoffonksa6calb5ji7l', 3, '2025-09-13 13:51:10', '2025-09-13 13:51:10', 'Mozilla/5.0 (Windows NT 10.0; Win64; x64) AppleWebKit/537.36 (KHTML, like Gecko) Chrome/140.0.0.0 Safari/537.36', '::1'),
('gu6cjrjr2qd47rldj2gevu2egh', 3, '2025-09-13 13:51:10', '2025-09-13 13:51:10', 'Mozilla/5.0 (Windows NT 10.0; Win64; x64) AppleWebKit/537.36 (KHTML, like Gecko) Chrome/140.0.0.0 Safari/537.36', '::1'),
('d0fqbi20j5f3qbe899slp442b4', 8, '2025-09-13 13:53:47', '2025-09-13 13:53:47', 'Mozilla/5.0 (Windows NT 10.0; Win64; x64) AppleWebKit/537.36 (KHTML, like Gecko) Chrome/140.0.0.0 Safari/537.36', '::1'),
('13d3dtc52ddvcai8gj833pb8c1', 1, '2025-09-13 17:41:01', '2025-09-13 17:41:01', 'Mozilla/5.0 (Windows NT 10.0; Win64; x64) AppleWebKit/537.36 (KHTML, like Gecko) Chrome/140.0.0.0 Safari/537.36', '::1'),
('g0qdgu52o3fcqgujd1d1vd4quq', 1, '2025-09-13 17:41:07', '2025-09-13 17:41:07', 'Mozilla/5.0 (Windows NT 10.0; Win64; x64) AppleWebKit/537.36 (KHTML, like Gecko) Chrome/140.0.0.0 Safari/537.36', '::1'),
('f3evc5qbttrrbei01srdddje29', 3, '2025-09-13 17:57:56', '2025-09-13 17:57:56', 'Mozilla/5.0 (Windows NT 10.0; Win64; x64) AppleWebKit/537.36 (KHTML, like Gecko) Chrome/140.0.0.0 Safari/537.36', '::1'),
('0buk9ivnrql1rs93t16vetotv3', 3, '2025-09-13 17:59:45', '2025-09-13 17:59:45', 'Mozilla/5.0 (Windows NT 10.0; Win64; x64) AppleWebKit/537.36 (KHTML, like Gecko) Chrome/140.0.0.0 Safari/537.36', '::1'),
('j2akg5ua4ddaeq79qo68vc6vnv', 1, '2025-09-13 19:40:49', '2025-09-13 19:40:49', 'Mozilla/5.0 (Windows NT 10.0; Win64; x64) AppleWebKit/537.36 (KHTML, like Gecko) Chrome/140.0.0.0 Safari/537.36', '::1'),
('i7ja2h0d0m8v6csi1aooutppv3', 1, '2025-09-13 19:47:15', '2025-09-13 19:47:15', 'Mozilla/5.0 (Windows NT 10.0; Win64; x64) AppleWebKit/537.36 (KHTML, like Gecko) Chrome/140.0.0.0 Safari/537.36', '::1'),
('ckpq3m8jrg8f8gdt51e33ih3al', 1, '2025-09-13 20:26:53', '2025-09-13 20:26:53', 'Mozilla/5.0 (Windows NT 10.0; Win64; x64) AppleWebKit/537.36 (KHTML, like Gecko) Chrome/140.0.0.0 Safari/537.36', '::1'),
('1ehhc08j1ps8rmg1lseamr7i7t', 3, '2025-09-14 00:35:51', '2025-09-14 00:35:51', 'Mozilla/5.0 (Windows NT 10.0; Win64; x64) AppleWebKit/537.36 (KHTML, like Gecko) Chrome/140.0.0.0 Safari/537.36', '::1'),
('4o7b0fa9u6fd9u7cpps5ujf2bo', 3, '2025-09-14 01:19:28', '2025-09-14 01:19:28', 'Mozilla/5.0 (Windows NT 10.0; Win64; x64) AppleWebKit/537.36 (KHTML, like Gecko) Chrome/140.0.0.0 Safari/537.36', '::1'),
('ddp97vg015einucnh9n3t5imsb', 1, '2025-09-14 01:50:58', '2025-09-14 01:50:58', 'Mozilla/5.0 (Windows NT 10.0; Win64; x64) AppleWebKit/537.36 (KHTML, like Gecko) Chrome/140.0.0.0 Safari/537.36', '::1'),
('vnmmttank7isuq80dgeg9fue7a', 1, '2025-09-14 01:51:00', '2025-09-14 01:51:00', 'Mozilla/5.0 (Windows NT 10.0; Win64; x64) AppleWebKit/537.36 (KHTML, like Gecko) Chrome/140.0.0.0 Safari/537.36', '::1'),
('j65ok1j1e6i7vrj9utaiu5t8b0', 1, '2025-09-14 01:52:09', '2025-09-14 01:52:09', 'Mozilla/5.0 (Windows NT 10.0; Win64; x64) AppleWebKit/537.36 (KHTML, like Gecko) Chrome/140.0.0.0 Safari/537.36', '::1'),
('ij44c8mr20ehrnbco9eprue5iv', 3, '2025-09-14 02:24:24', '2025-09-14 02:24:24', 'Mozilla/5.0 (Windows NT 10.0; Win64; x64) AppleWebKit/537.36 (KHTML, like Gecko) Chrome/140.0.0.0 Safari/537.36', '::1'),
('af3lucqv0itr5ig2blp9nh093p', 3, '2025-09-14 02:50:14', '2025-09-14 02:50:14', 'Mozilla/5.0 (Windows NT 10.0; Win64; x64) AppleWebKit/537.36 (KHTML, like Gecko) Chrome/140.0.0.0 Safari/537.36', '::1'),
('f5cnhva9oq1ir80dfukd4imjk4', 3, '2025-09-14 02:50:38', '2025-09-14 02:50:38', 'Mozilla/5.0 (Windows NT 10.0; Win64; x64) AppleWebKit/537.36 (KHTML, like Gecko) Chrome/140.0.0.0 Safari/537.36', '::1'),
('f7pfgsrbi2gqrn6a05k2g5objs', 3, '2025-09-14 02:59:50', '2025-09-14 02:59:50', 'Mozilla/5.0 (Windows NT 10.0; Win64; x64) AppleWebKit/537.36 (KHTML, like Gecko) Chrome/140.0.0.0 Safari/537.36', '::1'),
('jlgsid7irsta3j6v5a4u0cp2pa', 3, '2025-09-14 04:13:41', '2025-09-14 04:13:41', 'Mozilla/5.0 (Windows NT 10.0; Win64; x64) AppleWebKit/537.36 (KHTML, like Gecko) Chrome/140.0.0.0 Safari/537.36', '::1'),
('qdt9dr2nusquo366t18sd64kue', 3, '2025-09-14 04:23:36', '2025-09-14 04:23:36', 'Mozilla/5.0 (Windows NT 10.0; Win64; x64) AppleWebKit/537.36 (KHTML, like Gecko) Chrome/140.0.0.0 Safari/537.36', '::1'),
('8ssmbddk8sqaa0ssneadpkrfuq', 3, '2025-09-14 15:16:23', '2025-09-14 15:16:23', 'Mozilla/5.0 (Windows NT 10.0; Win64; x64) AppleWebKit/537.36 (KHTML, like Gecko) Chrome/140.0.0.0 Safari/537.36', '::1'),
('0q8l1mjb2h4buflpicjss8gvee', 3, '2025-09-14 15:26:04', '2025-09-14 15:26:04', 'Mozilla/5.0 (Windows NT 10.0; Win64; x64) AppleWebKit/537.36 (KHTML, like Gecko) Chrome/140.0.0.0 Safari/537.36', '::1'),
('muq7oo36qa8phs2ahvpd5qej3c', 3, '2025-09-14 15:31:18', '2025-09-14 15:31:18', 'Mozilla/5.0 (Windows NT 10.0; Win64; x64) AppleWebKit/537.36 (KHTML, like Gecko) Chrome/140.0.0.0 Safari/537.36', '::1'),
('m1plvk79ulcipuq0ocj6v9c7bf', 3, '2025-09-14 16:28:27', '2025-09-14 16:28:27', 'Mozilla/5.0 (Windows NT 10.0; Win64; x64) AppleWebKit/537.36 (KHTML, like Gecko) Chrome/140.0.0.0 Safari/537.36', '::1'),
('1c0cuqcss3hfop64vusku8g8h4', 3, '2025-09-14 21:57:02', '2025-09-14 21:57:02', 'Mozilla/5.0 (Windows NT 10.0; Win64; x64) AppleWebKit/537.36 (KHTML, like Gecko) Chrome/140.0.0.0 Safari/537.36', '::1'),
('i5vpq4kcl366rplqv524l1u5cd', 3, '2025-09-14 22:43:44', '2025-09-14 22:43:44', 'Mozilla/5.0 (Windows NT 10.0; Win64; x64) AppleWebKit/537.36 (KHTML, like Gecko) Chrome/140.0.0.0 Safari/537.36', '::1'),
('scoqjumu1orlejdvr7cc8hpar4', 3, '2025-09-14 22:49:28', '2025-09-14 22:49:28', 'Mozilla/5.0 (Windows NT 10.0; Win64; x64) AppleWebKit/537.36 (KHTML, like Gecko) Chrome/140.0.0.0 Safari/537.36', '::1'),
('3mq56drge583bio6rsr66fgdur', 3, '2025-09-14 22:58:20', '2025-09-14 22:58:20', 'Mozilla/5.0 (Windows NT 10.0; Win64; x64) AppleWebKit/537.36 (KHTML, like Gecko) Chrome/140.0.0.0 Safari/537.36', '::1'),
('83n4ohnqdmggvugmmguc5d2365', 3, '2025-09-15 00:33:29', '2025-09-15 00:33:29', 'Mozilla/5.0 (Windows NT 10.0; Win64; x64) AppleWebKit/537.36 (KHTML, like Gecko) Chrome/140.0.0.0 Safari/537.36', '::1'),
('nh983bodm4i1adseo9sucvk3lo', 3, '2025-09-15 00:40:35', '2025-09-15 00:40:35', 'Mozilla/5.0 (Windows NT 10.0; Win64; x64) AppleWebKit/537.36 (KHTML, like Gecko) Chrome/140.0.0.0 Safari/537.36', '::1'),
('4ov20aonhgv8m74avk9hcabbra', 3, '2025-09-15 01:14:04', '2025-09-15 01:14:04', 'Mozilla/5.0 (Windows NT 10.0; Win64; x64) AppleWebKit/537.36 (KHTML, like Gecko) Chrome/140.0.0.0 Safari/537.36', '::1'),
('tkr4ck5lih8hb6q6tguejre2bp', 3, '2025-09-15 01:47:02', '2025-09-15 01:47:02', 'Mozilla/5.0 (Windows NT 10.0; Win64; x64) AppleWebKit/537.36 (KHTML, like Gecko) Chrome/140.0.0.0 Safari/537.36', '::1'),
('i8sng5sb3t4tf6mejut40ehjct', 3, '2025-09-15 02:17:46', '2025-09-15 02:17:46', 'Mozilla/5.0 (Windows NT 10.0; Win64; x64) AppleWebKit/537.36 (KHTML, like Gecko) Chrome/140.0.0.0 Safari/537.36', '::1'),
('v35f771u0rt0vumgh86icsq7qr', 3, '2025-09-16 23:51:10', '2025-09-16 23:51:10', 'Mozilla/5.0 (Windows NT 10.0; Win64; x64) AppleWebKit/537.36 (KHTML, like Gecko) Chrome/140.0.0.0 Safari/537.36', '::1'),
('kblu2c38o25bhonpm126rmuesp', 3, '2025-09-17 09:07:27', '2025-09-17 09:07:27', 'Mozilla/5.0 (Windows NT 10.0; Win64; x64) AppleWebKit/537.36 (KHTML, like Gecko) Chrome/140.0.0.0 Safari/537.36', '::1'),
('3gmtsqln8vbahdk8b3t3ptern4', 3, '2025-09-17 09:19:01', '2025-09-17 09:19:01', 'Mozilla/5.0 (Windows NT 10.0; Win64; x64) AppleWebKit/537.36 (KHTML, like Gecko) Chrome/140.0.0.0 Safari/537.36', '::1'),
('8k2ifgcu7gbecn0jolhssma8ar', 1, '2025-09-17 09:20:48', '2025-09-17 09:20:48', 'Mozilla/5.0 (Windows NT 10.0; Win64; x64) AppleWebKit/537.36 (KHTML, like Gecko) Chrome/140.0.0.0 Safari/537.36', '::1'),
('0qsp775kc270skchficu708k9p', 3, '2025-09-19 02:47:42', '2025-09-19 02:47:42', 'Mozilla/5.0 (Windows NT 10.0; Win64; x64) AppleWebKit/537.36 (KHTML, like Gecko) Chrome/140.0.0.0 Safari/537.36', '::1'),
('ebujulmneq75nc6ihrd3qcvrp8', 3, '2025-09-19 03:01:02', '2025-09-19 03:01:02', 'Mozilla/5.0 (Windows NT 10.0; Win64; x64) AppleWebKit/537.36 (KHTML, like Gecko) Chrome/140.0.0.0 Safari/537.36', '::1'),
('1eipj8n5m8bfs25ls5rumsj52e', 3, '2025-09-19 03:20:18', '2025-09-19 03:20:18', 'Mozilla/5.0 (Windows NT 10.0; Win64; x64) AppleWebKit/537.36 (KHTML, like Gecko) Chrome/140.0.0.0 Safari/537.36', '::1'),
('4hp4mij0pp8hl25o3vlik69m1q', 3, '2025-09-19 03:49:11', '2025-09-19 03:49:11', 'Mozilla/5.0 (Windows NT 10.0; Win64; x64) AppleWebKit/537.36 (KHTML, like Gecko) Chrome/140.0.0.0 Safari/537.36', '::1'),
('kd2n4mk6g7mv9chu8qvv6j6grr', 3, '2025-09-19 04:43:41', '2025-09-19 04:43:41', 'Mozilla/5.0 (Windows NT 10.0; Win64; x64) AppleWebKit/537.36 (KHTML, like Gecko) Chrome/140.0.0.0 Safari/537.36', '::1'),
('to8bdqteck5ur24kopne6j5tmn', 3, '2025-09-19 04:47:03', '2025-09-19 04:47:03', 'Mozilla/5.0 (Windows NT 10.0; Win64; x64) AppleWebKit/537.36 (KHTML, like Gecko) Chrome/140.0.0.0 Safari/537.36', '::1'),
('6p3h5066705f393mvbdp6rs2ut', 3, '2025-09-19 04:47:31', '2025-09-19 04:47:31', 'Mozilla/5.0 (Windows NT 10.0; Win64; x64) AppleWebKit/537.36 (KHTML, like Gecko) Chrome/140.0.0.0 Safari/537.36', '::1'),
('dkuulc166b5m51jadp7assgs8i', 3, '2025-09-19 18:06:14', '2025-09-19 18:06:14', 'Mozilla/5.0 (Windows NT 10.0; Win64; x64) AppleWebKit/537.36 (KHTML, like Gecko) Chrome/140.0.0.0 Safari/537.36', '::1'),
('cpr40nkg77j1oarvhf9v280mj7', 3, '2025-09-19 18:06:51', '2025-09-19 18:06:51', 'Mozilla/5.0 (Windows NT 10.0; Win64; x64) AppleWebKit/537.36 (KHTML, like Gecko) Chrome/140.0.0.0 Safari/537.36', '::1'),
('0j3cf0apmh9qj7951nn3geuace', 3, '2025-09-19 18:24:33', '2025-09-19 18:24:33', 'Mozilla/5.0 (Windows NT 10.0; Win64; x64) AppleWebKit/537.36 (KHTML, like Gecko) Chrome/140.0.0.0 Safari/537.36', '::1'),
('thnpr5allo6e5kljgasbdsi9r3', 3, '2025-09-19 18:24:44', '2025-09-19 18:24:44', 'Mozilla/5.0 (Windows NT 10.0; Win64; x64) AppleWebKit/537.36 (KHTML, like Gecko) Chrome/140.0.0.0 Safari/537.36', '::1'),
('0i6gvu387h9bc0k9uem3ile1lf', 3, '2025-09-19 18:41:45', '2025-09-19 18:41:45', 'Mozilla/5.0 (Windows NT 10.0; Win64; x64) AppleWebKit/537.36 (KHTML, like Gecko) Chrome/140.0.0.0 Safari/537.36', '::1'),
('47u1br41acesebl2kdvj4i098u', 3, '2025-09-19 18:55:34', '2025-09-19 18:55:34', 'Mozilla/5.0 (Windows NT 10.0; Win64; x64) AppleWebKit/537.36 (KHTML, like Gecko) Chrome/140.0.0.0 Safari/537.36', '::1'),
('o85g3sdeh31ksbres6op9l2bj9', 3, '2025-09-19 19:43:49', '2025-09-19 19:43:49', 'Mozilla/5.0 (Windows NT 10.0; Win64; x64) AppleWebKit/537.36 (KHTML, like Gecko) Chrome/140.0.0.0 Safari/537.36', '::1'),
('1t2qsskttmup1t9habv85d41f5', 3, '2025-09-19 19:51:29', '2025-09-19 19:51:29', 'Mozilla/5.0 (Windows NT 10.0; Win64; x64) AppleWebKit/537.36 (KHTML, like Gecko) Chrome/140.0.0.0 Safari/537.36', '::1'),
('5cuobsa88i3gtkqo3gtqlvaju8', 1, '2025-09-21 21:04:28', '2025-09-21 21:04:28', 'Mozilla/5.0 (Windows NT 10.0; Win64; x64) AppleWebKit/537.36 (KHTML, like Gecko) Chrome/140.0.0.0 Safari/537.36', '127.0.0.1'),
('59fcc477td7s541m4418p7kmlh', 3, '2025-09-21 21:05:40', '2025-09-21 21:05:40', 'Mozilla/5.0 (Windows NT 10.0; Win64; x64) AppleWebKit/537.36 (KHTML, like Gecko) Chrome/140.0.0.0 Safari/537.36', '::1'),
('qet6c969k4cqpc6bfmt78o4inj', 3, '2025-09-21 21:09:00', '2025-09-21 21:09:00', 'Mozilla/5.0 (Windows NT 10.0; Win64; x64) AppleWebKit/537.36 (KHTML, like Gecko) Chrome/140.0.0.0 Safari/537.36', '::1'),
('nb11ckqvj3b63e0esqli9t8m8a', 3, '2025-09-21 21:37:00', '2025-09-21 21:37:00', 'Mozilla/5.0 (Windows NT 10.0; Win64; x64) AppleWebKit/537.36 (KHTML, like Gecko) Chrome/140.0.0.0 Safari/537.36', '::1'),
('fb94l47q8vk28v4bsoc5c6droj', 3, '2025-09-21 21:44:18', '2025-09-21 21:44:18', 'Mozilla/5.0 (Windows NT 10.0; Win64; x64) AppleWebKit/537.36 (KHTML, like Gecko) Chrome/140.0.0.0 Safari/537.36', '::1'),
('3derdakp46s9r9ispuuf0vscu1', 1, '2025-09-21 22:56:53', '2025-09-21 22:56:53', 'Mozilla/5.0 (Windows NT 10.0; Win64; x64) AppleWebKit/537.36 (KHTML, like Gecko) Chrome/140.0.0.0 Safari/537.36', '::1'),
('i0464ep1a4g6er5h8hro1ftm07', 3, '2025-09-22 15:55:06', '2025-09-22 15:55:06', 'Mozilla/5.0 (Windows NT 10.0; Win64; x64) AppleWebKit/537.36 (KHTML, like Gecko) Chrome/140.0.0.0 Safari/537.36', '::1'),
('573vt3ngjniaicfalbt0a5h4lm', 4, '2025-09-22 16:20:27', '2025-09-22 16:20:27', 'Mozilla/5.0 (Windows NT 10.0; Win64; x64) AppleWebKit/537.36 (KHTML, like Gecko) Chrome/140.0.0.0 Safari/537.36', '::1'),
('knnn285ku0s7fv3far9mfsvtq0', 3, '2025-09-22 17:17:20', '2025-09-22 17:17:20', 'Mozilla/5.0 (Windows NT 10.0; Win64; x64) AppleWebKit/537.36 (KHTML, like Gecko) Chrome/140.0.0.0 Safari/537.36', '::1'),
('gl45qggo2916i76kip8td4liql', 3, '2025-09-22 17:24:27', '2025-09-22 17:24:27', 'Mozilla/5.0 (Windows NT 10.0; Win64; x64) AppleWebKit/537.36 (KHTML, like Gecko) Chrome/140.0.0.0 Safari/537.36', '::1'),
('o2f72kkofmgpjo38olbf73ku0j', 3, '2025-09-22 21:50:10', '2025-09-22 21:50:10', 'Mozilla/5.0 (Windows NT 10.0; Win64; x64) AppleWebKit/537.36 (KHTML, like Gecko) Chrome/140.0.0.0 Safari/537.36', '::1'),
('h0eiq1k0l3gudbgk3kf6uuuo4c', 6, '2025-09-22 21:51:10', '2025-09-22 21:51:10', 'Mozilla/5.0 (Windows NT 10.0; Win64; x64) AppleWebKit/537.36 (KHTML, like Gecko) Chrome/140.0.0.0 Safari/537.36', '::1'),
('q2nejgkv0j96o4qi4trpvbbbcr', 3, '2025-09-23 01:42:07', '2025-09-23 01:42:07', 'Mozilla/5.0 (Windows NT 10.0; Win64; x64) AppleWebKit/537.36 (KHTML, like Gecko) Chrome/140.0.0.0 Safari/537.36', '::1'),
('6ivs56eraumfpm3uf311b2sbga', 3, '2025-09-23 01:42:57', '2025-09-23 01:42:57', 'Mozilla/5.0 (Windows NT 10.0; Win64; x64) AppleWebKit/537.36 (KHTML, like Gecko) Chrome/140.0.0.0 Safari/537.36', '::1'),
('g69resav58q8frtfgcqc7os51a', 3, '2025-09-23 02:45:14', '2025-09-23 02:45:14', 'Mozilla/5.0 (Windows NT 10.0; Win64; x64) AppleWebKit/537.36 (KHTML, like Gecko) Chrome/140.0.0.0 Safari/537.36', '::1'),
('0oaoiroqustjcf4evucmh5ag3h', 3, '2025-09-23 09:19:34', '2025-09-23 09:19:34', 'Mozilla/5.0 (Windows NT 10.0; Win64; x64) AppleWebKit/537.36 (KHTML, like Gecko) Chrome/140.0.0.0 Safari/537.36', '::1'),
('thed80eqmjelfh5pp3v7e0uaos', 3, '2025-09-23 09:21:05', '2025-09-23 09:21:05', 'Mozilla/5.0 (Windows NT 10.0; Win64; x64) AppleWebKit/537.36 (KHTML, like Gecko) Chrome/140.0.0.0 Safari/537.36', '::1'),
('o3rpbdtms66g4rlj5v500bks1k', 3, '2025-09-23 11:00:10', '2025-09-23 11:00:10', 'Mozilla/5.0 (Windows NT 10.0; Win64; x64) AppleWebKit/537.36 (KHTML, like Gecko) Chrome/140.0.0.0 Safari/537.36', '::1'),
('2d66qad2sp8aa0ikb97f76bt8n', 3, '2025-09-23 11:01:45', '2025-09-23 11:01:45', 'Mozilla/5.0 (Windows NT 10.0; Win64; x64) AppleWebKit/537.36 (KHTML, like Gecko) Chrome/140.0.0.0 Safari/537.36', '::1'),
('6bmus3jr8tv35u63qj5j1s6k1d', 1, '2025-09-23 11:04:19', '2025-09-23 11:04:19', 'Mozilla/5.0 (Windows NT 10.0; Win64; x64) AppleWebKit/537.36 (KHTML, like Gecko) Chrome/140.0.0.0 Safari/537.36', '::1'),
('ck5lu31qvodfebmp247b1oa5b9', 1, '2025-09-23 11:08:36', '2025-09-23 11:08:36', 'Mozilla/5.0 (Windows NT 10.0; Win64; x64) AppleWebKit/537.36 (KHTML, like Gecko) Chrome/140.0.0.0 Safari/537.36', '::1'),
('4dm001pki8eim2ncmh5fsp88hh', 6, '2025-09-23 11:13:01', '2025-09-23 11:13:01', 'Mozilla/5.0 (Windows NT 10.0; Win64; x64) AppleWebKit/537.36 (KHTML, like Gecko) Chrome/140.0.0.0 Safari/537.36', '::1'),
('rh7e4f23trp66e9mvev4rfknbd', 3, '2025-09-23 12:55:34', '2025-09-23 12:55:34', 'Mozilla/5.0 (Windows NT 10.0; Win64; x64) AppleWebKit/537.36 (KHTML, like Gecko) Chrome/140.0.0.0 Safari/537.36', '::1'),
('jhahhsspsigtj7lrouc3jt2mdj', 3, '2025-09-23 13:17:40', '2025-09-23 13:17:40', 'Mozilla/5.0 (Windows NT 10.0; Win64; x64) AppleWebKit/537.36 (KHTML, like Gecko) Chrome/140.0.0.0 Safari/537.36', '::1'),
('hqcrgut0hahjg3em70tbcjstfh', 3, '2025-09-23 14:05:30', '2025-09-23 14:05:30', 'Mozilla/5.0 (Windows NT 10.0; Win64; x64) AppleWebKit/537.36 (KHTML, like Gecko) Chrome/140.0.0.0 Safari/537.36', '::1'),
('kdlk8v36af0bo6n4huup9pdihb', 1, '2025-09-23 14:22:04', '2025-09-23 14:22:04', 'Mozilla/5.0 (Windows NT 10.0; Win64; x64) AppleWebKit/537.36 (KHTML, like Gecko) Chrome/140.0.0.0 Safari/537.36', '::1'),
('bbno6gimj5b6ok9d4gbs7p0cb8', 6, '2025-09-23 14:23:53', '2025-09-23 14:23:53', 'Mozilla/5.0 (Windows NT 10.0; Win64; x64) AppleWebKit/537.36 (KHTML, like Gecko) Chrome/140.0.0.0 Safari/537.36', '::1'),
('9hslcr2j77dti204hnpo6rm0fq', 3, '2025-09-23 15:20:18', '2025-09-23 15:20:18', 'Mozilla/5.0 (Windows NT 10.0; Win64; x64) AppleWebKit/537.36 (KHTML, like Gecko) Chrome/140.0.0.0 Safari/537.36', '::1'),
('mcqa1v3vg953ok8l69n7r6dl8a', 3, '2025-09-23 15:28:06', '2025-09-23 15:28:06', 'Mozilla/5.0 (Windows NT 10.0; Win64; x64) AppleWebKit/537.36 (KHTML, like Gecko) Chrome/140.0.0.0 Safari/537.36', '::1');

--
-- Indexes for dumped tables
--

--
-- Indexes for table `activity_log`
--
ALTER TABLE `activity_log`
  ADD PRIMARY KEY (`Log_ID`);

--
-- Indexes for table `audit_log`
--
ALTER TABLE `audit_log`
  ADD PRIMARY KEY (`log_id`);

--
-- Indexes for table `category`
--
ALTER TABLE `category`
  ADD PRIMARY KEY (`Category_ID`);

--
-- Indexes for table `customer_return`
--
ALTER TABLE `customer_return`
  ADD PRIMARY KEY (`Return_ID`);

--
-- Indexes for table `damage_goods`
--
ALTER TABLE `damage_goods`
  ADD PRIMARY KEY (`DamageGoods_ID`);

--
-- Indexes for table `disposal_tag`
--
ALTER TABLE `disposal_tag`
  ADD PRIMARY KEY (`Disposal_ID`);

--
-- Indexes for table `inventory`
--
ALTER TABLE `inventory`
  ADD PRIMARY KEY (`Inventory_ID`);

--
-- Indexes for table `manual_adjustments`
--
ALTER TABLE `manual_adjustments`
  ADD PRIMARY KEY (`Adjustment_ID`);

--
-- Indexes for table `product`
--
ALTER TABLE `product`
  ADD PRIMARY KEY (`Product_ID`);

--
-- Indexes for table `purchase_order`
--
ALTER TABLE `purchase_order`
  ADD PRIMARY KEY (`PO_ID`);

--
-- Indexes for table `purchase_order_item`
--
ALTER TABLE `purchase_order_item`
  ADD PRIMARY KEY (`POItem_ID`);

--
-- Indexes for table `role`
--
ALTER TABLE `role`
  ADD PRIMARY KEY (`Role_ID`);

--
-- Indexes for table `sale`
--
ALTER TABLE `sale`
  ADD PRIMARY KEY (`Sale_ID`);

--
-- Indexes for table `sales_summary`
--
ALTER TABLE `sales_summary`
  ADD PRIMARY KEY (`Summary_ID`);

--
-- Indexes for table `sale_item`
--
ALTER TABLE `sale_item`
  ADD PRIMARY KEY (`SaleItem_ID`);

--
-- Indexes for table `stockin_inventory`
--
ALTER TABLE `stockin_inventory`
  ADD PRIMARY KEY (`Stockin_ID`);

--
-- Indexes for table `stock_movements`
--
ALTER TABLE `stock_movements`
  ADD PRIMARY KEY (`Transaction_ID`);

--
-- Indexes for table `supplier`
--
ALTER TABLE `supplier`
  ADD PRIMARY KEY (`Supplier_ID`);

--
-- Indexes for table `supplier_claim_queue`
--
ALTER TABLE `supplier_claim_queue`
  ADD PRIMARY KEY (`Claim_ID`);

--
-- Indexes for table `supplier_products`
--
ALTER TABLE `supplier_products`
  ADD PRIMARY KEY (`SupplierProduct_ID`);

--
-- Indexes for table `supplier_return`
--
ALTER TABLE `supplier_return`
  ADD PRIMARY KEY (`SupplierReturn_ID`);

--
-- Indexes for table `terminal`
--
ALTER TABLE `terminal`
  ADD PRIMARY KEY (`Terminal_ID`);

--
-- Indexes for table `users`
--
ALTER TABLE `users`
  ADD PRIMARY KEY (`User_ID`);

--
-- AUTO_INCREMENT for dumped tables
--

--
-- AUTO_INCREMENT for table `activity_log`
--
ALTER TABLE `activity_log`
  MODIFY `Log_ID` int(11) NOT NULL AUTO_INCREMENT, AUTO_INCREMENT=838;

--
-- AUTO_INCREMENT for table `audit_log`
--
ALTER TABLE `audit_log`
  MODIFY `log_id` int(11) NOT NULL AUTO_INCREMENT, AUTO_INCREMENT=339;

--
-- AUTO_INCREMENT for table `category`
--
ALTER TABLE `category`
  MODIFY `Category_ID` int(11) NOT NULL AUTO_INCREMENT, AUTO_INCREMENT=15;

--
-- AUTO_INCREMENT for table `customer_return`
--
ALTER TABLE `customer_return`
  MODIFY `Return_ID` int(11) NOT NULL AUTO_INCREMENT, AUTO_INCREMENT=85;

--
-- AUTO_INCREMENT for table `damage_goods`
--
ALTER TABLE `damage_goods`
  MODIFY `DamageGoods_ID` int(11) NOT NULL AUTO_INCREMENT, AUTO_INCREMENT=40;

--
-- AUTO_INCREMENT for table `disposal_tag`
--
ALTER TABLE `disposal_tag`
  MODIFY `Disposal_ID` int(11) NOT NULL AUTO_INCREMENT, AUTO_INCREMENT=31;

--
-- AUTO_INCREMENT for table `inventory`
--
ALTER TABLE `inventory`
  MODIFY `Inventory_ID` int(11) NOT NULL AUTO_INCREMENT, AUTO_INCREMENT=116;

--
-- AUTO_INCREMENT for table `manual_adjustments`
--
ALTER TABLE `manual_adjustments`
  MODIFY `Adjustment_ID` int(11) NOT NULL AUTO_INCREMENT, AUTO_INCREMENT=52;

--
-- AUTO_INCREMENT for table `product`
--
ALTER TABLE `product`
  MODIFY `Product_ID` int(11) NOT NULL AUTO_INCREMENT, AUTO_INCREMENT=111;

--
-- AUTO_INCREMENT for table `purchase_order`
--
ALTER TABLE `purchase_order`
  MODIFY `PO_ID` int(11) NOT NULL AUTO_INCREMENT, AUTO_INCREMENT=191;

--
-- AUTO_INCREMENT for table `purchase_order_item`
--
ALTER TABLE `purchase_order_item`
  MODIFY `POItem_ID` int(11) NOT NULL AUTO_INCREMENT, AUTO_INCREMENT=212;

--
-- AUTO_INCREMENT for table `role`
--
ALTER TABLE `role`
  MODIFY `Role_ID` int(11) NOT NULL AUTO_INCREMENT, AUTO_INCREMENT=6;

--
-- AUTO_INCREMENT for table `sale`
--
ALTER TABLE `sale`
  MODIFY `Sale_ID` int(11) NOT NULL AUTO_INCREMENT, AUTO_INCREMENT=147;

--
-- AUTO_INCREMENT for table `sales_summary`
--
ALTER TABLE `sales_summary`
  MODIFY `Summary_ID` int(11) NOT NULL AUTO_INCREMENT, AUTO_INCREMENT=6;

--
-- AUTO_INCREMENT for table `sale_item`
--
ALTER TABLE `sale_item`
  MODIFY `SaleItem_ID` int(11) NOT NULL AUTO_INCREMENT, AUTO_INCREMENT=183;

--
-- AUTO_INCREMENT for table `stockin_inventory`
--
ALTER TABLE `stockin_inventory`
  MODIFY `Stockin_ID` int(11) NOT NULL AUTO_INCREMENT, AUTO_INCREMENT=215;

--
-- AUTO_INCREMENT for table `stock_movements`
--
ALTER TABLE `stock_movements`
  MODIFY `Transaction_ID` int(11) NOT NULL AUTO_INCREMENT, AUTO_INCREMENT=732;

--
-- AUTO_INCREMENT for table `supplier`
--
ALTER TABLE `supplier`
  MODIFY `Supplier_ID` int(11) NOT NULL AUTO_INCREMENT, AUTO_INCREMENT=12;

--
-- AUTO_INCREMENT for table `supplier_claim_queue`
--
ALTER TABLE `supplier_claim_queue`
  MODIFY `Claim_ID` int(11) NOT NULL AUTO_INCREMENT, AUTO_INCREMENT=18;

--
-- AUTO_INCREMENT for table `supplier_products`
--
ALTER TABLE `supplier_products`
  MODIFY `SupplierProduct_ID` int(11) NOT NULL AUTO_INCREMENT;

--
-- AUTO_INCREMENT for table `supplier_return`
--
ALTER TABLE `supplier_return`
  MODIFY `SupplierReturn_ID` int(11) NOT NULL AUTO_INCREMENT, AUTO_INCREMENT=78;

--
-- AUTO_INCREMENT for table `terminal`
--
ALTER TABLE `terminal`
  MODIFY `Terminal_ID` int(11) NOT NULL AUTO_INCREMENT, AUTO_INCREMENT=4;

--
-- AUTO_INCREMENT for table `users`
--
ALTER TABLE `users`
  MODIFY `User_ID` int(11) NOT NULL AUTO_INCREMENT, AUTO_INCREMENT=13;
COMMIT;

/*!40101 SET CHARACTER_SET_CLIENT=@OLD_CHARACTER_SET_CLIENT */;
/*!40101 SET CHARACTER_SET_RESULTS=@OLD_CHARACTER_SET_RESULTS */;
/*!40101 SET COLLATION_CONNECTION=@OLD_COLLATION_CONNECTION */;
